date,nuclear_avg_gw,wind_avg_gw,solar_avg_gw,hydro_avg_gw,gas_avg_gw,thermal_avg_gw,storage_avg_gw,others_avg_gw,total_avg_gw
01/01/25,5.77,7.43,15.28,9.14,1.73,134.16,3.14,0.0,172.86
02/01/25,5.85,5.45,14.86,9.88,1.84,138.3,3.24,0.0,175.81
03/01/25,5.77,5.96,15.73,9.91,1.78,141.3,3.28,0.0,179.83
04/01/25,5.78,4.66,15.99,10.3,1.66,141.74,3.3,0.0,180.03
05/01/25,5.95,5.48,14.26,9.25,1.71,138.03,3.28,0.0,175.3
06/01/25,6.12,8.35,15.5,10.14,2.34,139.11,3.35,0.0,182.02
07/01/25,6.15,9.0,15.94,10.46,2.59,141.28,3.37,0.0,186.39
08/01/25,6.15,6.2,16.62,10.11,2.57,143.13,3.33,0.0,185.67
09/01/25,6.15,6.43,16.16,10.4,2.47,144.11,3.38,0.0,186.29
10/01/25,6.15,6.84,14.48,10.77,2.57,147.46,3.41,0.0,188.28
11/01/25,6.16,5.86,12.51,11.54,2.28,146.79,3.32,0.0,184.59
12/01/25,6.17,7.59,12.39,9.49,1.99,138.95,3.66,0.0,176.26
13/01/25,5.89,10.19,11.98,0.0,2.71,139.65,0.0,0.0,179.57
14/01/25,5.86,10.21,13.61,9.28,2.5,132.26,3.24,0.0,173.13
15/01/25,5.84,10.85,13.44,9.96,2.26,133.82,2.72,0.0,174.97
16/01/25,5.79,9.62,14.79,10.46,1.95,137.91,2.82,0.0,179.04
17/01/25,5.52,12.41,15.65,10.1,1.96,139.18,3.21,0.0,183.32
18/01/25,5.81,8.02,14.56,10.57,1.87,143.6,3.41,0.0,183.41
19/01/25,6.1,4.88,14.0,8.98,1.67,141.77,3.39,0.0,176.63
20/01/25,6.2,4.7,14.94,10.03,1.84,144.8,3.43,0.0,182.04
21/01/25,6.22,4.48,16.74,9.91,1.78,146.24,3.4,0.0,185.34
22/01/25,6.25,5.77,16.14,10.18,1.79,146.65,3.39,0.0,186.62
23/01/25,6.23,9.27,16.68,10.37,1.74,141.79,3.37,0.0,186.32
24/01/25,6.1,10.59,17.95,9.94,1.66,141.44,3.32,0.0,188.06
25/01/25,6.05,6.81,18.26,10.3,1.64,144.65,3.35,0.0,188.96
26/01/25,5.8,5.95,18.91,9.12,1.62,136.48,3.34,0.0,178.79
27/01/25,6.15,3.65,18.22,10.29,1.83,145.56,3.36,0.0,186.71
28/01/25,6.18,2.99,17.33,11.23,1.92,148.74,3.35,0.0,191.64
29/01/25,6.18,4.88,17.65,11.09,1.96,150.85,3.38,0.0,192.98
30/01/25,6.1,4.5,16.42,11.03,1.93,152.26,3.37,0.0,192.73
31/01/25,6.01,4.47,16.03,11.84,2.29,152.81,3.36,0.0,193.7
01/02/25,5.91,4.4,16.64,10.53,2.14,151.28,3.33,0.0,190.64
02/02/25,5.89,5.62,18.23,9.51,1.82,143.8,3.32,0.0,183.83
03/02/25,5.89,4.77,17.51,10.78,2.06,149.84,3.33,0.0,189.93
04/02/25,5.88,5.9,18.59,11.06,1.95,150.16,3.3,0.0,193.06
05/02/25,5.91,5.99,18.69,0.0,2.06,150.04,0.0,0.0,193.69
06/02/25,5.94,11.17,19.03,0.0,2.17,147.13,0.0,0.0,194.05
07/02/25,5.97,10.29,18.82,10.33,2.07,148.59,3.27,0.0,195.09
08/02/25,5.9,6.48,18.54,11.0,2.06,151.18,3.24,0.0,194.69
09/02/25,5.9,4.83,18.26,9.86,2.05,147.62,3.27,0.0,188.36
10/02/25,5.82,4.07,17.54,11.42,2.32,153.39,3.26,0.0,194.1
11/02/25,5.89,5.32,18.91,11.34,2.46,153.56,3.33,0.0,196.51
12/02/25,5.92,4.37,18.7,11.26,2.44,155.3,3.31,0.0,197.14
13/02/25,5.94,3.41,19.24,11.24,2.64,154.5,3.39,0.0,196.13
14/02/25,5.97,3.16,18.9,11.26,2.45,155.33,3.41,0.0,196.27
15/02/25,5.59,6.92,19.53,10.14,2.34,151.45,3.28,0.0,195.17
16/02/25,5.32,6.22,18.54,9.5,2.18,147.48,3.22,0.0,188.84
17/02/25,5.14,4.77,19.24,11.19,2.53,153.82,3.3,0.0,195.63
18/02/25,5.3,4.3,18.67,11.47,2.66,157.31,3.23,0.0,198.26
19/02/25,5.31,4.84,16.6,12.06,2.75,158.48,3.15,0.0,198.47
20/02/25,5.26,4.57,18.86,10.96,2.43,153.31,3.07,0.0,194.06
21/02/25,5.37,4.67,18.55,10.78,2.35,156.54,3.08,0.0,196.64
22/02/25,5.44,3.63,19.38,10.99,2.17,155.99,3.06,0.0,196.06
23/02/25,5.48,3.98,19.72,9.08,1.93,149.52,3.0,0.0,188.04
24/02/25,5.69,6.49,19.08,9.22,2.48,151.45,3.01,0.0,193.74
25/02/25,5.98,7.04,15.5,9.65,2.61,157.19,2.96,0.0,196.88
26/02/25,5.87,7.62,16.7,9.54,2.0,154.47,2.9,0.0,195.2
27/02/25,5.95,7.51,15.04,10.35,2.4,154.93,2.86,0.0,194.86
28/02/25,6.07,8.6,16.51,12.52,2.21,151.67,2.85,0.0,196.51
01/03/25,6.11,7.29,18.47,13.01,2.16,146.44,2.79,0.0,192.9
02/03/25,6.12,5.08,19.79,10.65,1.94,143.8,2.81,0.0,186.52
03/03/25,6.13,5.97,19.39,12.79,1.8,149.95,2.75,0.0,194.86
04/03/25,6.07,10.28,20.19,12.11,1.78,148.97,2.69,0.0,199.06
05/03/25,5.99,8.68,20.81,11.64,2.03,146.59,2.59,0.0,194.85
06/03/25,6.05,3.54,21.46,11.13,1.97,153.21,2.61,0.0,195.53
07/03/25,6.13,3.43,21.0,11.67,2.14,157.12,2.51,0.0,200.12
08/03/25,6.17,3.47,20.3,11.53,2.18,159.18,2.49,0.0,200.88
09/03/25,6.16,4.6,20.16,10.76,1.89,155.1,2.4,0.0,196.37
10/03/25,6.3,7.07,19.88,10.9,1.97,158.13,2.44,0.0,201.86
11/03/25,6.1,7.47,17.79,11.39,2.17,161.4,2.43,0.0,203.47
12/03/25,5.39,5.19,18.43,12.18,2.32,160.78,2.4,0.0,201.92
13/03/25,4.35,7.01,19.96,11.98,2.69,157.07,2.4,0.0,201.28
14/03/25,4.33,7.44,19.32,10.25,1.85,139.77,2.38,0.0,181.8
15/03/25,4.38,5.94,18.67,11.57,2.21,140.61,2.25,0.0,185.32
16/03/25,4.95,5.81,19.41,12.01,1.97,148.68,2.24,0.0,190.41
17/03/25,4.9,4.65,20.23,12.82,2.6,155.21,2.16,0.0,199.07
18/03/25,5.3,5.68,20.83,12.64,2.41,155.94,2.25,0.0,201.58
19/03/25,5.67,6.2,20.52,12.94,2.3,157.62,2.22,0.0,203.73
20/03/25,5.94,6.24,19.38,12.26,2.35,157.18,2.18,0.0,202.56
21/03/25,6.0,5.34,20.18,12.13,2.69,155.86,2.18,0.0,200.81
22/03/25,6.01,4.81,20.1,11.46,2.64,150.61,2.15,0.0,194.21
23/03/25,6.12,4.22,20.54,10.35,2.68,145.16,2.18,0.0,187.51
24/03/25,5.68,5.25,20.79,11.88,2.54,152.79,2.19,0.0,197.4
25/03/25,5.77,6.15,20.62,12.37,2.37,154.7,2.16,0.0,200.93
26/03/25,5.77,6.67,20.73,12.98,2.68,153.95,2.21,0.0,202.06
27/03/25,6.2,6.15,21.36,12.81,2.8,154.6,2.22,0.0,203.95
28/03/25,6.61,6.14,21.04,12.93,3.03,155.06,2.14,0.0,204.32
29/03/25,6.66,7.39,20.67,12.66,3.15,150.94,2.1,0.0,200.81
30/03/25,6.56,4.77,21.39,11.31,3.06,147.42,2.02,0.0,193.85
31/03/25,6.59,5.49,20.62,12.17,3.15,149.2,2.04,0.0,197.0
01/04/25,6.34,5.72,20.57,11.39,3.28,150.32,2.06,0.0,196.54
02/04/25,6.44,5.3,19.83,11.63,2.81,151.47,2.0,0.0,196.49
03/04/25,6.39,4.85,19.08,10.86,2.82,151.02,2.01,0.0,194.14
04/04/25,6.31,4.39,20.71,10.45,2.91,148.33,1.98,0.0,192.27
05/04/25,6.39,4.97,20.68,10.84,2.76,149.07,2.0,0.0,194.85
06/04/25,6.41,8.53,20.35,10.32,2.55,141.74,2.01,0.0,189.86
07/04/25,6.38,8.69,20.47,12.44,3.54,148.91,2.09,0.0,200.25
08/04/25,6.33,7.03,19.82,13.58,4.19,154.64,2.06,0.0,206.09
09/04/25,6.23,6.41,20.8,14.4,4.38,156.88,2.06,0.0,208.22
10/04/25,6.13,11.55,20.77,12.12,3.62,145.36,2.08,0.0,198.76
11/04/25,6.12,13.29,20.38,13.18,3.24,136.81,2.05,0.0,191.28
12/04/25,6.35,9.57,20.92,11.84,3.1,140.65,2.13,0.0,191.2
13/04/25,6.39,7.77,20.35,10.84,3.04,137.8,2.07,0.0,185.41
14/04/25,6.25,9.37,20.76,11.58,3.18,143.88,2.08,0.0,194.16
15/04/25,6.17,7.9,21.4,13.47,3.38,148.42,1.99,0.0,200.2
16/04/25,5.81,7.89,21.04,15.18,3.42,152.09,1.92,0.0,204.38
17/04/25,5.81,8.43,20.37,15.42,3.49,152.32,1.94,0.0,204.88
18/04/25,6.16,11.66,20.02,15.41,3.11,148.41,1.95,0.0,203.13
19/04/25,6.23,12.96,20.7,15.39,3.08,144.21,1.92,0.0,201.37
20/04/25,6.24,9.41,20.96,14.27,2.66,148.32,1.88,0.0,200.69
21/04/25,6.26,5.26,21.73,15.13,4.4,157.54,1.94,0.0,208.85
22/04/25,6.24,5.08,21.63,15.81,7.03,157.97,1.96,0.0,212.82
23/04/25,5.87,5.94,21.96,15.84,6.94,156.84,1.99,0.0,213.53
24/04/25,5.63,7.81,21.91,15.36,7.24,158.46,2.0,0.0,215.37
25/04/25,5.59,8.5,20.66,15.43,7.05,161.55,1.99,0.0,217.78
26/04/25,6.01,6.78,24.02,0.0,6.71,160.64,0.0,0.0,214.8
27/04/25,6.23,6.36,20.16,13.76,3.81,151.48,1.92,0.0,202.19
28/04/25,6.24,6.75,21.12,15.13,4.66,153.85,1.84,0.0,207.2
29/04/25,6.25,8.66,20.62,15.67,5.93,151.63,1.85,0.0,207.64
30/04/25,6.27,10.15,20.36,15.94,6.17,150.32,1.86,0.0,208.04
01/05/25,6.27,11.36,20.19,15.44,3.43,143.36,1.88,0.0,198.88
02/05/25,6.27,9.53,19.55,15.56,4.19,139.64,1.81,0.0,193.11
03/05/25,6.17,11.88,19.86,14.91,3.82,142.79,1.79,0.0,197.99
04/05/25,6.08,11.34,19.28,13.62,2.31,134.88,1.8,0.0,185.8
05/05/25,6.08,8.7,18.29,15.24,3.83,137.49,1.86,0.0,188.32
06/05/25,5.98,7.42,18.51,15.72,3.8,135.99,1.88,0.0,186.14
07/05/25,6.02,7.28,19.51,15.37,3.51,138.98,1.86,0.0,188.55
08/05/25,6.03,6.87,19.78,15.37,3.81,142.85,1.86,0.0,192.06
09/05/25,6.03,5.0,20.06,16.81,4.05,147.98,1.95,0.0,197.3
10/05/25,6.16,5.54,19.98,16.73,3.82,151.32,1.96,0.0,201.13
11/05/25,6.19,7.5,19.62,16.58,2.75,143.76,1.95,0.0,195.19
12/05/25,6.18,10.0,20.25,17.0,3.72,146.87,1.97,0.0,202.67
13/05/25,6.19,10.11,20.26,15.95,5.29,148.3,1.84,0.0,205.67
14/05/25,6.17,7.27,21.02,16.11,5.75,153.44,1.84,0.0,208.8
15/05/25,6.15,6.51,20.29,17.58,5.86,155.99,1.95,0.0,211.76
16/05/25,6.17,9.65,20.44,18.34,5.93,149.94,1.92,0.0,210.45
17/05/25,6.1,10.06,19.96,17.77,4.96,146.85,1.94,0.0,205.3
18/05/25,6.12,8.12,20.19,17.81,2.7,142.43,1.95,0.0,196.97
19/05/25,6.11,7.52,18.79,20.22,3.66,149.26,1.94,0.0,204.46
20/05/25,6.13,9.89,19.41,19.56,3.96,150.19,1.92,0.0,207.89
21/05/25,6.17,11.77,18.98,19.74,3.14,141.38,1.88,0.0,199.79
22/05/25,6.13,12.14,19.89,19.87,2.74,129.23,1.8,0.0,188.34
23/05/25,6.13,13.4,20.83,21.51,2.66,137.86,1.86,0.0,200.29
24/05/25,6.13,17.08,18.69,21.24,2.53,133.96,1.82,0.0,197.07
25/05/25,6.19,16.54,14.41,20.49,2.23,118.88,1.85,0.0,175.92
26/05/25,6.18,18.76,16.09,20.57,2.6,126.31,1.83,0.0,189.29
27/05/25,6.18,20.9,16.27,21.82,2.77,128.29,1.82,0.0,195.25
28/05/25,6.17,19.84,16.4,21.88,2.74,130.7,1.85,0.0,197.21
29/05/25,6.19,19.42,16.89,20.9,2.8,130.94,1.8,0.0,197.01
30/05/25,6.12,23.54,16.34,19.56,2.33,124.68,1.74,0.0,193.12
31/05/25,5.98,25.93,17.45,20.67,2.12,121.26,1.77,0.0,193.89
01/06/25,5.98,22.21,16.55,19.2,2.09,121.33,1.75,0.0,187.42
02/06/25,5.96,20.37,19.62,19.21,2.7,129.64,1.75,0.0,197.4
03/06/25,6.18,20.51,18.46,18.81,2.97,129.41,1.71,0.0,196.43
05/06/25,6.01,9.31,20.65,19.25,3.45,140.99,1.71,0.0,200.1
06/06/25,5.59,10.25,21.16,18.38,4.07,148.59,1.7,0.0,208.25
07/06/25,5.58,15.29,20.84,18.54,5.35,147.53,1.73,0.0,212.91
08/06/25,5.32,16.53,20.96,20.93,2.87,142.78,1.7,0.0,208.33
09/06/25,5.14,17.91,20.22,22.4,4.36,150.35,1.62,0.0,219.77
10/06/25,5.16,18.64,20.97,23.12,6.02,149.75,1.55,0.0,222.62
11/06/25,5.12,17.46,18.92,24.42,6.09,152.33,1.57,0.0,223.45
12/06/25,5.15,15.58,19.57,24.4,6.44,153.54,1.56,0.0,223.77
13/06/25,5.33,13.54,18.47,24.81,6.53,156.09,1.61,0.0,223.94
14/06/25,5.32,14.36,14.98,24.54,6.9,156.32,1.7,0.0,221.42
15/06/25,5.32,15.15,12.47,24.06,3.2,142.31,1.67,0.0,201.71
16/06/25,5.57,18.67,13.48,25.28,3.52,137.75,1.67,0.0,204.09
17/06/25,5.38,17.62,15.16,25.77,2.68,132.3,1.68,0.0,199.5
18/06/25,5.21,21.29,16.97,25.65,2.54,127.61,1.68,0.0,199.73
19/06/25,5.33,24.83,16.02,25.76,2.64,126.25,1.7,0.0,201.41
20/06/25,5.44,24.58,16.25,25.7,2.69,125.54,1.76,0.0,201.6
21/06/25,5.42,23.42,14.21,26.3,2.72,130.68,1.77,0.0,204.78
22/06/25,5.33,20.54,15.08,26.03,2.57,127.3,1.76,0.0,198.34
23/06/25,5.06,21.34,13.47,26.1,2.99,131.69,1.74,0.0,202.49
24/06/25,5.19,23.04,16.04,26.22,3.04,128.67,1.74,0.0,204.08
25/06/25,5.18,17.52,13.9,26.54,3.58,135.6,1.66,0.0,204.18
26/06/25,5.53,15.09,13.94,25.77,3.83,134.79,1.75,0.0,203.14
27/06/25,5.62,16.15,16.07,26.52,3.82,134.61,1.77,0.0,205.92
28/06/25,5.61,17.56,17.16,25.81,3.41,136.29,1.77,0.0,206.6
29/06/25,5.62,22.99,14.78,23.45,2.31,122.02,1.77,0.0,192.72
30/06/25,5.64,23.29,16.19,24.6,2.66,121.26,1.77,0.0,195.3
01/07/25,5.69,21.68,15.13,25.75,2.6,122.71,1.72,0.0,195.09
02/07/25,5.5,19.35,13.8,27.38,2.89,128.45,1.68,0.0,199.11
03/07/25,5.46,17.09,13.88,27.52,3.64,133.69,1.67,0.0,202.43
04/07/25,5.59,16.95,15.93,27.66,4.92,134.56,1.65,0.0,206.29
05/07/25,5.69,19.65,17.35,27.69,4.28,130.63,1.69,0.0,205.92
06/07/25,5.78,22.6,15.52,27.04,2.56,121.37,1.55,0.0,195.47
07/07/25,5.86,22.63,15.14,28.32,2.81,125.89,1.64,0.0,201.15
08/07/25,5.87,19.88,17.04,29.31,3.17,131.1,1.78,0.0,207.47
09/07/25,5.89,19.98,17.21,28.38,3.48,128.7,1.82,0.0,204.15
10/07/25,5.89,15.23,17.41,28.92,4.13,127.84,1.75,0.0,200.56
11/07/25,5.91,14.45,17.1,29.12,4.1,135.1,1.82,0.0,206.49
12/07/25,5.86,15.89,17.16,29.26,4.12,134.01,1.82,0.0,206.72
13/07/25,5.31,17.22,18.13,28.4,2.39,127.67,1.75,0.0,199.84
14/07/25,5.4,21.13,17.97,27.88,2.4,125.0,1.7,0.0,199.81
15/07/25,0.0,0.0,0.0,0.0,0.0,0.0,0.0,0.0,0.0
16/07/25,5.3,14.66,17.45,30.86,2.84,131.92,1.72,0.0,203.42
17/07/25,5.31,12.46,16.35,31.46,3.37,134.71,1.85,0.0,203.48
18/07/25,5.31,13.01,12.53,31.85,3.64,138.5,1.84,0.0,204.59
19/07/25,5.2,15.76,12.05,30.88,3.56,140.09,1.84,0.0,206.78
20/07/25,5.1,15.2,13.59,30.98,2.35,134.96,1.75,0.0,201.0
21/07/25,5.12,14.8,15.02,27.84,3.07,141.68,1.79,0.0,207.04
22/07/25,5.22,16.6,17.18,26.13,3.53,136.72,1.9,0.0,206.32
23/07/25,5.17,22.95,15.82,25.72,4.0,130.87,1.78,0.0,205.88
24/07/25,5.19,18.91,15.87,29.91,3.44,131.54,1.78,0.0,206.22
25/07/25,5.34,19.16,16.2,29.96,2.77,130.32,1.96,0.0,204.86
26/07/25,5.68,23.82,13.33,31.22,2.46,121.87,1.72,0.0,198.59
27/07/25,5.68,24.35,13.53,30.19,2.24,118.38,1.64,0.0,194.83
28/07/25,5.44,25.1,13.99,31.93,2.57,124.55,1.8,0.0,204.74
29/07/25,5.45,27.14,15.16,30.77,2.28,122.07,1.78,0.0,203.8
30/07/25,5.42,23.29,15.0,30.99,2.94,125.56,1.81,0.0,204.32
31/07/25,5.49,20.19,13.61,30.11,2.89,127.28,1.84,0.0,201.72
01/08/25,4.7,16.72,14.32,28.83,3.55,133.86,1.86,0.0,203.87
02/08/25,4.57,14.24,18.8,30.52,3.47,133.94,1.91,0.0,206.65
03/08/25,4.59,11.06,18.97,32.04,2.57,130.1,1.81,0.0,199.37
04/08/25,4.57,10.66,18.65,33.23,2.97,133.31,1.77,0.0,204.6
05/08/25,4.53,12.64,18.92,31.91,3.17,135.22,1.88,0.0,207.28
06/08/25,4.53,11.7,19.6,30.7,3.43,138.44,1.83,0.0,209.68
07/08/25,4.53,11.17,19.85,32.63,3.88,142.07,1.83,0.0,214.29
08/08/25,4.55,10.33,18.62,33.42,3.64,141.46,1.83,0.0,212.43
09/08/25,4.55,8.84,17.69,32.8,2.96,131.08,1.9,0.0,199.05
10/08/25,4.68,10.57,17.65,33.0,2.09,125.84,1.83,0.0,194.78
11/08/25,5.07,14.36,18.71,33.0,2.4,131.58,1.77,0.0,205.74
12/08/25,5.21,17.99,16.88,32.24,2.71,132.25,1.87,0.0,207.93
13/08/25,5.09,15.65,14.45,32.21,3.13,136.99,1.85,0.0,207.79
14/08/25,5.11,11.93,15.31,27.27,3.0,137.05,1.82,0.0,200.05
15/08/25,5.16,13.64,16.0,28.01,2.09,124.02,1.61,0.0,189.09
16/08/25,5.27,15.81,16.05,29.75,2.17,126.15,1.59,0.0,194.76
17/08/25,5.3,16.11,15.96,31.81,1.63,119.9,1.75,0.0,191.1
18/08/25,5.4,16.63,16.87,32.27,2.05,123.46,1.74,0.0,197.26
19/08/25,5.41,18.12,14.92,33.14,2.63,125.38,1.82,0.0,199.81
20/08/25,0.0,0.0,0.0,0.0,0.0,0.0,0.0,0.0,0.0
21/08/25,5.36,13.14,16.04,33.81,2.38,130.42,1.89,0.0,202.39
22/08/25,5.29,15.51,17.06,33.2,2.54,129.28,1.93,0.0,204.53
23/08/25,5.26,19.29,15.07,32.16,2.6,123.38,1.88,0.0,198.52
24/08/25,5.38,20.87,12.61,31.03,1.37,112.9,1.8,0.0,184.23
25/08/25,5.34,15.99,15.92,31.8,1.93,117.51,1.86,0.0,189.05
26/08/25,5.58,16.15,16.96,29.91,2.32,123.24,1.9,0.0,194.45
27/08/25,5.58,15.35,16.42,27.13,1.9,124.63,1.97,0.0,191.29
28/08/25,5.56,15.61,16.87,30.04,2.32,125.19,1.97,0.0,196.27
29/08/25,5.51,14.38,16.2,31.42,2.54,126.46,1.93,0.0,197.19
30/08/25,5.41,14.01,14.02,31.45,2.52,128.63,1.89,0.0,196.48
31/08/25,5.45,16.81,12.0,31.55,1.6,115.96,1.81,0.0,184.13
01/09/25,5.18,20.44,12.95,30.9,2.04,111.43,1.78,0.0,183.68
02/09/25,5.18,18.21,14.43,30.86,2.6,109.25,1.77,0.0,182.02
03/09/25,4.99,16.66,17.08,30.18,2.59,110.81,1.8,0.0,183.3
04/09/25,4.82,18.13,17.22,30.56,2.59,111.98,1.82,0.0,185.92
05/09/25,4.63,17.2,16.99,31.83,2.63,115.22,1.85,0.0,190.31
06/09/25,4.47,17.3,15.54,32.95,2.27,116.43,1.78,0.0,190.58
07/09/25,4.43,18.68,14.26,31.97,1.65,111.19,1.64,0.0,183.37
08/09/25,4.46,15.35,15.59,32.62,2.66,123.25,1.68,0.0,194.96
10/09/25,4.78,7.68,18.55,31.12,4.55,139.44,1.78,0.0,206.52
11/09/25,5.11,9.66,17.28,30.99,4.6,135.73,1.76,0.0,203.38
12/09/25,5.3,7.47,18.62,31.74,4.88,137.02,1.85,0.0,205.46
13/09/25,5.34,8.64,18.07,31.22,4.63,137.95,1.83,0.0,207.39
14/09/25,5.33,10.6,18.39,30.62,1.79,130.74,1.81,0.0,199.22
15/09/25,5.32,14.03,19.02,31.34,3.07,132.34,1.82,0.0,206.36
16/09/25,5.35,10.39,17.89,31.59,4.4,136.83,1.86,0.0,207.38
17/09/25,4.86,6.08,17.88,32.03,2.93,136.89,1.85,0.0,201.99
18/09/25,4.33,7.47,18.68,31.47,3.25,137.26,1.77,0.0,203.49
19/09/25,4.59,8.53,18.9,31.15,3.71,139.06,1.78,0.0,206.9
20/09/25,4.44,9.62,19.39,30.78,4.24,135.08,1.81,0.0,204.64
21/09/25,4.8,10.01,18.04,0.0,1.75,132.15,0.0,0.0,197.31
22/09/25,5.12,12.05,20.22,30.13,2.92,133.72,1.85,0.0,205.65
23/09/25,4.96,14.07,18.78,29.87,3.67,134.28,1.81,0.0,206.73
24/09/25,4.89,14.14,18.81,29.6,3.68,135.56,1.82,0.0,207.36
25/09/25,5.11,12.18,19.45,29.39,3.63,139.02,1.82,0.0,209.01
26/09/25,5.1,13.96,18.14,29.11,2.93,138.77,1.82,0.0,208.17
27/09/25,4.88,18.2,16.95,27.92,2.5,131.95,1.82,0.0,202.88
28/09/25,4.74,20.78,15.92,27.7,1.84,126.03,1.85,0.0,197.71
29/09/25,5.14,16.33,17.06,28.55,2.08,134.39,1.87,0.0,204.34
30/09/25,5.19,15.14,14.23,28.22,1.93,134.24,1.84,0.0,199.7
01/10/25,5.29,15.36,15.36,27.21,1.92,122.54,1.8,0.0,188.95
02/10/25,5.31,12.86,17.88,25.45,1.63,111.32,1.67,0.0,175.07
03/10/25,5.28,9.54,16.76,27.58,2.0,121.79,1.68,0.0,183.93
04/10/25,5.84,7.5,17.03,28.15,2.07,124.6,1.87,0.0,186.83
05/10/25,5.79,9.29,15.85,26.52,1.75,118.92,1.81,0.0,177.87
06/10/25,5.98,10.71,14.55,25.72,1.89,117.77,1.73,0.0,177.27
07/10/25,5.9,5.74,15.93,26.96,1.9,119.55,1.79,0.0,176.9
08/10/25,5.74,2.67,17.15,27.0,1.9,125.18,1.81,0.0,180.56
09/10/25,5.98,2.71,17.33,25.83,1.79,125.48,1.84,0.0,180.03
10/10/25,6.03,2.74,17.59,25.08,1.99,124.75,1.89,0.0,179.65
11/10/25,6.05,2.86,17.8,24.09,2.1,123.45,1.8,0.0,178.44
12/10/25,6.05,3.44,16.94,22.54,1.68,120.08,1.8,0.0,172.2
13/10/25,6.05,3.17,19.23,22.95,2.05,126.11,1.72,0.0,180.74
14/10/25,6.04,4.05,19.29,22.05,2.12,129.21,1.79,0.0,183.86
15/10/25,5.52,4.49,19.68,21.88,2.07,130.69,1.75,0.0,184.72
16/10/25,5.69,5.55,18.72,21.08,2.06,132.03,1.76,0.0,186.01
17/10/25,5.79,6.31,19.42,20.05,2.06,133.21,1.88,0.0,187.52
18/10/25,5.81,4.42,19.67,19.86,1.93,134.21,1.87,0.0,186.24
19/10/25,5.81,3.9,19.31,19.63,1.57,126.11,1.68,0.0,176.61
20/10/25,5.94,4.39,15.14,18.87,1.57,115.79,1.46,0.0,164.1
21/10/25,5.99,5.3,15.98,18.55,1.5,111.8,1.51,0.0,159.43
22/10/25,5.99,8.81,15.34,17.9,1.41,111.72,1.58,0.0,161.57
23/10/25,5.98,8.34,16.67,18.1,1.42,117.19,1.61,0.0,167.8
24/10/25,5.96,7.44,16.76,18.79,1.71,123.65,1.77,0.0,174.22
25/10/25,6.13,8.9,18.22,17.41,1.67,122.36,1.79,0.0,174.47
26/10/25,6.16,9.28,16.12,16.97,1.57,116.85,1.71,0.0,166.64
27/10/25,5.41,13.04,13.62,18.28,1.68,116.9,1.67,0.0,168.29
28/10/25,5.26,17.45,12.22,18.21,1.75,108.67,1.71,0.0,163.75
29/10/25,5.27,17.83,13.03,18.5,1.78,105.23,1.69,0.0,162.91
30/10/25,5.27,14.25,14.22,19.18,1.84,109.2,1.79,0.0,163.65
31/10/25,5.27,7.99,16.33,20.55,2.09,113.11,1.9,0.0,166.28
01/11/25,5.24,6.04,17.65,19.44,2.37,114.37,1.78,0.0,166.34
02/11/25,5.1,4.92,15.85,18.73,2.12,111.77,1.8,0.0,160.08
03/11/25,5.04,6.89,16.42,17.69,2.56,116.59,1.88,0.0,166.62
04/11/25,5.01,8.11,16.57,17.69,2.26,117.6,1.96,0.0,168.44
05/11/25,4.74,3.33,17.13,17.49,2.44,121.52,1.93,0.0,167.53
06/11/25,4.79,3.86,17.09,17.0,2.31,121.3,2.02,0.0,167.33
07/11/25,4.85,2.92,18.49,17.02,2.44,121.22,2.08,0.0,168.38
08/11/25,4.85,3.1,18.63,16.41,2.22,119.5,2.09,0.0,165.38
09/11/25,4.84,2.07,18.0,15.32,1.54,115.2,2.2,0.0,157.97
11/11/25,4.76,1.61,19.55,14.99,2.5,125.1,2.38,0.0,170.02
12/11/25,4.63,3.18,19.63,13.79,2.42,125.49,2.41,0.0,170.6
13/11/25,4.44,4.94,18.88,12.42,2.4,124.42,2.54,0.0,170.97
14/11/25,4.32,5.15,19.21,12.82,1.97,126.41,2.62,0.0,170.81
15/11/25,4.65,5.46,20.06,12.44,1.95,122.94,2.74,0.0,168.71
16/11/25,4.65,7.34,19.04,11.81,1.81,114.99,2.8,0.0,160.74
17/11/25,4.65,6.82,18.95,11.8,2.17,121.78,2.79,0.0,166.72
18/11/25,4.67,6.42,18.45,12.1,2.12,125.04,2.86,0.0,168.79
19/11/25,4.23,4.28,18.75,12.67,2.27,127.87,2.86,0.0,170.47
20/11/25,4.55,5.46,19.64,12.11,2.44,127.73,2.95,0.0,172.81
21/11/25,4.63,6.05,18.48,13.21,2.55,130.77,3.03,0.0,175.5
22/11/25,4.43,5.58,17.43,12.64,2.55,131.38,2.99,0.0,173.23
23/11/25,4.43,4.96,17.23,11.38,1.93,127.87,2.99,0.0,166.9
24/11/25,4.42,6.92,16.97,12.27,2.41,130.71,2.96,0.0,172.83
25/11/25,4.65,9.13,18.07,12.44,2.26,130.27,2.87,0.0,176.14
26/11/25,4.77,7.98,17.39,12.22,2.42,133.59,2.8,0.0,176.65
27/11/25,4.77,9.54,16.14,11.87,2.29,135.03,2.84,0.0,178.07
28/11/25,4.74,8.67,15.62,11.67,2.19,138.29,2.86,0.0,179.55
29/11/25,4.73,7.2,15.23,11.77,2.16,137.2,2.86,0.0,176.32
30/11/25,4.87,4.88,15.76,10.89,1.96,131.07,2.87,0.0,167.77
01/12/25,5.0,2.86,17.14,12.48,2.33,135.51,2.86,0.0,173.06
02/12/25,4.99,2.94,18.23,12.79,2.52,138.9,2.91,0.0,177.91
03/12/25,4.99,7.08,16.4,12.65,2.26,137.53,2.9,0.0,178.95
04/12/25,4.76,8.52,17.45,12.04,2.13,135.68,2.95,0.0,179.09
05/12/25,4.89,8.92,18.27,12.04,2.2,135.35,2.99,0.0,180.54
06/12/25,5.02,8.44,17.21,12.11,2.11,135.1,3.11,0.0,178.13
07/12/25,5.04,7.05,18.61,11.18,1.92,129.83,3.15,0.0,171.55
08/12/25,5.02,6.77,20.63,11.59,2.35,133.48,3.15,0.0,178.83
09/12/25,5.01,8.07,20.29,11.63,2.28,135.35,3.11,0.0,183.27
10/12/25,5.02,6.93,20.19,11.94,2.42,137.95,3.09,0.0,184.47
11/12/25,5.02,5.35,20.93,11.73,2.46,138.86,3.15,0.0,184.27
12/12/25,5.01,3.78,20.13,12.45,2.49,141.59,3.18,0.0,185.01
13/12/25,5.02,3.74,19.56,12.1,2.38,142.38,3.24,0.0,184.27
14/12/25,5.01,5.69,19.11,10.93,2.12,133.98,3.21,0.0,176.13
15/12/25,4.99,7.23,19.92,11.39,2.31,137.49,3.2,0.0,182.1
16/12/25,4.94,9.42,17.95,11.89,2.18,140.41,3.12,0.0,185.41
17/12/25,4.79,6.62,19.14,12.34,2.56,143.54,3.23,0.0,187.3
18/12/25,4.79,6.0,19.27,12.55,2.62,143.97,3.24,0.0,187.35
19/12/25,4.78,4.9,20.24,12.66,2.51,145.06,3.31,0.0,189.26
20/12/25,4.81,3.12,19.73,12.71,2.54,146.83,3.41,0.0,188.7
21/12/25,4.8,4.51,18.19,12.35,1.65,142.68,3.44,0.0,182.95
22/12/25,4.79,5.51,17.64,12.71,3.23,143.86,3.48,0.0,187.67
23/12/25,4.78,6.47,18.6,12.61,3.39,144.15,3.6,0.0,189.95
24/12/25,4.78,6.16,20.59,12.92,3.48,143.53,3.61,0.0,191.73
25/12/25,4.86,4.39,20.59,11.64,3.13,145.03,3.58,0.0,190.13
26/12/25,5.23,4.74,19.93,11.12,2.87,147.28,3.59,0.0,192.25
27/12/25,5.25,5.13,19.63,11.0,2.09,146.55,3.67,0.0,190.91
28/12/25,5.28,4.43,19.46,10.8,1.59,141.23,3.63,0.0,184.41
29/12/25,5.41,3.91,19.79,11.67,2.16,147.5,3.67,0.0,190.65
30/12/25,5.6,1.95,19.29,12.41,2.44,153.13,3.71,0.0,193.8
31/12/25,5.44,2.79,15.17,12.49,2.75,157.11,3.67,0.0,194.65
01/01/26,5.61,4.08,15.58,10.65,2.34,149.4,3.6,0.0,186.55
02/01/26,5.61,6.59,15.21,11.88,2.3,149.0,3.54,0.0,190.06
03/01/26,5.6,6.8,18.03,10.93,2.41,146.41,3.58,0.0,191.52
04/01/26,5.61,7.62,18.87,9.22,1.91,140.46,3.63,0.0,184.39
05/01/26,5.61,8.83,15.14,10.34,2.27,143.89,3.64,0.0,190.44
06/01/26,5.62,9.17,17.84,11.47,2.26,147.33,3.7,0.0,194.92
07/01/26,5.62,11.91,18.46,10.49,2.16,144.91,3.63,0.0,194.31
08/01/26,5.6,10.89,18.73,10.51,2.31,146.59,3.66,0.0,194.92
09/01/26,5.61,10.56,19.94,10.54,2.26,147.09,3.67,0.0,196.48
10/01/26,5.62,10.02,17.65,10.67,2.11,147.92,3.64,0.0,193.91
11/01/26,5.62,10.19,17.86,9.36,1.89,141.07,3.66,0.0,186.0
12/01/26,5.6,8.96,19.41,10.48,2.32,145.82,3.66,0.0,192.22
13/01/26,5.88,7.29,19.68,11.05,2.22,149.47,3.52,0.0,195.38
14/01/26,5.67,4.54,20.76,10.35,2.02,148.38,3.49,0.0,190.81
15/01/26,5.97,3.46,21.78,9.71,1.73,145.94,2.98,0.0,186.64
16/01/26,6.16,4.06,20.7,10.21,1.92,150.0,3.05,0.0,191.28
17/01/26,6.34,3.69,21.2,10.27,2.09,149.85,3.32,0.0,191.63
18/01/26,6.48,4.09,20.3,9.56,1.9,144.82,3.42,0.0,185.89
19/01/26,6.6,3.08,20.96,10.66,2.11,149.67,3.51,0.0,192.34
20/01/26,6.21,4.59,21.04,10.83,2.11,150.31,3.54,0.0,195.29
21/01/26,6.14,7.76,21.21,10.17,2.28,146.7,3.61,0.0,194.62
22/01/26,5.97,8.39,19.43,10.29,2.43,147.41,3.68,0.0,194.27
23/01/26,6.04,7.4,22.71,10.06,2.35,138.52,3.73,0.0,187.34
24/01/26,6.13,10.48,20.11,10.22,2.17,140.11,3.69,0.0,189.82
25/01/26,6.13,11.19,21.07,10.08,1.94,133.85,3.67,0.0,184.91
26/01/26,6.16,8.27,17.75,9.84,2.1,135.15,3.66,0.0,180.08
27/01/26,6.43,9.34,20.38,9.92,2.28,139.22,3.71,0.0,187.63
28/01/26,6.79,9.05,22.18,10.47,2.35,139.87,3.65,0.0,189.12
29/01/26,6.6,10.88,21.53,10.13,2.22,142.32,3.67,0.0,192.15
30/01/26,6.42,8.79,21.51,10.04,2.19,147.01,3.67,0.0,194.71
31/01/26,6.52,7.87,21.64,10.27,2.22,146.41,3.73,0.0,193.54
01/02/26,6.56,7.7,20.04,9.63,2.01,139.57,3.9,0.0,184.42
02/02/26,6.56,8.83,20.57,10.63,2.0,142.97,3.92,0.0,190.45
03/02/26,6.58,8.78,21.45,10.98,2.09,145.75,4.07,0.0,194.56
04/02/26,6.56,11.94,22.45,10.13,2.21,140.45,4.1,0.0,193.39
05/02/26,6.56,8.75,22.07,10.29,2.26,145.01,4.02,0.0,194.09
06/02/26,6.65,6.59,23.87,10.12,2.31,147.67,3.89,0.0,195.73
07/02/26,6.68,5.21,23.91,10.54,2.27,147.03,3.81,0.0,194.34
08/02/26,6.7,4.61,24.3,9.52,1.96,141.37,3.8,0.0,187.61
09/02/26,6.71,4.89,22.99,11.24,2.0,149.67,3.78,0.0,195.68
10/02/26,6.73,5.55,23.34,11.21,2.13,150.22,3.7,0.0,197.88
11/02/26,6.82,10.03,22.95,10.73,2.15,145.64,3.71,0.0,197.89
12/02/26,6.94,8.65,23.12,10.79,2.14,146.61,3.57,0.0,197.91
13/02/26,6.95,6.21,24.65,11.14,2.07,150.37,3.4,0.0,200.45
14/02/26,6.97,5.0,24.78,11.96,2.04,150.87,3.39,0.0,199.87
15/02/26,6.97,3.6,24.56,11.95,2.01,144.93,3.47,0.0,192.8
16/02/26,6.93,5.57,23.95,12.14,2.17,146.8,3.53,0.0,196.81
17/02/26,6.92,6.48,23.76,12.17,2.26,149.09,3.54,0.0,200.05
18/02/26,6.81,7.75,22.29,12.17,2.32,148.86,3.49,0.0,198.76
19/02/26,6.16,7.99,23.61,12.02,2.3,147.03,3.42,0.0,197.37
20/02/26,6.15,10.47,22.84,11.95,2.28,146.91,3.39,0.0,198.71
21/02/26,6.13,5.85,24.16,11.66,2.2,151.75,3.27,0.0,199.25
22/02/26,6.14,3.42,23.69,10.59,1.75,148.77,3.3,0.0,192.4
23/02/26,6.14,3.09,23.41,12.01,2.07,155.28,3.22,0.0,199.72
24/02/26,6.13,4.07,23.78,11.95,2.12,153.24,3.16,0.0,199.12
25/02/26,6.13,3.53,23.56,12.26,2.11,155.14,3.15,0.0,200.01
26/02/26,6.14,4.07,24.37,12.02,2.2,154.14,3.0,0.0,200.35
27/02/26,6.13,5.25,23.73,12.64,2.18,155.26,2.95,0.0,203.02
28/02/26,6.15,5.32,24.64,12.2,1.93,152.63,2.83,0.0,201.03
01/03/26,6.17,4.12,24.61,11.1,1.62,148.75,2.86,0.0,194.49
02/03/26,6.3,3.58,24.64,12.11,2.36,153.84,2.83,0.0,200.21
03/03/26,6.38,3.83,26.32,11.75,2.33,147.88,2.68,0.0,195.83
04/03/26,6.38,4.77,25.36,10.91,1.93,136.04,2.64,0.0,183.02
05/03/26,6.37,6.04,25.74,11.46,1.95,141.56,2.57,0.0,191.27
06/03/26,6.36,5.41,27.25,13.09,2.15,153.48,2.69,0.0,205.27
07/03/26,6.32,3.98,26.42,13.19,2.22,159.08,2.66,0.0,208.59
08/03/26,6.32,3.61,25.77,11.88,2.31,154.29,2.59,0.0,201.61
09/03/26,5.72,6.99,25.73,12.14,2.38,159.3,2.62,0.0,208.71
10/03/26,5.75,9.26,25.23,12.22,2.19,159.88,2.64,0.0,211.35
11/03/26,5.75,8.64,25.52,13.12,2.33,160.77,2.45,0.0,212.98
12/03/26,5.38,5.28,25.32,14.47,2.33,162.17,2.55,0.0,212.02
13/03/26,5.35,5.58,23.93,14.52,2.58,161.4,2.46,0.0,212.68
14/03/26,5.74,7.41,24.7,14.49,1.96,157.11,2.44,0.0,209.34
15/03/26,5.92,7.56,24.24,11.4,1.8,147.82,2.53,0.0,196.23
16/03/26,5.99,7.04,24.87,11.26,1.94,151.28,2.44,0.0,199.3
17/03/26,5.58,6.67,23.4,11.94,2.08,154.5,2.49,0.0,200.85
18/03/26,5.56,6.09,18.7,12.0,2.03,157.69,2.38,0.0,197.92
19/03/26,5.95,5.69,19.76,11.11,2.14,146.62,2.38,0.0,187.67
20/03/26,6.01,3.28,23.78,11.47,2.07,138.39,2.36,0.0,182.17
21/03/26,6.02,3.9,20.31,12.2,1.93,137.01,2.22,0.0,181.63
22/03/26,6.0,4.24,20.99,13.14,1.77,133.45,2.23,0.0,177.84
23/03/26,6.14,5.08,25.08,13.95,1.93,140.86,2.31,0.0,191.24
24/03/26,6.35,4.24,24.49,14.43,1.96,149.4,2.29,0.0,197.77
25/03/26,6.4,5.5,23.6,14.1,1.92,149.69,2.28,0.0,201.52
26/03/26,6.5,6.17,24.5,13.34,1.84,154.48,2.33,0.0,204.49
27/03/26,6.61,7.59,25.75,13.08,1.81,148.4,2.35,0.0,204.23
28/03/26,6.62,10.24,25.11,13.56,1.83,144.45,2.3,0.0,200.23
29/03/26,6.66,10.31,23.84,13.91,1.74,141.82,2.26,0.0,195.84
30/03/26,6.65,7.79,23.82,14.58,1.86,153.01,2.21,0.0,205.06
31/03/26,6.17,6.45,24.33,13.61,1.94,150.39,2.16,0.0,200.46
01/04/26,6.11,5.15,23.91,13.74,2.04,151.21,2.25,0.0,200.46
02/04/26,6.57,6.62,24.32,13.48,2.0,151.16,2.46,0.0,202.44
03/04/26,6.74,6.38,22.59,14.12,1.74,152.15,2.42,0.0,201.22
04/04/26,6.87,5.86,25.23,13.97,1.84,149.63,2.34,0.0,200.76
05/04/26,7.01,8.78,22.89,12.55,1.84,137.32,2.31,0.0,187.24
06/04/26,6.31,11.27,25.44,12.93,1.81,140.76,2.34,0.0,195.58
07/04/26,6.05,14.82,22.33,12.6,1.78,139.35,2.48,0.0,194.86
08/04/26,6.17,9.83,24.61,13.15,1.64,138.68,2.35,0.0,192.44
09/04/26,6.2,5.25,26.24,13.82,1.63,144.99,2.3,0.0,196.66
10/04/26,6.19,6.24,25.62,14.46,1.76,146.04,2.48,0.0,199.21
11/04/26,6.18,6.08,26.2,15.01,1.77,148.71,2.46,0.0,203.17
12/04/26,6.18,5.52,26.16,14.18,1.84,147.01,2.47,0.0,199.71
13/04/26,6.25,7.08,27.82,14.6,2.27,152.82,2.32,0.0,209.77
14/04/26,6.25,7.92,27.28,14.0,2.24,156.34,2.36,0.0,213.58
15/04/26,6.24,7.65,27.71,13.63,2.28,157.98,2.52,0.0,215.95
16/04/26,6.31,7.17,27.16,14.27,2.61,164.25,2.41,0.0,220.31
17/04/26,6.77,6.85,27.21,14.64,2.71,164.74,2.34,0.0,222.17
18/04/26,6.9,6.42,27.12,14.86,2.83,164.51,2.33,0.0,221.21
19/04/26,6.91,7.02,27.11,12.8,2.97,157.55,2.29,0.0,212.74
20/04/26,6.9,6.59,27.46,13.34,3.14,162.79,2.21,0.0,219.27
21/04/26,6.89,8.43,27.41,14.21,3.6,161.93,2.28,0.0,221.63
22/04/26,6.9,8.01,27.86,15.1,3.58,162.61,2.33,0.0,223.92
23/04/26,6.85,7.16,27.83,16.22,4.36,162.72,2.31,0.0,224.69
24/04/26,6.69,7.5,27.29,17.0,4.7,167.36,2.14,0.0,229.81
25/04/26,6.39,5.6,26.38,17.87,6.38,170.75,2.14,0.0,231.84
26/04/26,5.45,7.97,25.26,16.63,4.72,163.41,2.3,0.0,223.56
27/04/26,5.54,12.19,26.87,16.12,4.49,164.13,2.43,0.0,229.5
28/04/26,6.36,12.03,26.82,16.68,4.76,164.17,2.36,0.0,230.35
29/04/26,6.45,11.91,26.42,15.79,3.83,156.37,2.23,0.0,220.89
30/04/26,6.46,13.3,26.12,14.37,3.03,145.62,2.15,0.0,209.6
01/05/26,6.71,14.59,22.0,14.43,2.05,136.34,2.18,0.0,197.58
02/05/26,6.87,14.93,26.54,14.15,2.01,142.99,2.19,0.0,208.43
03/05/26,6.88,15.93,21.81,14.44,1.76,136.13,2.17,0.0,198.07
04/05/26,6.89,11.68,25.13,14.8,1.97,138.79,2.1,0.0,198.91
05/05/26,6.88,7.69,26.63,14.75,1.85,143.36,2.08,0.0,200.29
06/05/26,6.87,6.53,26.91,15.03,1.83,147.44,1.03,2.05,204.3
07/05/26,6.84,7.7,26.63,14.64,1.83,146.07,1.03,2.12,204.79
08/05/26,6.85,7.38,27.23,14.72,2.1,148.06,1.03,2.18,207.15
09/05/26,6.87,7.39,27.31,15.11,1.84,149.79,1.03,2.31,208.96
10/05/26,6.99,7.8,25.55,16.52,1.69,144.93,1.09,2.26,204.24
11/05/26,7.03,8.56,27.86,18.8,2.09,152.11,1.02,2.17,217.31
12/05/26,7.02,7.57,27.23,19.04,3.27,160.79,1.12,2.14,225.23
13/05/26,6.81,10.89,25.11,16.97,3.46,159.8,0.93,2.21,223.57
14/05/26,6.61,12.74,24.06,16.76,3.35,155.76,1.0,2.26,220.95
15/05/26,6.64,11.57,25.12,16.77,3.22,158.95,1.04,2.26,223.41
16/05/26,6.74,8.44,26.42,17.25,3.04,162.98,0.93,2.34,225.55
17/05/26,7.04,8.7,26.33,16.96,2.27,157.33,1.04,2.34,219.93
18/05/26,7.04,10.99,27.33,18.94,3.26,163.02,0.96,2.34,231.45
19/05/26,7.05,15.56,27.06,19.73,3.73,162.51,0.88,2.42,235.58
20/05/26,7.07,17.33,27.41,20.26,3.7,164.37,0.91,2.45,238.94
21/05/26,7.01,15.03,27.88,20.37,4.06,166.92,0.97,2.38,241.27
22/05/26,7.09,15.67,25.97,20.08,4.17,166.53,0.95,2.37,239.73
23/05/26,7.06,17.31,25.96,18.71,3.83,162.73,0.97,2.37,236.98
24/05/26,7.06,20.43,25.31,16.37,2.38,154.99,1.0,2.35,226.35
25/05/26,7.04,18.65,26.66,17.02,3.47,163.82,0.98,2.36,237.12
26/05/26,7.05,16.98,27.7,16.77,4.19,164.08,0.93,2.26,237.15
27/05/26,7.04,17.22,26.38,17.09,3.97,160.55,0.99,2.2,233.57
28/05/26,7.05,19.43,27.17,16.86,2.92,157.94,0.95,2.22,231.42
29/05/26,7.04,21.79,24.67,15.75,2.18,144.71,0.96,2.22,216.05
30/05/26,7.09,20.25,22.29,14.76,2.04,140.26,1.11,2.18,207.84
31/05/26,6.95,13.35,21.63,14.24,1.83,142.66,0.89,2.16,200.99
01/06/26,6.88,10.38,25.22,15.38,2.1,154.27,1.02,2.11,216.24
02/06/26,7.09,9.03,26.14,15.97,2.42,159.12,1.13,1.89,218.01
03/06/26,7.04,11.33,26.16,16.24,3.64,163.42,1.08,1.87,226.17
04/06/26,7.06,17.29,25.72,16.2,3.92,156.35,0.96,1.97,225.73
05/06/26,7.09,17.64,25.05,17.19,3.67,152.42,1.0,1.88,221.88
06/06/26,7.07,15.49,26.77,16.71,3.64,156.05,0.96,1.93,225.14
07/06/26,6.95,16.49,24.65,15.93,2.48,151.7,0.93,1.92,217.97
01/06/26,1.44,6.88,10.38,25.22,15.38,2.1,154.27,1.02,216.24
02/06/26,1.37,7.09,9.03,26.14,15.97,2.42,159.12,1.13,218.01
03/06/26,1.28,7.04,11.33,26.16,16.24,3.64,163.42,1.08,226.17
04/06/26,1.13,7.06,17.29,25.72,16.2,3.92,156.35,0.96,225.73
05/06/26,1.12,7.09,17.64,25.05,17.19,3.67,152.42,1.0,221.88
06/06/26,1.21,7.07,15.49,26.77,16.71,3.64,156.05,0.96,225.14
07/06/26,1.18,6.95,16.49,24.65,15.93,2.48,151.7,0.93,217.97
08/06/26,6.93,19.42,25.76,16.5,3.2,157.72,0.96,2.11,229.25
09/06/26,6.93,24.05,25.78,16.92,3.63,156.27,1.03,2.14,233.84
10/06/26,6.92,24.89,25.25,17.79,3.29,155.98,1.12,2.16,234.41
11/06/26,6.93,22.08,25.28,18.33,2.21,150.08,0.99,2.13,225.52
12/06/26,6.96,21.92,24.45,18.02,1.9,144.47,1.0,2.12,218.35
13/06/26,7.0,20.39,22.17,16.38,1.8,145.99,0.93,2.03,214.62
14/06/26,7.02,21.28,20.48,16.06,1.75,143.54,0.98,2.03,210.19
15/06/26,7.03,21.02,23.85,16.04,1.94,151.04,1.02,2.0,221.89
