02/04/15,59.55
03/04/15,57.86
04/04/15,58.07
05/04/15,57.96
06/04/15,59.69
07/04/15,59.74
08/04/15,59.55
09/04/15,60.68
10/04/15,61.83
11/04/15,60.43
12/04/15,55.45
13/04/15,55.77
14/04/15,55.77
15/04/15,57.19
16/04/15,57.95
17/04/15,58.4
18/04/15,58.4
19/04/15,57.6
20/04/15,59.38
21/04/15,62.17
22/04/15,61.98
23/04/15,60.91
24/04/15,61.41
25/04/15,55.77
26/04/15,57.06
27/04/15,58.9
28/04/15,59.26
29/04/15,61.19
30/04/15,60.54
01/05/15,60.03
02/05/15,61.43
03/05/15,60.06
04/05/15,62.02
05/05/15,62.57
06/05/15,63.26
07/05/15,63.16
08/05/15,62.91
09/05/15,63.55
10/05/15,62.19
11/05/15,61.03
12/05/15,61.69
13/05/15,60.37
14/05/15,60.18
15/05/15,61.03
16/05/15,60.04
17/05/15,57.45
18/05/15,59.75
19/05/15,59.97
20/05/15,59.87
21/05/15,62.16
22/05/15,62.37
23/05/15,61.63
24/05/15,58.49
25/05/15,61.22
26/05/15,62.81
27/05/15,62.78
28/05/15,62.99
29/05/15,63.08
30/05/15,63.75
31/05/15,61.78
01/06/15,57.83
02/06/15,59.38
03/06/15,60.54
04/06/15,61.37
05/06/15,61.61
06/06/15,61.59
07/06/15,60.15
08/06/15,61.56
09/06/15,60.91
10/06/15,61.63
11/06/15,61.22
12/06/15,60.88
13/06/15,59.28
14/06/15,53.77
15/06/15,56.75
16/06/15,58.84
17/06/15,60.39
18/06/15,60.39
19/06/15,60.39
20/06/15,57.38
21/06/15,53.16
22/06/15,54.45
23/06/15,54.3
24/06/15,50.95
25/06/15,49.69
26/06/15,51.97
27/06/15,53.4
28/06/15,54.78
29/06/15,56.62
30/06/15,56.97
02/07/15,58.32
03/07/15,58.81
04/07/15,58.04
05/07/15,57.87
06/07/15,57.47
07/07/15,57.93
08/07/15,57.93
09/07/15,57.62
10/07/15,56.35
11/07/15,55.46
12/07/15,52.9
13/07/15,56.64
14/07/15,59.43
15/07/15,60.65
16/07/15,60.2
17/07/15,59.5
18/07/15,59.15
19/07/15,54.93
20/07/15,56.34
21/07/15,57.76
22/07/15,58.5
23/07/15,58.78
24/07/15,58.65
25/07/15,57.88
26/07/15,51.67
27/07/15,52.43
28/07/15,52.58
29/07/15,52.66
30/07/15,53.21
31/07/15,52.92
01/08/15,51.85
02/08/15,51.02
03/08/15,53.29
04/08/15,53.89
05/08/15,54.04
06/08/15,54.42
07/08/15,55.54
08/08/15,54.75
09/08/15,54.78
10/08/15,57.21
11/08/15,55.81
12/08/15,54.59
13/08/15,54.15
14/08/15,54.17
15/08/15,51.73
16/08/15,50.98
17/08/15,53.74
18/08/15,54.82
19/08/15,55.7
20/08/15,55.24
21/08/15,54.84
22/08/15,55.23
23/08/15,54.76
24/08/15,57.2
25/08/15,59.59
26/08/15,61.17
27/08/15,62.32
28/08/15,62.97
29/08/15,61.86
30/08/15,60.39
31/08/15,63.1
01/09/15,63.14
02/09/15,62.47
03/09/15,63.92
04/09/15,63.78
05/09/15,63.78
06/09/15,63.41
07/09/15,64.49
08/09/15,65.27
09/09/15,65.82
10/09/15,66.11
11/09/15,65.24
12/09/15,64.42
13/09/15,63.45
14/09/15,64.36
15/09/15,64.68
16/09/15,63.65
17/09/15,61.99
18/09/15,60.68
19/09/15,59.05
20/09/15,55.05
21/09/15,55.59
22/09/15,55.98
23/09/15,55.92
24/09/15,56.37
25/09/15,57.09
26/09/15,57.92
27/09/15,58.87
28/09/15,62.13
29/09/15,65.36
30/09/15,66.16
01/10/15,60.74
02/10/15,59.42
03/10/15,58.61
04/10/15,57.91
05/10/15,59.68
06/10/15,60.62
07/10/15,61.24
08/10/15,61.78
10/10/15,61.44
11/10/15,60.01
12/10/15,60.85
13/10/15,61.86
14/10/15,61.21
15/10/15,60.69
16/10/15,60.98
17/10/15,61.48
18/10/15,60.86
19/10/15,62.11
20/10/15,63.22
21/10/15,62.47
22/10/15,59.78
23/10/15,59.63
24/10/15,59.46
25/10/15,58.6
26/10/15,58.19
27/10/15,59.11
28/10/15,57.15
29/10/15,55.89
30/10/15,55.64
31/10/15,55.22
01/11/15,54.74
02/11/15,56.19
03/11/15,57.18
04/11/15,57.8
05/11/15,57.3
06/11/15,57.8
07/11/15,57.2
08/11/15,57.23
09/11/15,55.93
10/11/15,53.65
11/11/15,50.86
12/11/15,50.45
13/11/15,51.63
14/11/15,52.26
15/11/15,53.26
16/11/15,53.34
17/11/15,53.66
18/11/15,53.11
19/11/15,52.75
20/11/15,52.27
21/11/15,51.95
22/11/15,52.28
23/11/15,53.54
24/11/15,53.91
25/11/15,54.75
26/11/15,54.67
27/11/15,54.08
28/11/15,55.02
29/11/15,53
30/11/15,54.51
01/12/15,54.87
02/12/15,53.28
03/12/15,53.56
04/12/15,53.59
05/12/15,53.8
06/12/15,52.53
07/12/15,53.92
08/12/15,54.97
09/12/15,54.63
10/12/15,55.42
11/12/15,54.85
12/12/15,55.45
13/12/15,54.65
14/12/15,55.27
15/12/15,56.23
16/12/15,57.02
17/12/15,56.55
18/12/15,56.44
19/12/15,57.01
20/12/15,55.64
21/12/15,57
22/12/15,58.23
23/12/15,57.89
24/12/15,56.73
25/12/15,55.94
26/12/15,55.39
27/12/15,54.1
28/12/15,54.74
29/12/15,55.4
30/12/15,56.1
31/12/15,56.08
01/01/16,56.3
02/01/16,56.76
03/01/16,56.65
04/01/16,57.6
05/01/16,58.1
06/01/16,-
07/01/16,58.41
08/01/16,57.97
09/01/16,57.55
10/01/16,56.96
11/01/16,57.93
12/01/16,59.16
13/01/16,58.95
14/01/16,57.98
15/01/16,56.51
16/01/16,55.54
17/01/16,55.54
18/01/16,56.97
19/01/16,56.37
20/01/16,56.18
21/01/16,56.99
22/01/16,56.94
23/01/16,57.06
24/01/16,56.43
25/01/16,58.17
26/01/16,55.97
27/01/16,58.15
28/01/16,59.54
29/01/16,59.52
30/01/16,59.15
31/01/16,57.27
01/02/16,58.3
02/02/16,58.44
03/02/16,58.77
04/02/16,59.18
05/02/16,59.07
06/02/16,58.96
07/02/16,57.63
08/02/16,58.11
09/02/16,59.08
10/02/16,59.27
11/02/16,59.06
12/02/16,58.59
13/02/16,58.16
15/02/16,58.01
16/02/16,58.21
17/02/16,58.41
18/02/16,58.51
19/02/16,60.07
20/02/16,59.53
21/02/16,57.76
22/02/16,59.5
23/02/16,60.17
24/02/16,60.81
25/02/16,61.39
26/02/16,61.19
27/02/16,59.97
28/02/16,58.28
29/02/16,59.8
01/03/16,60.34
02/03/16,60.52
03/03/16,60.44
04/03/16,60.86
05/03/16,58.58
06/03/16,55.45
07/03/16,57.73
08/03/16,58.7
09/03/16,60.9
10/03/16,61.27
11/03/16,60.01
12/03/16,57.26
13/03/16,54.85
14/03/16,56.23
15/03/16,57.73
16/03/16,58.82
17/03/16,59.56
18/03/16,59.65
19/03/16,59.62
20/03/16,58.03
21/03/16,59.9
22/03/16,60.36
23/03/16,59.97
25/03/16,58.01
26/03/16,60.45
27/03/16,59.03
28/03/16,59.83
29/03/16,61.52
30/03/16,61.46
31/03/16,61.98
01/04/16,56.39
02/04/16,57.14
03/04/16,55.64
04/04/16,57.43
05/04/16,57.64
06/04/16,57.48
07/04/16,57.2
08/04/16,56.85
09/04/16,57.42
10/04/16,56.33
11/04/16,57.27
12/04/16,57.92
13/04/16,58.09
14/04/16,59.28
15/04/16,59.42
16/04/16,59.54
17/04/16,57.45
18/04/16,59.64
19/04/16,60.03
20/04/16,60.53
21/04/16,58.79
22/04/16,57.14
23/04/16,57.9
24/04/16,56.84
25/04/16,58.35
26/04/16,58.87
27/04/16,58.74
28/04/16,60.14
29/04/16,60.99
30/04/16,59.78
01/05/16,56.64
02/05/16,58.2
03/05/16,58.63
04/05/16,57.58
05/05/16,57.32
06/05/16,56.84
07/05/16,58.21
08/05/16,55.51
09/05/16,56.98
10/05/16,56.49
11/05/16,-
12/05/16,58.31
13/05/16,57.65
14/05/16,56.66
15/05/16,55.84
16/05/16,56.55
17/05/16,57.47
18/05/16,56.62
19/05/16,55.72
20/05/16,53.4
21/05/16,51.14
22/05/16,50.87
23/05/16,49.88
24/05/16,48.77
25/05/16,50.2
26/05/16,52.59
27/05/16,54.56
28/05/16,53.8
29/05/16,48
30/05/16,49.92
31/05/16,52.99
01/06/16,54.81
02/06/16,55.27
03/06/16,57.15
04/06/16,57.24
05/06/16,54.56
06/06/16,55.09
07/06/16,54.87
08/06/16,54.84
09/06/16,54.43
10/06/16,54.14
11/06/16,51.81
12/06/16,49.99
13/06/16,51.43
14/06/16,51.55
15/06/16,52.32
16/06/16,53.55
17/06/16,55.11
18/06/16,54.99
19/06/16,53.46
20/06/16,55.08
21/06/16,54.31
22/06/16,53.23
23/06/16,53.77
24/06/16,54.3
25/06/16,54.09
26/06/16,52.8
27/06/16,53.52
28/06/16,52.66
29/06/16,53.34
30/06/16,53.3
01/07/16,51.24
02/07/16,45.82
03/07/16,43.39
04/07/16,45.3
05/07/16,46.47
06/07/16,46.06
07/07/16,48.64
08/07/16,49.1
09/07/16,46.68
10/07/16,45.2
11/07/16,46.9
12/07/16,47.83
13/07/16,49.95
14/07/16,50.37
15/07/16,50.96
16/07/16,47.43
17/07/16,43.26
18/07/16,44.8
19/07/16,46.65
20/07/16,49
21/07/16,50.07
22/07/16,50.85
23/07/16,50.14
24/07/16,49.52
25/07/16,51.57
26/07/16,52.22
27/07/16,49.39
28/07/16,49.44
29/07/16,47.47
30/07/16,46.27
31/07/16,44.3
01/08/16,42.88
02/08/16,43.01
03/08/16,44.33
04/08/16,45.76
05/08/16,46.35
06/08/16,45.59
07/08/16,44.12
08/08/16,45.7
09/08/16,46.55
10/08/16,45.57
11/08/16,44.63
12/08/16,44.48
13/08/16,44.26
14/08/16,43.11
15/08/16,41.45
16/08/16,44.14
17/08/16,45.38
18/08/16,45.08
19/08/16,46.92
20/08/16,48.09
21/08/16,48.03
22/08/16,48.93
23/08/16,49.82
24/08/16,50.82
25/08/16,49.56
26/08/16,49.75
27/08/16,49.62
28/08/16,47.61
29/08/16,48.97
30/08/16,48.96
31/08/16,48.03
01/09/16,46.74
02/09/16,47.18
03/09/16,47.06
04/09/16,46.44
05/09/16,47.95
06/09/16,51.04
07/09/16,53.28
08/09/16,55.96
09/09/16,57.71
10/09/16,56.61
11/09/16,55.08
12/09/16,57.46
13/09/16,58
14/09/16,57.36
15/09/16,55.05
16/09/16,54.26
17/09/16,52.42
18/09/16,51.02
19/09/16,52.53
20/09/16,53.72
21/09/16,53.04
22/09/16,51.56
23/09/16,52.26
24/09/16,51.03
25/09/16,49.11
26/09/16,51.66
27/09/16,52.14
28/09/16,52.29
29/09/16,52.4
30/09/16,52.94
01/10/16,52.74
02/10/16,53.31
03/10/16,53.87
04/10/16,52.89
05/10/16,52.89
06/10/16,53.71
07/10/16,52.17
08/10/16,49.77
09/10/16,49.53
10/10/16,47.35
11/10/16,50.14
12/10/16,52.5
13/10/16,53.51
14/10/16,54.34
15/10/16,53.33
16/10/16,55.19
17/10/16,55.39
18/10/16,56.68
19/10/16,55.96
20/10/16,56.54
21/10/16,56.4
22/10/16,55.48
23/10/16,56.67
24/10/16,57.58
25/10/16,58.28
26/10/16,57.95
27/10/16,56.84
28/10/16,55.57
29/10/16,52.57
30/10/16,51.43
31/10/16,51.43
01/11/16,52.06
02/11/16,53.84
03/11/16,54.93
04/11/16,56.12
05/11/16,56.29
06/11/16,54.17
07/11/16,55.17
08/11/16,55.83
09/11/16,56.35
10/11/16,55.05
11/11/16,55.45
12/11/16,54.57
13/11/16,53.02
14/11/16,53.44
15/11/16,54.43
16/11/16,53.75
17/11/16,53.42
18/11/16,53.5
19/11/16,54.04
20/11/16,52.3
21/11/16,54.18
22/11/16,54.86
23/11/16,54.66
24/11/16,54.45
25/11/16,53.77
26/11/16,53.91
27/11/16,53.36
28/11/16,54.74
29/11/16,55.96
30/11/16,54.62
01/12/16,54.4
02/12/16,53.28
03/12/16,52.45
04/12/16,51.16
05/12/16,53.65
06/12/16,53.63
07/12/16,54.39
08/12/16,55.25
09/12/16,55.83
10/12/16,54.98
11/12/16,54.98
12/12/16,53.25
13/12/16,51.36
14/12/16,53.15
15/12/16,53.97
16/12/16,55.19
17/12/16,55.36
18/12/16,54.21
19/12/16,55.48
20/12/16,55.39
21/12/16,56.27
22/12/16,56.92
23/12/16,57.11
24/12/16,56.87
25/12/16,53.92
26/12/16,54.79
27/12/16,55.73
28/12/16,55.9
29/12/16,55.64
30/12/16,55.73
31/12/16,55.5
01/01/17,54.13
02/01/17,55.37
03/01/17,56.19
04/01/17,57.14
05/01/17,57.78
06/01/17,57.53
07/01/17,55.09
08/01/17,53.69
09/01/17,55.61
10/01/17,55.88
11/01/17,56.31
12/01/17,56.57
13/01/17,55.53
14/01/17,52.81
15/01/17,51.82
16/01/17,54.2
17/01/17,55.98
18/01/17,55.86
19/01/17,54.68
20/01/17,55.14
21/01/17,55.62
22/01/17,53.75
23/01/17,56.2
24/01/17,56.92
25/01/17,56.62
26/01/17,51.44
27/01/17,50.7
28/01/17,52.93
29/01/17,51.8
30/01/17,54.23
31/01/17,55.36
01/02/17,55.48
02/02/17,55.24
03/02/17,55.18
04/02/17,53.95
05/02/17,52.42
06/02/17,54.49
07/02/17,54.49
08/02/17,56.87
09/02/17,56.44
10/02/17,56.7
11/02/17,56.26
12/02/17,53.98
13/02/17,54.27
14/02/17,55.52
15/02/17,56.2
16/02/17,56.2
17/02/17,55.55
18/02/17,56.55
19/02/17,55.43
20/02/17,56.19
21/02/17,56.19
22/02/17,57.85
23/02/17,58.05
24/02/17,57.29
25/02/17,57.53
26/02/17,57.46
27/02/17,60.61
28/02/17,58.9
01/03/17,60.73
02/03/17,60.98
03/03/17,61.84
04/03/17,61.27
05/03/17,60.01
06/03/17,61.04
07/03/17,61.42
08/03/17,60.26
09/03/17,59.4
10/03/17,55.06
11/03/17,53.79
12/03/17,54.2
13/03/17,51.68
14/03/17,54.83
15/03/17,56.7
16/03/17,58.35
17/03/17,58.73
18/03/17,58.22
19/03/17,56.98
20/03/17,59.35
21/03/17,60.82
22/03/17,61.66
23/03/17,62.09
24/03/17,63.6
25/03/17,63.13
26/03/17,61.77
27/03/17,61.59
01/04/17,61.14
02/04/17,58.74
03/04/17,60.23
04/04/17,60.54
05/04/17,58.77
06/04/17,59.2
07/04/17,60.97
08/04/17,60.12
09/04/17,57.77
10/04/17,58.66
11/04/17,60.32
12/04/17,61.27
13/04/17,62.85
14/04/17,62.1
15/04/17,60.91
16/04/17,57.98
17/04/17,59.14
18/04/17,60.77
19/04/17,60.01
20/04/17,58.85
21/04/17,59.26
22/04/17,57.24
23/04/17,55.54
24/04/17,57.11
25/04/17,59.55
26/04/17,60.23
27/04/17,60.78
28/04/17,61.64
29/04/17,60.9
30/04/17,58.53
01/05/17,57.14
02/05/17,60.75
03/05/17,61.97
04/05/17,62.71
05/05/17,63.37
06/05/17,63.26
07/05/17,59.05
08/05/17,61.61
09/05/17,59.16
10/05/17,59.85
11/05/17,61.51
12/05/17,62.41
13/05/17,61.87
14/05/17,58.57
15/05/17,59.08
16/05/17,59.42
17/05/17,58.56
18/05/17,58.9
19/05/17,57.52
20/05/17,57.32
21/05/17,55.05
22/05/17,56.53
23/05/17,58.76
24/05/17,59.61
25/05/17,60.18
26/05/17,57.78
27/05/17,54.04
28/05/17,51.81
29/05/17,50.71
30/05/17,53.21
31/05/17,53.78
01/06/17,55.02
02/06/17,56.96
03/06/17,56.53
04/06/17,53.95
05/06/17,55.71
06/06/17,54.95
07/06/17,52.37
08/06/17,53.19
09/06/17,52.96
10/06/17,52.05
11/06/17,49.74
12/06/17,52.75
13/06/17,54.26
14/06/17,55.3
15/06/17,54.79
16/06/17,53.4
17/06/17,54.4
18/06/17,53.75
19/06/17,52.98
20/06/17,50.46
21/06/17,50.65
22/06/17,51.42
23/06/17,52.06
24/06/17,51.97
25/06/17,51
26/06/17,51.98
27/06/17,51.98
28/06/17,48.9
29/06/17,45.61
30/06/17,45.77
01/07/17,45.19
02/07/17,43.03
03/07/17,45.52
04/07/17,46.13
05/07/17,47.01
06/07/17,47.96
07/07/17,50.72
08/07/17,52.98
09/07/17,52.41
10/07/17,52.5
11/07/17,50.63
12/07/17,49.88
13/07/17,50.09
14/07/17,50.01
15/07/17,50.28
16/07/17,49.93
17/07/17,51.04
18/07/17,52.48
19/07/17,52.87
20/07/17,51.26
21/07/17,51.04
22/07/17,50.06
23/07/17,46.53
24/07/17,46.72
25/07/17,48.3
10/08/17,55.31
11/08/17,54.27
12/08/17,51.91
13/08/17,52.21
14/08/17,55.22
15/08/17,53.47
16/08/17,55.22
01/09/17,50.16
02/09/17,50.9
03/09/17,50.34
04/09/17,53.82
05/09/17,55.17
06/09/17,56.13
07/09/17,57
08/09/17,57.02
09/09/17,57.59
10/09/17,57.84
11/09/17,57.98
12/09/17,57.99
13/09/17,58.57
14/09/17,58
15/09/17,58.28
16/09/17,58.3
17/09/17,54.69
18/09/17,54.39
19/09/17,54.69
20/09/17,54.46
21/09/17,55.91
22/09/17,19.08
23/09/17,53.69
24/09/17,53.56
25/09/17,55.38
26/09/17,56.86
27/09/17,57.08
28/09/17,56.07
29/09/17,54.61
30/09/17,53.2
03/10/17,55.8
04/10/17,56.01
05/10/17,57.37
06/10/17,57.29
07/10/17,57.45
08/10/17,55.22
09/10/17,55.76
10/10/17,56.42
11/10/17,56.89
12/10/17,57.06
13/10/17,56.49
14/10/17,56.41
15/10/17,56.41
16/10/17,54.45
17/10/17,56.41
18/10/17,55.6
19/10/17,52.19
20/10/17,50.56
21/10/17,51.11
22/10/17,51.32
23/10/17,54.55
24/10/17,57.23
25/10/17,57.05
26/10/17,56.55
27/10/17,56.92
28/10/17,56.96
29/10/17,55.23
30/10/17,55.68
31/10/17,55.88
01/11/17,55.65
02/11/17,55.41
03/11/17,55.44
04/11/17,54.58
05/11/17,53.59
06/11/17,54.71
07/11/17,55.42
08/11/17,56.07
09/11/17,56.74
10/11/17,55.9
11/11/17,55.11
12/11/17,53.66
13/11/17,55.78
14/11/17,55.78
15/11/17,55.31
16/11/17,54.87
17/11/17,55.22
18/11/17,54.87
19/11/17,53.58
20/11/17,54.54
21/11/17,54.89
22/11/17,55.29
23/11/17,55.54
24/11/17,56.2
25/11/17,55.35
26/11/17,53.77
27/11/17,54.72
28/11/17,55.35
29/11/17,54.91
30/11/17,54.11
01/12/17,53.02
02/12/17,53.04
03/12/17,51.46
04/12/17,52.5
05/12/17,51.02
06/12/17,51.92
07/12/17,53.13
08/12/17,54.19
09/12/17,54.21
10/12/17,53.19
11/12/17,53.64
12/12/17,53.62
13/12/17,55.94
14/12/17,55.15
15/12/17,55.06
16/12/17,53.63
17/12/17,52.5
18/12/17,54.39
19/12/17,55.28
20/12/17,56.3
21/12/17,56.3
22/12/17,56.81
23/12/17,56.41
24/12/17,55.06
25/12/17,55.85
26/12/17,57.1
27/12/17,57.11
28/12/17,57.08
29/12/17,57.21
30/12/17,56.88
31/12/17,55.84
01/01/18,55.75
02/01/18,57.18
03/01/18,58.03
04/01/18,58.35
05/01/18,58.94
06/01/18,58.21
07/01/18,56.55
08/01/18,57.99
09/01/18,58.62
10/01/18,58.94
11/01/18,59.05
12/01/18,59.66
13/01/18,59.76
14/01/18,55.71
15/01/18,56.11
16/01/18,57.94
17/01/18,59.21
18/01/18,58.87
19/01/18,59.02
20/01/18,58.86
21/01/18,57.29
22/01/18,58.36
23/01/18,57.97
24/01/18,58.49
25/01/18,59.33
26/01/18,56.63
27/01/18,57.96
28/01/18,57.68
29/01/18,58.91
30/01/18,58.46
31/01/18,58.62
01/02/18,58.57
02/02/18,58.84
03/02/18,58.33
04/02/18,56.13
05/02/18,58.07
06/02/18,59.77
07/02/18,60.28
08/02/18,59.97
09/02/18,60.43
10/02/18,59.88
11/02/18,56.1
12/02/18,55.64
13/02/18,56.3
14/02/18,55.89
15/02/18,56.67
16/02/18,58.81
17/02/18,59.01
18/02/18,57.48
19/02/18,58.42
20/02/18,60.07
21/02/18,60.46
22/02/18,60.79
23/02/18,60.54
24/02/18,59.47
25/02/18,57.88
26/02/18,59.83
27/02/18,60.74
28/02/18,61.67
01/03/18,61.32
02/03/18,56.1
03/03/18,56.53
04/03/18,58.39
05/03/18,59.74
06/03/18,60.54
07/03/18,61.07
08/03/18,61.28
09/03/18,61.22
10/03/18,61.29
11/03/18,60.36
12/03/18,61.58
13/03/18,61.76
14/03/18,61.15
15/03/18,61.88
16/03/18,61.39
17/03/18,58.93
18/03/18,58.43
19/03/18,60.12
20/03/18,61.01
21/03/18,60.71
22/03/18,61.73
23/03/18,62.32
24/03/18,62.4
25/03/18,60.66
26/03/18,62.79
27/03/18,63.34
28/03/18,64.35
29/03/18,64.6
30/03/18,63.1
31/03/18,60.43
01/04/18,56.51
02/04/18,57.32
03/04/18,59.88
04/04/18,60.79
05/04/18,60.67
06/04/18,60.24
07/04/18,58.07
08/04/18,55.43
09/04/18,57.14
10/04/18,58.36
11/04/18,57.68
12/04/18,57.14
13/04/18,58.38
14/04/18,58.56
15/04/18,57.56
16/04/18,60.61
17/04/18,61.29
18/04/18,60.39
19/04/18,61.26
20/04/18,59.61
21/04/18,61.13
22/04/18,58.83
23/04/18,61.17
24/04/18,61.35
25/04/18,61.48
26/04/18,61.36
27/04/18,61.76
28/04/18,61.63
29/04/18,58.54
30/04/18,57.34
01/05/18,55.28
02/05/18,56.18
03/05/18,54.02
04/05/18,57.55
05/05/18,59.9
06/05/18,58.01
07/05/18,59.42
08/05/18,58.53
09/05/18,59.51
10/05/18,60.57
11/05/18,60.87
12/05/18,59.34
13/05/18,57.07
14/05/18,55.19
15/05/18,59.85
16/05/18,60.23
17/05/18,60.77
18/05/18,60.74
19/05/18,60.24
20/05/18,58.5
21/05/18,61.57
22/05/18,63.92
23/05/18,63.83
24/05/18,63.22
25/05/18,62.58
26/05/18,62.32
27/05/18,61.3
28/05/18,63.03
29/05/18,61.25
30/05/18,61.85
31/05/18,62.42
01/06/18,59.12
02/06/18,57.68
03/06/18,54.99
04/06/18,58.83
05/06/18,59.38
06/06/18,57.35
07/06/18,57.06
08/06/18,53.65
09/06/18,47.34
10/06/18,46.44
11/06/18,51.27
12/06/18,52.26
13/06/18,51.09
14/06/18,52.12
15/06/18,54.91
16/06/18,54.25
17/06/18,50.33
18/06/18,54.58
19/06/18,57.17
20/06/18,59.54
21/06/18,60.14
22/06/18,60.92
23/06/18,60.46
24/06/18,56.87
25/06/18,58.39
26/06/18,55.77
27/06/18,54.15
28/06/18,51.2
29/06/18,52.99
30/06/18,55.23
01/07/18,53.67
02/07/18,52.82
03/07/18,50.7
04/07/18,49.68
05/07/18,53.01
06/07/18,55.03
07/07/18,56
08/07/18,56.03
09/07/18,55.37
10/07/18,55.59
11/07/18,53.49
12/07/18,53.09
13/07/18,51.22
14/07/18,50.7
15/07/18,49.54
16/07/18,50.7
17/07/18,50.66
18/07/18,52.18
19/07/18,52.55
20/07/18,52.3
21/07/18,49.1
22/07/18,45.11
23/07/18,48.42
24/07/18,50.31
25/07/18,48.83
26/07/18,45.39
27/07/18,45.96
28/07/18,47.41
29/07/18,47.21
30/07/18,50.56
31/07/18,51.18
01/08/18,51.75
02/08/18,53.04
03/08/18,54.03
04/08/18,54.63
05/08/18,52.66
06/08/18,52.92
07/08/18,54.64
08/08/18,55.02
09/08/18,56.15
10/08/18,56.56
11/08/18,53.75
12/08/18,49.53
13/08/18,51.89
14/08/18,53.93
15/08/18,49.86
16/08/18,50.23
17/08/18,50.86
18/08/18,52.14
19/08/18,48.92
20/08/18,49.7
21/08/18,50.61
22/08/18,51.32
23/08/18,50.92
24/08/18,51.54
25/08/18,50.65
26/08/18,47.27
27/08/18,50.69
28/08/18,52.17
29/08/18,52.44
30/08/18,52.35
31/08/18,52
01/09/18,51.28
02/09/18,47.9
03/09/18,48.87
04/09/18,50.91
05/09/18,51.35
06/09/18,51.96
07/09/18,51.92
08/09/18,52.75
09/09/18,53.52
10/09/18,56.3
11/09/18,57.96
12/09/18,58.19
13/09/18,58.06
14/09/18,60.21
15/09/18,60.8
16/09/18,60.66
17/09/18,60.57
18/09/18,61.27
19/09/18,62.06
20/09/18,61.71
21/09/18,58.63
22/09/18,53.21
23/09/18,51.18
24/09/18,53.59
25/09/18,55.41
26/09/18,56.68
27/09/18,57.41
28/09/18,58.61
29/09/18,59.36
30/09/18,58.04
01/10/18,59.54
02/10/18,59.09
03/10/18,61.13
04/10/18,60.81
05/10/18,60.37
06/10/18,59.98
07/10/18,59.48
08/10/18,61.06
09/10/18,60.7
10/10/18,61.67
11/10/18,60.59
12/10/18,60.71
13/10/18,60.71
14/10/18,59.71
15/10/18,61.29
16/10/18,61.23
17/10/18,61.01
18/10/18,59.23
19/10/18,58.84
20/10/18,59.63
21/10/18,58.95
22/10/18,59.19
23/10/18,60.34
24/10/18,60.31
25/10/18,60.17
26/10/18,59.45
27/10/18,59.41
28/10/18,57.33
29/10/18,58.52
30/10/18,58.53
31/10/18,59.19
01/11/18,60.04
02/11/18,59.79
03/11/18,59.01
04/11/18,56.58
05/11/18,58.82
06/11/18,57.88
07/11/18,53.98
08/11/18,51.66
09/11/18,53.81
10/11/18,55.61
11/11/18,55.73
12/11/18,57.15
13/11/18,58.05
14/11/18,58.02
15/11/18,57.3
16/11/18,55.98
17/11/18,56.8
18/11/18,56.14
19/11/18,57.78
20/11/18,57.69
21/11/18,57.73
22/11/18,56.95
23/11/18,56.04
24/11/18,56.66
25/11/18,55.58
26/11/18,56.68
27/11/18,56.83
28/11/18,56.74
29/11/18,56.96
30/11/18,56.96
01/12/18,56.38
02/12/18,54.62
03/12/18,55.85
04/12/18,56.58
05/12/18,57.2
06/12/18,57.58
07/12/18,56.85
08/12/18,56.58
09/12/18,55.33
10/12/18,56.77
11/12/18,56.99
12/12/18,56.44
13/12/18,56.12
14/12/18,54.98
15/12/18,53.67
16/12/18,52.37
17/12/18,53.6
18/12/18,54.29
19/12/18,55
20/12/18,55.83
21/12/18,56.88
22/12/18,57.09
23/12/18,55.16
24/12/18,55.62
25/12/18,56.22
26/12/18,57.61
27/12/18,58.17
28/12/18,57.88
29/12/18,56.64
30/12/18,54.73
31/12/18,55.91
01/01/19,55.79
02/01/19,56.32
03/01/19,56.92
04/01/19,57.63
05/01/19,56.86
06/01/19,54.24
07/01/19,55.74
08/01/19,57.73
09/01/19,57.37
10/01/19,57.68
11/01/19,58.63
12/01/19,58.54
13/01/19,56.15
14/01/19,54.39
15/01/19,55.63
16/01/19,57.01
17/01/19,57.46
18/01/19,58.22
19/01/19,57.99
20/01/19,55.99
21/01/19,55.34
22/01/19,54.83
23/01/19,57.35
24/01/19,56.58
25/01/19,55.93
26/01/19,52.06
27/01/19,51.87
28/01/19,54.31
29/01/19,55.62
30/01/19,56.77
31/01/19,56.72
01/02/19,55.37
02/02/19,55.62
03/02/19,53.77
04/02/19,55.37
05/02/19,57.69
06/02/19,57.48
07/02/19,54.87
08/02/19,56.53
09/02/19,56.3
10/02/19,54.93
11/02/19,55.54
12/02/19,56.17
13/02/19,57.01
14/02/19,57.01
15/02/19,56.09
16/02/19,55.55
17/02/19,54.81
18/02/19,56.02
19/02/19,57.9
20/02/19,57.84
21/02/19,57.59
22/02/19,57.23
23/02/19,57.08
24/02/19,55.6
25/02/19,57.01
26/02/19,57.08
27/02/19,56.98
28/02/19,57.78
01/03/19,58.27
02/03/19,56.79
03/03/19,54.77
04/03/19,56.69
05/03/19,57.83
06/03/19,58.48
07/03/19,59.55
08/03/19,59.07
09/03/19,58.94
10/03/19,58.54
11/03/19,59.88
12/03/19,60.81
13/03/19,60.62
14/03/19,59.96
15/03/19,58.42
16/03/19,58.39
17/03/19,57.22
18/03/19,59.23
19/03/19,60.51
20/03/19,59.74
21/03/19,53.81
22/03/19,56.3
23/03/19,58.91
24/03/19,58.75
25/03/19,60.44
26/03/19,60.36
27/03/19,61.48
28/03/19,62.15
29/03/19,62.8
30/03/19,62.51
31/03/19,58.41
01/04/19,59.57
02/04/19,61.89
03/04/19,63.08
04/04/19,64.05
05/04/19,62.49
06/04/19,60.96
07/04/19,56.3
08/04/19,59.36
09/04/19,60.09
10/04/19,61.63
11/04/19,62.38
12/04/19,62.42
13/04/19,62.12
14/04/19,60.21
15/04/19,61.18
16/04/19,57.16
17/04/19,54.24
18/04/19,55.64
19/04/19,57.05
20/04/19,58.27
21/04/19,56.5
22/04/19,59.16
23/04/19,59.75
24/04/19,61.66
25/04/19,63.86
26/04/19,64.21
27/04/19,63.59
28/04/19,61.4
29/04/19,63.21
30/04/19,61.04
01/05/19,56.38
02/05/19,56.1
03/05/19,54.46
04/05/19,55.27
05/05/19,56.6
06/05/19,59.47
07/05/19,59.28
08/05/19,59.29
09/05/19,60.43
10/05/19,61.75
11/05/19,61.22
12/05/19,59.51
13/05/19,59.72
14/05/19,58.53
15/05/19,60.41
16/05/19,61.75
17/05/19,60.56
18/05/19,59.11
19/05/19,58.85
20/05/19,62.01
21/05/19,63.51
22/05/19,63.67
23/05/19,63.13
24/05/19,60.83
25/05/19,60.97
26/05/19,58.92
27/05/19,62.68
28/05/19,64
29/05/19,64.9
30/05/19,65.05
31/05/19,64.33
01/06/19,63.49
02/06/19,60.19
03/06/19,58.2
04/06/19,60.25
05/06/19,63.34
06/06/19,62.23
07/06/19,61.22
08/06/19,61.85
09/06/19,61.02
10/06/19,62.43
11/06/19,62.03
12/06/19,59.08
13/06/19,57.22
14/06/19,61.15
15/06/19,58.47
16/06/19,54.72
17/06/19,55.59
18/06/19,55.84
19/06/19,57.69
20/06/19,58.84
21/06/19,60.58
22/06/19,60.15
23/06/19,57.89
24/06/19,59.84
25/06/19,61.23
26/06/19,60.75
27/06/19,59.16
28/06/19,58.15
29/06/19,58.33
30/06/19,55.62
01/07/19,57.42
02/07/19,57.36
03/07/19,56.9
04/07/19,56.07
05/07/19,54.36
06/07/19,51.86
07/07/19,48.9
08/07/19,51.18
09/07/19,50.39
10/07/19,50.55
11/07/19,50.01
12/07/19,52.9
13/07/19,53.16
14/07/19,50.11
15/07/19,51.26
16/07/19,51.58
17/07/19,54.48
18/07/19,56.08
19/07/19,57.65
20/07/19,57.4
21/07/19,55.88
22/07/19,58.39
23/07/19,60.43
24/07/19,58.36
25/07/19,53.75
26/07/19,51.27
27/07/19,48.83
28/07/19,46.14
29/07/19,48.82
30/07/19,50.94
31/07/19,51.17
01/08/19,50.75
02/08/19,49.81
03/08/19,48.88
04/08/19,47.72
05/08/19,49.31
06/08/19,47.63
07/08/19,46.03
08/08/19,47.44
09/08/19,46.3
10/08/19,45.45
11/08/19,46.87
12/08/19,50.34
13/08/19,49.72
14/08/19,48.51
15/08/19,42.84
16/08/19,45.04
17/08/19,45
18/08/19,44.72
19/08/19,48.38
20/08/19,49.54
21/08/19,49.45
22/08/19,50.26
23/08/19,50.54
24/08/19,48.61
25/08/19,48.37
26/08/19,50.14
27/08/19,52.58
28/08/19,54.75
29/08/19,55.59
30/08/19,55.33
31/08/19,54.73
01/09/19,50.42
02/09/19,50.46
03/09/19,51.47
04/09/19,51.11
05/09/19,50.17
06/09/19,49.77
07/09/19,48.86
08/09/19,46.81
09/09/19,49.28
10/09/19,51.62
11/09/19,52.13
12/09/19,50.53
13/09/19,49.73
14/09/19,50.28
15/09/19,48.84
16/09/19,49.97
17/09/19,51.13
18/09/19,50.81
19/09/19,50.68
20/09/19,51.82
21/09/19,52.24
22/09/19,48.7
23/09/19,51.49
24/09/19,50.71
25/09/19,48.75
26/09/19,46.96
27/09/19,45.3
28/09/19,43.03
29/09/19,39.25
30/09/19,41.51
01/10/19,43.83
02/10/19,43.81
03/10/19,47.21
04/10/19,48.66
05/10/19,49.96
06/10/19,48.03
07/10/19,48.04
08/10/19,44.54
09/10/19,47.02
10/10/19,49.74
11/10/19,50.83
12/10/19,51.46
13/10/19,49.88
14/10/19,52.05
15/10/19,53.22
16/10/19,53.98
17/10/19,53.58
18/10/19,52.66
19/10/19,51.84
20/10/19,49.22
21/10/19,48.47
22/10/19,48.74
23/10/19,48.15
24/10/19,46.76
25/10/19,45.72
26/10/19,43.03
27/10/19,40.69
28/10/19,39.28
29/10/19,41.45
30/10/19,43.03
31/10/19,44.5
01/11/19,45.77
02/11/19,46.88
03/11/19,45.6
04/11/19,48.12
05/11/19,49.93
06/11/19,51.34
07/11/19,49.72
08/11/19,47.95
09/11/19,46.99
10/11/19,46.34
11/11/19,49.43
12/11/19,50.4
13/11/19,51.32
14/11/19,51.26
15/11/19,51.53
16/11/19,51.16
17/11/19,48.8
18/11/19,51.69
19/11/19,52.85
20/11/19,52.71
21/11/19,52.35
22/11/19,52.77
23/11/19,51.33
24/11/19,49.89
25/11/19,51.62
26/11/19,52.07
27/11/19,51.38
28/11/19,50.41
29/11/19,50.71
30/11/19,50.52
01/12/19,48.71
02/12/19,49.57
03/12/19,49.96
04/12/19,50.23
05/12/19,50.83
06/12/19,51.29
07/12/19,50.21
08/12/19,48.74
09/12/19,50.81
10/12/19,53.57
11/12/19,55.36
12/12/19,54.47
13/12/19,50.83
14/12/19,51.7
15/12/19,49.09
16/12/19,50.08
17/12/19,51.11
18/12/19,52.94
19/12/19,54.4
20/12/19,56.33
21/12/19,54.87
22/12/19,52.39
23/12/19,54.59
24/12/19,56.05
25/12/19,55.83
26/12/19,56.9
27/12/19,56.6
28/12/19,55.78
29/12/19,54.13
30/12/19,55.89
31/12/19,56.87
01/01/20,54.85
02/01/20,55.64
03/01/20,56.19
04/01/20,56.27
05/01/20,54.21
06/01/20,55.02
07/01/20,56.11
08/01/20,56.18
09/01/20,55.12
10/01/20,54.84
11/01/20,55.89
12/01/20,55.79
13/01/20,56.91
14/01/20,55.9
15/01/20,53.7
16/01/20,52.84
17/01/20,55.04
18/01/20,55.6
19/01/20,53.14
20/01/20,55.94
21/01/20,56.77
22/01/20,55.07
23/01/20,55.57
24/01/20,57.42
25/01/20,58.57
26/01/20,55.43
27/01/20,57.29
28/01/20,58.09
29/01/20,58.7
30/01/20,58.42
31/01/20,58.68
01/02/20,57.56
02/02/20,55.17
03/02/20,57.37
04/02/20,59.19
05/02/20,59.27
06/02/20,59.39
07/02/20,59.69
08/02/20,58.4
09/02/20,55.84
10/02/20,57.51
11/02/20,58.33
12/02/20,59.02
13/02/20,60.76
14/02/20,61.03
15/02/20,61.23
16/02/20,58.69
17/02/20,59.87
18/02/20,61.36
19/02/20,61.18
20/02/20,59.61
21/02/20,57.59
22/02/20,57.83
23/02/20,56.6
24/02/20,58.72
25/02/20,59.56
26/02/20,59.46
27/02/20,58.47
28/02/20,58.42
29/02/20,57.77
01/03/20,54.53
02/03/20,57.81
03/03/20,58.24
04/03/20,57.26
05/03/20,55.96
06/03/20,54.39
07/03/20,56.02
08/03/20,54.16
09/03/20,53.72
10/03/20,48.09
11/03/20,50.21
12/03/20,53.23
13/03/20,54.24
14/03/20,53.52
15/03/20,51.13
16/03/20,53.67
17/03/20,55.79
18/03/20,57.32
01/06/20,46.76
02/06/20,46.55
03/06/20,45.35
04/06/20,44.24
05/06/20,42.92
06/06/20,43.59
07/06/20,43.26
08/06/20,46.18
09/06/20,48.81
10/06/20,50.64
11/06/20,49.93
12/06/20,49.66
13/06/20,49
14/06/20,47.82
15/06/20,49.17
16/06/20,49.9
17/06/20,49.63
18/06/20,49.66
19/06/20,49.08
20/06/20,48.78
21/06/20,47.02
22/06/20,48.54
23/06/20,51.16
24/06/20,52.24
25/06/20,52.31
26/06/20,51.92
27/06/20,51.86
28/06/20,50.48
29/06/20,52.59
30/06/20,53.98
01/07/20,54.66
02/07/20,55.02
03/07/20,54.02
04/07/20,51.52
05/07/20,45.23
06/07/20,43.23
07/07/20,48.44
08/07/20,49.51
09/07/20,51.29
10/07/20,51.03
11/07/20,48.63
12/07/20,44.48
13/07/20,50.19
14/07/20,53.09
15/07/20,53.58
16/07/20,53.34
17/07/20,54.21
18/07/20,55.75
19/07/20,52.86
20/07/20,50.74
21/07/20,48.84
22/07/20,51.93
23/07/20,53.2
24/07/20,54.33
25/07/20,54.44
26/07/20,53.41
27/07/20,56.4
28/07/20,57.09
29/07/20,56.01
30/07/20,55.11
31/07/20,56.31
01/08/20,55.07
02/08/20,53.03
03/08/20,51.94
04/08/20,51.71
05/08/20,50.91
06/08/20,49.07
07/08/20,51.68
08/08/20,52.95
09/08/20,51.55
10/08/20,51.12
11/08/20,50.38
12/08/20,47.58
13/08/20,46.52
14/08/20,47
15/08/20,45.22
16/08/20,45
17/08/20,48.31
18/08/20,49.29
19/08/20,46.59
20/08/20,45.26
21/08/20,45.73
22/08/20,45.23
23/08/20,43.71
24/08/20,46.04
25/08/20,48.85
26/08/20,50.22
27/08/20,50.03
28/08/20,48.71
29/08/20,48.48
30/08/20,46.28
31/08/20,49.25
01/09/20,51.87
02/09/20,53.44
03/09/20,54.65
04/09/20,55.86
05/09/20,56.22
06/09/20,52.95
07/09/20,53.86
08/09/20,57.01
09/09/20,59.49
10/09/20,58.97
11/09/20,57.66
12/09/20,56.89
13/09/20,54.7
14/09/20,55.1
15/09/20,55.96
16/09/20,56.72
17/09/20,55.03
18/09/20,54.69
19/09/20,55.77
20/09/20,53.55
21/09/20,52.94
22/09/20,52.16
23/09/20,50.8
24/09/20,52.3
25/09/20,53.82
26/09/20,52.37
27/09/20,51.03
28/09/20,55.3
29/09/20,56.29
30/09/20,55.67
01/10/20,54.36
02/10/20,53.13
03/10/20,54.74
04/10/20,52.71
05/10/20,54.81
06/10/20,56.1
07/10/20,58.17
08/10/20,59.29
09/10/20,59.35
10/10/20,58.44
11/10/20,55.05
12/10/20,55.6
13/10/20,56.61
14/10/20,53.67
15/10/20,53.94
16/10/20,54.89
17/10/20,56.36
18/10/20,54.64
19/10/20,56.14
20/10/20,56.82
21/10/20,55.74
22/10/20,54.7
23/10/20,53.89
24/10/20,52.56
25/10/20,49.79
26/10/20,51.87
27/10/20,53.78
28/10/20,54.29
29/10/20,55.77
30/10/20,55.87
31/10/20,56.01
01/11/20,53.89
02/11/20,55.53
03/11/20,56.26
04/11/20,56.29
05/11/20,55.79
06/11/20,56.59
07/11/20,56.25
08/11/20,54.04
09/11/20,55.39
10/11/20,55.32
11/11/20,54.48
12/11/20,55.53
13/11/20,54.21
14/11/20,47.99
15/11/20,45.49
16/11/20,45.4
17/11/20,48.79
18/11/20,51.19
19/11/20,51.87
20/11/20,52.59
21/11/20,52.27
22/11/20,51.89
23/11/20,54
24/11/20,55.21
25/11/20,53.54
26/11/20,50.35
27/11/20,50.29
28/11/20,52.06
29/11/20,51.71
30/11/20,53.68
01/12/20,54.35
02/12/20,55.75
03/12/20,56.13
04/12/20,56.12
05/12/20,56.02
06/12/20,53.48
07/12/20,55.64
08/12/20,56.34
09/12/20,55.93
10/12/20,56.13
11/12/20,55.71
12/12/20,54.06
13/12/20,52.66
14/12/20,54.09
15/12/20,55.99
16/12/20,55.64
17/12/20,56.78
18/12/20,58.21
19/12/20,57.85
20/12/20,56.88
21/12/20,58.76
22/12/20,59.9
23/12/20,60.14
24/12/20,60.22
25/12/20,60.03
26/12/20,60.76
27/12/20,58.32
28/12/20,60.04
29/12/20,60.69
30/12/20,59.91
31/12/20,59.94
01/01/21,59.59
02/01/21,59.19
03/01/21,57.2
04/01/21,57.98
05/01/21,58.05
06/01/21,58.83
07/01/21,58.47
08/01/21,58.96
09/01/21,57.66
10/01/21,56.66
11/01/21,60.27
12/01/21,60.45
13/01/21,60.5
14/01/21,58.89
15/01/21,58.75
16/01/21,60.38
17/01/21,59.65
18/01/21,61.35
19/01/21,63.85
20/01/21,65.24
21/01/21,66.02
22/01/21,66.15
23/01/21,65.63
24/01/21,63.07
25/01/21,63.82
26/01/21,61.57
27/01/21,63.44
28/01/21,64.82
29/01/21,65.69
30/01/21,65.97
31/01/21,63.76
01/02/21,63.8
02/02/21,64.43
03/02/21,64.79
04/02/21,62.77
05/02/21,62.42
06/02/21,61.88
07/02/21,60.3
08/02/21,61.78
09/02/21,63.68
10/02/21,64.16
11/02/21,63.91
12/02/21,63.73
13/02/21,63.64
14/02/21,61.69
15/02/21,63.06
16/02/21,63.41
17/02/21,62.4
18/02/21,61.68
19/02/21,60.86
20/02/21,60.22
21/02/21,58.14
22/02/21,60.85
23/02/21,62.19
24/02/21,63.15
25/02/21,64.09
26/02/21,64.14
27/02/21,64.22
28/02/21,63.41
01/03/21,65.27
02/03/21,66.1
03/03/21,66.25
04/03/21,66.14
05/03/21,66.99
06/03/21,66.55
07/03/21,64.04
08/03/21,66.02
09/03/21,68.08
10/03/21,68.45
11/03/21,68.27
12/03/21,65.61
13/03/21,63.85
14/03/21,63.75
15/03/21,66.53
16/03/21,67.41
17/03/21,68.08
18/03/21,68.53
19/03/21,68.46
20/03/21,68.2
21/03/21,66.61
22/03/21,67.28
23/03/21,65.42
24/03/21,66.53
25/03/21,68
26/03/21,67.7
27/03/21,67.9
28/03/21,65.44
29/03/21,60.14
30/03/21,61.33
31/03/21,64.57
01/04/21,65.19
02/04/21,66.2
03/04/21,66.88
04/04/21,65.5
05/04/21,67.28
06/04/21,67.13
07/04/21,68
08/04/21,69.19
09/04/21,69.08
10/04/21,68.72
11/04/21,66.71
12/04/21,68.69
13/04/21,69.65
14/04/21,67.13
15/04/21,66.84
16/04/21,67.07
17/04/21,65.33
18/04/21,65.39
19/04/21,66.35
20/04/21,67.35
21/04/21,65.78
22/04/21,63.57
23/04/21,62.66
24/04/21,63.64
25/04/21,62.51
26/04/21,65.36
27/04/21,66.11
28/04/21,66.67
29/04/21,66.49
30/04/21,65.84
01/05/21,62.7
02/05/21,61.47
03/05/21,61.5
04/05/21,61.84
05/05/21,60.48
06/05/21,59.79
07/05/21,59.55
08/05/21,60.88
09/05/21,58.51
10/05/21,59.06
11/05/21,57.73
12/05/21,55.01
13/05/21,52.28
14/05/21,55.1
15/05/21,55.45
16/05/21,50.72
17/05/21,50.47
18/05/21,48.91
19/05/21,47.2
20/05/21,46.13
21/05/21,46.85
22/05/21,49.39
23/05/21,49.69
24/05/21,51.23
25/05/21,50.5
26/05/21,48.84
27/05/21,48.5
28/05/21,49.95
29/05/21,52.15
30/05/21,50.49
31/05/21,52.37
01/06/21,49.56
02/06/21,53.08
03/06/21,55.25
04/06/21,56.87
05/06/21,55.34
06/06/21,53.92
07/06/21,55.04
08/06/21,55.01
09/06/21,53.93
10/06/21,52.97
11/06/21,50.13
12/06/21,49.42
13/06/21,46.25
14/06/21,50.2
15/06/21,49.91
16/06/21,50.63
17/06/21,52
18/06/21,52.49
19/06/21,50.82
20/06/21,47.75
21/06/21,52.76
22/06/21,57.51
23/06/21,60.79
24/06/21,57.98
25/06/21,57.42
26/06/21,56.77
27/06/21,58.7
28/06/21,62.77
29/06/21,64.98
30/06/21,63.91
01/07/21,62.2
02/07/21,60.01
03/07/21,60.21
04/07/21,62.1
05/07/21,65.71
06/07/21,68.29
07/07/21,67.91
08/07/21,65.26
09/07/21,64.54
10/07/21,64.47
11/07/21,60.78
12/07/21,59.69
13/07/21,59.19
14/07/21,58.26
15/07/21,58.95
16/07/21,62.09
17/07/21,62.63
18/07/21,56.03
19/07/21,51.29
20/07/21,49.51
21/07/21,48.76
22/07/21,49.89
23/07/21,53.25
24/07/21,52.76
25/07/21,51.99
26/07/21,53.4
27/07/21,52.27
28/07/21,47.66
29/07/21,47.5
30/07/21,46.77
31/07/21,46.63
01/08/21,44.38
02/08/21,48.73
03/08/21,50.42
04/08/21,52.24
05/08/21,55.33
06/08/21,57.74
07/08/21,60.52
08/08/21,59.82
09/08/21,61.56
10/08/21,62.35
11/08/21,62.86
12/08/21,63.84
13/08/21,64.61
14/08/21,63.2
15/08/21,60.79
16/08/21,64.65
17/08/21,65.87
18/08/21,63.98
19/08/21,62.34
20/08/21,61.57
21/08/21,60.04
22/08/21,57.45
23/08/21,59.11
24/08/21,60.56
25/08/21,60.57
26/08/21,60.31
27/08/21,60.57
28/08/21,60.69
29/08/21,58.86
30/08/21,59.25
31/08/21,58.43
01/09/21,58.94
02/09/21,59.41
03/09/21,59.04
04/09/21,56.43
05/09/21,55.33
06/09/21,57.94
07/09/21,55.53
08/09/21,54.27
09/09/21,56.37
10/09/21,54.49
11/09/21,50.96
12/09/21,47.07
13/09/21,47.61
14/09/21,47.63
15/09/21,50.33
16/09/21,51.34
17/09/21,52.92
18/09/21,55.61
19/09/21,56.8
20/09/21,57.91
21/09/21,55.81
22/09/21,53.38
23/09/21,53.47
24/09/21,54.04
25/09/21,53.67
26/09/21,52.35
27/09/21,53.24
28/09/21,52.03
29/09/21,52.15
30/09/21,54.46
01/10/21,55.61
02/10/21,53.44
03/10/21,52.47
04/10/21,54.73
05/10/21,55.5
06/10/21,56.25
07/10/21,56.42
08/10/21,56.88
09/10/21,55.69
10/10/21,54.85
11/10/21,57.2
12/10/21,57.55
13/10/21,57.61
14/10/21,56.96
15/10/21,55.78
16/10/21,57.02
17/10/21,53.26
18/10/21,50.47
19/10/21,53.15
20/10/21,54.93
21/10/21,54.43
22/10/21,54.11
23/10/21,54.19
24/10/21,51.82
25/10/21,53.75
26/10/21,54.68
27/10/21,54.12
28/10/21,53.71
29/10/21,54.06
30/10/21,52.98
31/10/21,51.89
01/11/21,53.27
02/11/21,53.69
03/11/21,52.77
04/11/21,47.6
05/11/21,44.13
06/11/21,46.13
07/11/21,46.96
08/11/21,49.96
09/11/21,52.34
10/11/21,53.4
11/11/21,52.52
12/11/21,53.05
13/11/21,53.84
14/11/21,52.78
15/11/21,53.88
16/11/21,53.22
17/11/21,53.89
18/11/21,54.13
19/11/21,52.58
20/11/21,51.78
21/11/21,50.1
22/11/21,53.17
23/11/21,55.59
24/11/21,55.91
25/11/21,55.68
26/11/21,55.42
27/11/21,54.87
28/11/21,51.98
29/11/21,52.63
30/11/21,53.15
01/12/21,53.99
02/12/21,53.42
03/12/21,54.41
04/12/21,54.78
05/12/21,53.87
06/12/21,55.89
07/12/21,57.2
08/12/21,57.07
09/12/21,57.57
10/12/21,56.95
11/12/21,56.64
12/12/21,54.71
13/12/21,57.3
14/12/21,58.3
15/12/21,58.02
16/12/21,58.07
17/12/21,58.16
18/12/21,58.05
19/12/21,55.5
20/12/21,59.56
21/12/21,62.18
22/12/21,63.46
23/12/21,64.11
24/12/21,64.08
25/12/21,63.15
26/12/21,61.24
27/12/21,61.74
28/12/21,60.39
29/12/21,58.65
30/12/21,57.87
31/12/21,57.95
01/01/22,58.9
02/01/22,56.92
03/01/22,60.34
04/01/22,62.53
05/01/22,62.39
06/01/22,60.93
07/01/22,60.89
08/01/22,58.42
09/01/22,56.18
10/01/22,58.35
11/01/22,58.65
12/01/22,59.02
13/01/22,59.09
14/01/22,56.83
15/01/22,56.05
16/01/22,55.77
17/01/22,59.5
18/01/22,61.32
19/01/22,62.68
20/01/22,62.6
21/01/22,63
22/01/22,59.48
23/01/22,58.76
24/01/22,62.51
25/01/22,63.07
26/01/22,60.42
27/01/22,61.5
28/01/22,62.28
29/01/22,62.87
30/01/22,62.17
31/01/22,63.71
01/02/22,64.77
02/02/22,64.86
03/02/22,62.53
04/02/22,63.87
05/02/22,64.9
06/02/22,62.72
07/02/22,65.1
08/02/22,65.89
09/02/22,64.45
10/02/22,63.71
11/02/22,63.28
12/02/22,64.08
13/02/22,62.43
14/02/22,63.98
15/02/22,64.73
16/02/22,65.54
17/02/22,65.03
18/02/22,64.28
19/02/22,63.64
20/02/22,62
21/02/22,63.82
22/02/22,63.64
23/02/22,64.56
24/02/22,66.18
25/02/22,65.88
26/02/22,64.1
27/02/22,61.13
28/02/22,64.28
01/03/22,65.38
02/03/22,63.87
03/03/22,63.83
04/03/22,64.81
05/03/22,65.68
06/03/22,64.62
07/03/22,65.44
08/03/22,66.18
09/03/22,66.87
10/03/22,68.11
11/03/22,68.75
12/03/22,68.23
13/03/22,66.9
14/03/22,68.75
15/03/22,69.29
16/03/22,70.11
17/03/22,69.17
18/03/22,64.09
19/03/22,64.23
20/03/22,65.53
21/03/22,68.66
22/03/22,68.87
23/03/22,69.74
24/03/22,70.22
25/03/22,70.61
26/03/22,70.47
27/03/22,68.94
28/03/22,70.43
29/03/22,70.85
30/03/22,71.59
31/03/22,71.94
01/04/22,71.87
02/04/22,71.29
03/04/22,69.03
04/04/22,71.38
05/04/22,71.9
06/04/22,70.92
07/04/22,71.55
08/04/22,71.65
09/04/22,71.31
10/04/22,69.27
11/04/22,69.93
12/04/22,70.51
13/04/22,71.23
14/04/22,70.63
15/04/22,70.38
16/04/22,71.54
17/04/22,68.63
18/04/22,70.84
19/04/22,71.69
20/04/22,71.33
21/04/22,71.59
22/04/22,71.15
23/04/22,71.99
24/04/22,69.82
25/04/22,72.36
26/04/22,72.51
27/04/22,72.87
28/04/22,72.49
29/04/22,71.74
30/04/22,70.65
01/05/22,67.24
02/05/22,69.5
03/05/22,69.2
04/05/22,69.72
05/05/22,69.14
06/05/22,71.44
07/05/22,71.76
08/05/22,69.27
09/05/22,69.95
10/05/22,69.13
11/05/22,69.22
12/05/22,68.37
13/05/22,67.67
14/05/22,67.3
15/05/22,65.15
16/05/22,67.79
17/05/22,69.53
18/05/22,71.35
19/05/22,70.7
20/05/22,67.55
21/05/22,60.96
22/05/22,56.04
23/05/22,55.22
24/05/22,59.92
25/05/22,66.08
26/05/22,66.71
27/05/22,65
28/05/22,64.63
29/05/22,63.3
30/05/22,68.27
31/05/22,69.5
01/06/22,69.33
02/06/22,70.49
03/06/22,70.06
04/06/22,70.79
05/06/22,68.23
06/06/22,70.5
07/06/22,70.05
08/06/22,68.84
09/06/22,68.14
10/06/22,69.51
11/06/22,69.15
12/06/22,67.68
13/06/22,71.22
14/06/22,72.18
15/06/22,69.96
16/06/22,67.62
17/06/22,66.26
18/06/22,65.26
19/06/22,60.94
20/06/22,60.68
21/06/22,60.57
22/06/22,65.34
23/06/22,68.11
24/06/22,67.44
25/06/22,66.71
26/06/22,65.27
27/06/22,68.31
28/06/22,68.9
29/06/22,65.98
30/06/22,60.18
01/07/22,59.35
02/07/22,61.02
03/07/22,58.7
04/07/22,62.84
05/07/22,63.67
06/07/22,63.28
07/07/22,63.83
08/07/22,62.89
09/07/22,58.15
10/07/22,53.22
11/07/22,55.99
12/07/22,56.38
13/07/22,57.42
14/07/22,56.02
15/07/22,56.09
16/07/22,56.52
17/07/22,54.08
18/07/22,59.71
19/07/22,61.82
20/07/22,59.21
21/07/22,54.28
22/07/22,56.65
23/07/22,55.59
24/07/22,51.52
25/07/22,55.8
26/07/22,59.75
27/07/22,60.87
28/07/22,60.19
29/07/22,61.4
30/07/22,58.73
31/07/22,54.89
01/08/22,57.47
02/08/22,59.51
03/08/22,62.54
04/08/22,62.37
05/08/22,59.84
06/08/22,57.62
07/08/22,53.64
08/08/22,55.38
09/08/22,55.51
10/08/22,54.9
11/08/22,51.02
12/08/22,53.76
13/08/22,55.52
14/08/22,51.32
15/08/22,48.16
16/08/22,53.06
17/08/22,57.05
18/08/22,58.46
19/08/22,58.5
20/08/22,56.57
21/08/22,53.94
22/08/22,56.13
23/08/22,58.11
24/08/22,58.41
25/08/22,59.65
26/08/22,62.76
27/08/22,62.1
28/08/22,60.42
29/08/22,64.03
30/08/22,65.77
31/08/22,64.89
01/09/22,64.7
02/09/22,65.68
03/09/22,65.68
04/09/22,61.13
05/09/22,64.78
06/09/22,66.39
07/09/22,67.16
08/09/22,65.86
09/09/22,64.58
10/09/22,63.26
11/09/22,57.98
12/09/22,57.88
13/09/22,57.78
14/09/22,57.95
15/09/22,55.23
16/09/22,52.82
17/09/22,53.66
18/09/22,55.08
19/09/22,58.64
20/09/22,59.62
21/09/22,58.88
22/09/22,55.91
23/09/22,54
24/09/22,53.06
25/09/22,52.75
26/09/22,58.54
27/09/22,59.34
28/09/22,61.13
29/09/22,61.84
30/09/22,61.27
01/10/22,58.84
02/10/22,55.74
03/10/22,59.1
04/10/22,59.94
05/10/22,56.18
06/10/22,56.94
07/10/22,56.84
08/10/22,55.58
09/10/22,53.89
10/10/22,55.71
11/10/22,55.09
12/10/22,55.39
13/10/22,55.86
14/10/22,55.31
15/10/22,54.71
16/10/22,52.75
17/10/22,55.84
18/10/22,57.04
19/10/22,57.15
20/10/22,57.07
21/10/22,56.73
22/10/22,55.05
23/10/22,51.43
24/10/22,46.1
25/10/22,43.78
26/10/22,48.08
27/10/22,51.87
28/10/22,54.6
29/10/22,54.69
30/10/22,53.1
31/10/22,55.8
01/11/22,57.75
02/11/22,58.19
03/11/22,58.47
04/11/22,58.54
05/11/22,58.48
06/11/22,57.41
07/11/22,59.93
08/11/22,61.05
09/11/22,61.52
10/11/22,61.11
11/11/22,60.45
12/11/22,58.89
13/11/22,56.94
14/11/22,59.17
15/11/22,60.51
16/11/22,61.24
17/11/22,61.36
18/11/22,61.44
19/11/22,60.9
20/11/22,58.66
21/11/22,60.81
22/11/22,62.15
23/11/22,62.32
24/11/22,62.57
25/11/22,62.78
26/11/22,62.92
27/11/22,61.6
28/11/22,63.11
29/11/22,62.82
30/11/22,62.33
01/12/22,62.56
02/12/22,63.63
03/12/22,63.4
04/12/22,60.6
05/12/22,62.04
06/12/22,63.27
07/12/22,63.9
08/12/22,63.26
09/12/22,62.18
10/12/22,59.88
11/12/22,58.07
12/12/22,60.72
13/12/22,61.09
14/12/22,61.74
15/12/22,63.01
16/12/22,64.05
17/12/22,64.52
18/12/22,62.66
19/12/22,64.96
20/12/22,65.38
21/12/22,65.68
22/12/22,65.86
23/12/22,66.59
24/12/22,66.25
25/12/22,64.02
26/12/22,64.65
27/12/22,66.12
28/12/22,67.15
29/12/22,68.15
30/12/22,67.84
31/12/22,67.17
01/01/23,64.63
02/01/23,66.8
03/01/23,67.15
04/01/23,65.4
05/01/23,65.72
06/01/23,66.62
07/01/23,67.85
08/01/23,67.22
09/01/23,68.41
10/01/23,68.49
11/01/23,69.02
12/01/23,68.48
13/01/23,68.85
14/01/23,65.44
15/01/23,62.78
16/01/23,65.37
17/01/23,66.44
18/01/23,67.6
19/01/23,67.44
20/01/23,67.38
21/01/23,66.96
22/01/23,65.21
23/01/23,66.12
24/01/23,67.21
25/01/23,66.12
26/01/23,60.29
27/01/23,62.66
28/01/23,64.76
29/01/23,63.28
30/01/23,64.05
31/01/23,64.07
01/02/23,63.73
02/02/23,65.18
03/02/23,66.66
04/02/23,66.8
05/02/23,64.41
06/02/23,66.58
07/02/23,68.08
08/02/23,68.78
09/02/23,68.32
10/02/23,68.21
11/02/23,68.34
12/02/23,64.84
13/02/23,65.88
14/02/23,68.56
15/02/23,69.07
16/02/23,68.99
17/02/23,69.43
18/02/23,68.92
19/02/23,67.25
20/02/23,68.9
21/02/23,69.28
22/02/23,70.26
23/02/23,70.27
24/02/23,70.58
25/02/23,69.98
26/02/23,68.19
27/02/23,69.96
28/02/23,69.45
01/03/23,69.4
02/03/23,70.04
03/03/23,70.78
04/03/23,70.85
05/03/23,68.49
06/03/23,69.78
07/03/23,65.19
08/03/23,61.65
09/03/23,64.33
10/03/23,68.77
11/03/23,69.88
12/03/23,68.62
13/03/23,71.34
14/03/23,72.27
15/03/23,72.46
16/03/23,70.65
17/03/23,66.39
18/03/23,62.72
19/03/23,56.7
20/03/23,59.24
21/03/23,61.59
22/03/23,63.94
23/03/23,65.54
24/03/23,65.4
25/03/23,67.36
26/03/23,64.75
27/03/23,67.35
28/03/23,69.4
29/03/23,70.55
30/03/23,69.94
31/03/23,65.78
01/04/23,63.16
02/04/23,61.46
03/04/23,64.8
04/04/23,67.49
05/04/23,68.24
06/04/23,69.02
07/04/23,70.01
08/04/23,69.19
09/04/23,67.96
10/04/23,71.3
11/04/23,74.08
12/04/23,74.45
13/04/23,75.54
14/04/23,75.22
15/04/23,74.29
16/04/23,72.99
17/04/23,75.53
18/04/23,77.57
19/04/23,76.36
20/04/23,75.57
21/04/23,73.27
22/04/23,71.22
23/04/23,65.11
24/04/23,69.43
25/04/23,71.78
26/04/23,72.18
27/04/23,72.68
28/04/23,72.01
29/04/23,69.63
30/04/23,62.87
01/05/23,57.34
02/05/23,58.65
03/05/23,60.59
04/05/23,61.49
05/05/23,64.24
06/05/23,65.54
07/05/23,63.85
08/05/23,67.82
09/05/23,70.62
10/05/23,72.08
11/05/23,72.75
12/05/23,72.4
13/05/23,71.67
14/05/23,67.37
15/05/23,69.03
16/05/23,72.23
17/05/23,74.72
18/05/23,71.59
19/05/23,75.65
20/05/23,74.7
21/05/23,72.53
22/05/23,73.81
23/05/23,74.34
24/05/23,68.45
25/05/23,64.84
26/05/23,60.87
27/05/23,62.55
28/05/23,65.17
29/05/23,69.41
30/05/23,71.07
31/05/23,69.52
01/06/23,68.01
02/06/23,69.51
03/06/23,72.51
04/06/23,67.19
05/06/23,71.43
06/06/23,71.86
07/06/23,73.17
08/06/23,74.48
09/06/23,73.55
10/06/23,70.86
11/06/23,68.21
12/06/23,70.97
13/06/23,70.16
14/06/23,68.57
15/06/23,69.63
16/06/23,71.49
17/06/23,71.17
18/06/23,67.76
19/06/23,70.07
20/06/23,70.23
21/06/23,71.31
22/06/23,71.43
23/06/23,71.38
24/06/23,69.56
25/06/23,63.14
26/06/23,62.56
27/06/23,64.31
28/06/23,63.33
29/06/23,61.04
30/06/23,59.28
01/07/23,61.88
02/07/23,61.71
03/07/23,66.19
04/07/23,67.44
05/07/23,65.38
06/07/23,63.35
07/07/23,63.93
08/07/23,60.79
09/07/23,59.23
10/07/23,65.46
11/07/23,66.4
12/07/23,67.48
13/07/23,66.51
14/07/23,65.87
15/07/23,64.73
16/07/23,62.88
17/07/23,66.07
18/07/23,65.06
19/07/23,63.72
20/07/23,65.22
21/07/23,66.22
22/07/23,63.56
23/07/23,60.56
24/07/23,64.22
25/07/23,64.89
26/07/23,61.65
27/07/23,60.25
28/07/23,57.84
29/07/23,55.05
30/07/23,56.08
31/07/23,60.31
01/08/23,60.23
02/08/23,58.67
03/08/23,59.63
04/08/23,61.81
05/08/23,62.29
06/08/23,58.23
07/08/23,59.34
08/08/23,62.87
09/08/23,65.43
10/08/23,67.32
11/08/23,69.43
12/08/23,67.69
13/08/23,65.4
14/08/23,68.46
15/08/23,68.13
16/08/23,70.12
17/08/23,69.93
18/08/23,69.63
19/08/23,68.13
20/08/23,68.34
21/08/23,70.14
22/08/23,69.72
23/08/23,66.2
24/08/23,65.78
25/08/23,68.01
26/08/23,69.24
27/08/23,67.95
28/08/23,68.96
29/08/23,72.35
30/08/23,73.69
31/08/23,74.64
01/09/23,75.98
02/09/23,74.45
03/09/23,72.65
04/09/23,71.5
05/09/23,72.79
06/09/23,71.96
07/09/23,68.06
08/09/23,66.26
09/09/23,64.72
10/09/23,61.65
11/09/23,65.97
12/09/23,69.23
13/09/23,71.84
14/09/23,74.59
15/09/23,72.09
16/09/23,67.55
17/09/23,61.15
18/09/23,62.91
19/09/23,65.01
20/09/23,68
21/09/23,69.36
22/09/23,68.65
23/09/23,65.06
24/09/23,60.81
25/09/23,64.62
26/09/23,68.65
27/09/23,69.63
28/09/23,69.48
29/09/23,70.13
30/09/23,68.43
01/10/23,64.7
02/10/23,63.7
03/10/23,66.93
04/10/23,68.7
05/10/23,69.39
06/10/23,70.38
07/10/23,71.21
08/10/23,71.42
09/10/23,72.45
10/10/23,72.88
11/10/23,74.18
12/10/23,74.1
13/10/23,74.32
14/10/23,74.29
15/10/23,71.73
16/10/23,71.31
17/10/23,69.75
18/10/23,71.7
19/10/23,73.1
20/10/23,73.13
21/10/23,72.18
22/10/23,70.2
23/10/23,69.23
24/10/23,67.27
25/10/23,70.52
26/10/23,72.89
27/10/23,72.95
28/10/23,73.06
29/10/23,70.74
30/10/23,71.69
31/10/23,72.71
01/11/23,73.28
02/11/23,73.36
03/11/23,73.43
04/11/23,72.48
05/11/23,69.02
06/11/23,70.42
07/11/23,70.71
08/11/23,71.04
09/11/23,70.84
10/11/23,67.97
11/11/23,62.73
12/11/23,56.21
13/11/23,54.64
14/11/23,58.71
15/11/23,60.77
16/11/23,62.87
17/11/23,64.88
18/11/23,66.71
19/11/23,64.58
20/11/23,65.88
21/11/23,67.71
22/11/23,68.67
23/11/23,68.29
24/11/23,66.9
25/11/23,65.28
26/11/23,61.4
27/11/23,60.56
28/11/23,61.44
29/11/23,62.11
30/11/23,60.48
01/12/23,60.54
02/12/23,59.2
03/12/23,56.64
04/12/23,57.33
05/12/23,57.86
06/12/23,59.83
07/12/23,62.06
08/12/23,63.41
09/12/23,63.1
10/12/23,60.71
11/12/23,63.81
12/12/23,65.46
13/12/23,65.8
14/12/23,66.04
15/12/23,67.51
16/12/23,67.41
17/12/23,63.22
18/12/23,62.99
19/12/23,64.8
20/12/23,66.35
21/12/23,67.6
22/12/23,68.99
23/12/23,67.46
24/12/23,64.65
25/12/23,66.23
26/12/23,68.28
27/12/23,67.7
28/12/23,67.87
29/12/23,69.14
30/12/23,69.49
31/12/23,66.73
01/01/24,67.34
02/01/24,69.25
03/01/24,70.8
04/01/24,70.91
05/01/24,71.3
06/01/24,69.24
07/01/24,66.21
08/01/24,68.96
09/01/24,68.49
10/01/24,69.52
11/01/24,69.95
12/01/24,71.25
13/01/24,72.58
14/01/24,69.1
15/01/24,69.67
16/01/24,71.56
17/01/24,72.49
18/01/24,73.14
19/01/24,73.24
20/01/24,73.39
21/01/24,71.95
22/01/24,72.32
23/01/24,73.22
24/01/24,73.83
25/01/24,73.77
26/01/24,70.33
27/01/24,70.91
28/01/24,71.73
29/01/24,72.84
30/01/24,73.7
31/01/24,73.01
01/02/24,71.04
02/02/24,72.73
03/02/24,72.95
04/02/24,69.51
05/02/24,69.93
06/02/24,71.57
07/02/24,71.23
08/02/24,70.24
09/02/24,70.97
10/02/24,70.15
11/02/24,67.66
12/02/24,70.3
13/02/24,71.71
14/02/24,71.13
15/02/24,70.43
16/02/24,70.5
17/02/24,71.41
18/02/24,68.03
19/02/24,67.14
20/02/24,71.26
21/02/24,71.09
22/02/24,72.03
23/02/24,73.06
24/02/24,73.17
25/02/24,69.84
26/02/24,70.01
27/02/24,68.66
28/02/24,69.88
29/02/24,71.54
01/03/24,71.41
02/03/24,65.64
03/03/24,62.32
04/03/24,67.12
05/03/24,68.8
06/03/24,70.93
07/03/24,71.17
08/03/24,70.76
09/03/24,70.34
10/03/24,69.43
11/03/24,72.24
12/03/24,73.66
13/03/24,73.6
14/03/24,74.73
15/03/24,75.34
16/03/24,74.39
17/03/24,70.41
18/03/24,73.51
19/03/24,73.48
20/03/24,71.27
21/03/24,71.01
22/03/24,72.49
23/03/24,72.94
24/03/24,68.92
25/03/24,63.96
26/03/24,68.06
27/03/24,73.05
28/03/24,75.74
29/03/24,76.56
30/03/24,75.1
31/03/24,71.76
01/04/24,72.76
02/04/24,74.49
03/04/24,76.14
04/04/24,77.63
05/04/24,77.71
06/04/24,77.05
07/04/24,73.54
08/04/24,74.83
09/04/24,75.65
10/04/24,76.04
11/04/24,75.02
12/04/24,75.38
13/04/24,74.96
14/04/24,71.75
15/04/24,76.27
16/04/24,76.43
17/04/24,76.74
18/04/24,77.11
19/04/24,74.2
20/04/24,75.94
21/04/24,74.17
22/04/24,75.42
23/04/24,75.15
24/04/24,75.88
25/04/24,78.06
26/04/24,77.23
27/04/24,77.72
28/04/24,75.44
29/04/24,77.73
30/04/24,77.77
01/05/24,73.64
02/05/24,76.86
03/05/24,78.59
04/05/24,78.89
05/05/24,75.68
06/05/24,78.49
07/05/24,74.88
08/05/24,73.99
09/05/24,74.59
10/05/24,73.88
11/05/24,73.14
12/05/24,72.64
13/05/24,74.84
14/05/24,74.36
15/05/24,76.1
16/05/24,77.43
17/05/24,77.61
18/05/24,76.47
19/05/24,73.17
20/05/24,74.29
21/05/24,75.33
22/05/24,77.47
23/05/24,76.68
24/05/24,77.93
25/05/24,74.71
26/05/24,69.46
27/05/24,69.89
28/05/24,70.83
29/05/24,71.93
30/05/24,76.71
31/05/24,76.14
01/06/24,75.23
02/06/24,74.72
03/06/24,76.96
04/06/24,75.55
05/06/24,73.97
06/06/24,72.39
07/06/24,75.65
08/06/24,75.36
09/06/24,71.95
10/06/24,73.85
11/06/24,73.55
12/06/24,73.96
13/06/24,74.19
14/06/24,73.66
15/06/24,75.73
16/06/24,75.15
17/06/24,78.14
18/06/24,75.28
19/06/24,72.71
20/06/24,67.62
21/06/24,71.51
22/06/24,74.51
23/06/24,71.98
24/06/24,74.33
25/06/24,74.63
26/06/24,73.97
27/06/24,71.15
28/06/24,71.02
29/06/24,70.39
30/06/24,65.67
01/07/24,65.69
02/07/24,63.13
03/07/24,63.58
04/07/24,64.92
05/07/24,65.43
06/07/24,60.25
07/07/24,60.22
08/07/24,68.62
09/07/24,71.17
10/07/24,71.32
11/07/24,70.09
12/07/24,66.39
13/07/24,66.03
14/07/24,66.01
15/07/24,70.59
16/07/24,69.53
17/07/24,69.42
18/07/24,69.05
19/07/24,67.25
20/07/24,68.19
21/07/24,65.7
22/07/24,67.54
23/07/24,66
24/07/24,64.42
25/07/24,63.67
26/07/24,63.35
27/07/24,63.89
28/07/24,64.52
29/07/24,68.73
30/07/24,69.87
31/07/24,67.77
01/08/24,61.08
02/08/24,59.57
03/08/24,58.06
04/08/24,56.36
05/08/24,63.57
06/08/24,64.39
07/08/24,61.93
08/08/24,61.49
09/08/24,63.28
10/08/24,62.18
11/08/24,57.89
12/08/24,61.74
13/08/24,66.45
14/08/24,69.03
15/08/24,64.22
16/08/24,68.57
17/08/24,67.56
18/08/24,64.9
19/08/24,65.53
20/08/24,64.35
21/08/24,66.77
22/08/24,67.28
23/08/24,65.38
24/08/24,61.59
25/08/24,54.72
26/08/24,55.58
27/08/24,55.31
28/08/24,57.3
29/08/24,57.55
30/08/24,60.48
31/08/24,62.2
01/09/24,58.29
02/09/24,61.31
03/09/24,62.21
04/09/24,59.05
05/09/24,58.37
06/09/24,59.58
07/09/24,59.03
08/09/24,56.96
09/09/24,60.4
10/09/24,60.52
11/09/24,60.45
12/09/24,58.54
13/09/24,58.4
14/09/24,58.37
15/09/24,57.3
16/09/24,61.13
17/09/24,62.34
18/09/24,64.63
19/09/24,66.84
20/09/24,69.94
21/09/24,70
22/09/24,68.97
23/09/24,71.48
24/09/24,71.36
25/09/24,69.11
26/09/24,65.12
27/09/24,62.68
28/09/24,63.75
29/09/24,64.69
30/09/24,69.35
01/10/24,70.99
02/10/24,69.67
03/10/24,69.99
04/10/24,71.31
05/10/24,71.43
06/10/24,68.96
07/10/24,71.72
08/10/24,73.22
09/10/24,73.46
10/10/24,70.74
11/10/24,68.24
12/10/24,63.2
13/10/24,62.72
14/10/24,68.8
15/10/24,68.42
16/10/24,67.47
17/10/24,67.18
18/10/24,68.13
19/10/24,68.71
20/10/24,65.4
21/10/24,67.72
22/10/24,67.81
23/10/24,68.24
24/10/24,67.17
25/10/24,65.79
26/10/24,65.78
27/10/24,64.64
28/10/24,68.79
29/10/24,70.75
30/10/24,70.09
31/10/24,62.18
01/11/24,58.39
02/11/24,57.79
03/11/24,58.11
04/11/24,63.21
05/11/24,65.5
06/11/24,66.95
07/11/24,67.75
08/11/24,67.98
09/11/24,68.21
10/11/24,65.49
11/11/24,67.96
12/11/24,69.29
13/11/24,68.56
14/11/24,68.9
15/11/24,68.78
16/11/24,66.39
17/11/24,62.25
18/11/24,63.45
19/11/24,65.11
20/11/24,64.05
21/11/24,65.24
22/11/24,65.27
23/11/24,65.78
24/11/24,63.1
25/11/24,64.33
26/11/24,65.34
27/11/24,65.12
28/11/24,63.67
29/11/24,64.74
30/11/24,63.06
01/12/24,58.88
02/12/24,61.25
03/12/24,61.88
04/12/24,62.63
05/12/24,64.53
06/12/24,66.35
07/12/24,66.02
08/12/24,62.58
09/12/24,63.62
10/12/24,64.27
11/12/24,64.51
12/12/24,64.11
13/12/24,63.1
14/12/24,62.56
15/12/24,60.57
16/12/24,64.23
17/12/24,65.62
18/12/24,66.91
19/12/24,67.65
20/12/24,67.5
21/12/24,68.01
22/12/24,67.54
23/12/24,68.78
24/12/24,68.43
25/12/24,67.61
26/12/24,68.47
27/12/24,66.06
28/12/24,61.86
29/12/24,60.64
30/12/24,64.25
31/12/24,65.82
01/01/25,64.13
02/01/25,65.94
03/01/25,67.8
04/01/25,67.89
05/01/25,66.12
06/01/25,66.71
07/01/25,67.86
08/01/25,68.82
09/01/25,69.16
10/01/25,70.51
11/01/25,70
12/01/25,66.57
13/01/25,66.65
14/01/25,63.2
15/01/25,64
16/01/25,65.72
17/01/25,66.55
18/01/25,68.58
19/01/25,67.73
20/01/25,68.9
21/01/25,69.71
22/01/25,69.72
23/01/25,67.48
24/01/25,67.72
25/01/25,69.14
26/01/25,65.33
27/01/25,69.75
28/01/25,71.92
29/01/25,71.77
30/01/25,72.67
31/01/25,72.97
01/02/25,71.37
02/02/25,67.74
03/02/25,70.79
04/02/25,70.73
05/02/25,70.48
06/02/25,69.12
07/02/25,69.9
08/02/25,71.41
09/02/25,70.32
10/02/25,72.99
11/02/25,72.9
12/02/25,73.79
13/02/25,73.14
14/02/25,73.47
15/02/25,71.82
16/02/25,70.13
17/02/25,73.11
18/02/25,74.52
19/02/25,75.21
20/02/25,72.44
21/02/25,74.06
22/02/25,73.62
23/02/25,70.69
24/02/25,71.8
25/02/25,74.44
26/02/25,73.25
27/02/25,73.42
28/02/25,72.02
01/03/25,70.45
02/03/25,69.21
03/03/25,71.74
04/03/25,71
05/03/25,69.77
06/03/25,72.85
07/03/25,74.62
08/03/25,75.36
09/03/25,73.5
10/03/25,74.83
11/03/25,76.37
12/03/25,76.22
13/03/25,74.39
14/03/25,66.42
15/03/25,68.2
16/03/25,70.52
17/03/25,74.05
18/03/25,74.21
19/03/25,74.87
20/03/25,74.64
21/03/25,73.92
22/03/25,71.58
23/03/25,69.03
24/03/25,72.46
25/03/25,73.52
26/03/25,73.76
27/03/25,74.52
28/03/25,73.86
29/03/25,71.73
30/03/25,70.5
31/03/25,71.36
01/04/25,71.58
02/04/25,72.28
03/04/25,72.03
04/04/25,71.04
05/04/25,71.76
06/04/25,68.07
07/04/25,71.17
08/04/25,74.23
09/04/25,74.91
10/04/25,69.56
11/04/25,65.64
12/04/25,67.26
13/04/25,66
14/04/25,68.56
15/04/25,71.1
16/04/25,72.78
17/04/25,72.76
18/04/25,70.61
19/04/25,68.7
20/04/25,70.64
21/04/25,74.98
22/04/25,75.33
23/04/25,74.83
24/04/25,75.62
25/04/25,77.01
26/04/25,76.45
27/04/25,72.66
28/04/25,73.75
29/04/25,72.78
30/04/25,72.05
01/05/25,68.74
02/05/25,66.97
03/05/25,68.46
04/05/25,64.64
05/05/25,66.03
06/05/25,65.26
07/05/25,66.39
08/05/25,68.26
09/05/25,70.68
10/05/25,72.23
11/05/25,68.88
12/05/25,70.72
13/05/25,71.24
14/05/25,73.21
15/05/25,72.95
16/05/25,70.3
17/05/25,68.78
18/05/25,69.71
19/05/25,72.88
20/05/25,72.89
21/05/25,68.57
22/05/25,62.93
23/05/25,67.2
24/05/25,65.08
25/05/25,57.74
26/05/25,61.61
27/05/25,62.61
28/05/25,64.21
29/05/25,64.28
30/05/25,61.04
31/05/25,59.68
01/06/25,59.6
02/06/25,63.81
03/06/25,63.58
04/06/25,64.64
05/06/25,68.82
06/06/25,72.32
07/06/25,71.76
08/06/25,69.64
09/06/25,73.29
10/06/25,73.72
11/06/25,74.65
12/06/25,74.97
13/06/25,76.08
14/06/25,75.97
15/06/25,69.04
16/06/25,66.79
17/06/25,64.57
18/06/25,62.18
19/06/25,61.19
20/06/25,61.34
21/06/25,63.75
22/06/25,62.09
23/06/25,64.61
24/06/25,63.23
25/06/25,66.22
26/06/25,67.03
27/06/25,66.38
28/06/25,65.78
29/06/25,59.36
30/06/25,58.96
01/07/25,60.01
02/07/25,62.67
03/07/25,65.04
04/07/25,65.35
05/07/25,62.95
06/07/25,58.67
07/07/25,60.99
08/07/25,63.54
09/07/25,62.39
10/07/25,62.3
11/07/25,65.31
12/07/25,64.49
13/07/25,61.35
14/07/25,60.33
15/07/25,61.76
16/07/25,63.5
17/07/25,64.69
18/07/25,66.43
19/07/25,67.39
20/07/25,64.97
21/07/25,68.67
22/07/25,66.24
23/07/25,63.47
24/07/25,63.71
25/07/25,63.05
26/07/25,59.06
27/07/25,57.36
28/07/25,60.04
29/07/25,58.6
30/07/25,60.43
31/07/25,61.46
01/08/25,64.19
02/08/25,64.28
03/08/25,62.58
04/08/25,64.4
05/08/25,65.37
06/08/25,66.64
07/08/25,67.88
08/08/25,67.91
09/08/25,63.11
10/08/25,60.45
11/08/25,63.08
12/08/25,63.53
13/08/25,65.8
14/08/25,65.69
15/08/25,59.5
16/08/25,60.34
17/08/25,57.8
18/08/25,59.34
19/08/25,60.1
20/08/25,59.97
21/08/25,62.62
22/08/25,62.08
23/08/25,59.17
24/08/25,54.39
25/08/25,56.44
26/08/25,59.15
27/08/25,59.8
28/08/25,60.03
29/08/25,60.21
30/08/25,61.12
31/08/25,55.47
01/09/25,53.57
02/09/25,52.53
03/09/25,53.35
04/09/25,53.9
05/09/25,55.24
06/09/25,55.89
07/09/25,53.41
08/09/25,59.07
09/09/25,63.83
10/09/25,66.1
11/09/25,64.65
12/09/25,65.21
13/09/25,65.58
14/09/25,63.01
15/09/25,63.38
16/09/25,65.16
17/09/25,65.28
18/09/25,65.42
19/09/25,66.23
20/09/25,64.24
21/09/25,63.01
22/09/25,63.96
23/09/25,64.09
24/09/25,64.68
25/09/25,66.11
26/09/25,66.23
27/09/25,63.35
28/09/25,60.66
29/09/25,64.25
30/09/25,64.17
01/10/25,58.9
02/10/25,54.73
03/10/25,58.48
04/10/25,59.95
05/10/25,57.13
06/10/25,56.37
07/10/25,57.43
08/10/25,60.05
09/10/25,60.22
10/10/25,60.01
11/10/25,59.48
12/10/25,57.71
13/10/25,60.59
14/10/25,61.69
15/10/25,62.09
16/10/25,62.6
17/10/25,63.16
18/10/25,63.71
19/10/25,59.89
20/10/25,55.22
21/10/25,53.31
22/10/25,53.54
23/10/25,56.06
24/10/25,58.75
25/10/25,57.96
26/10/25,55.72
27/10/25,55.58
28/10/25,51.6
29/10/25,50.3
30/10/25,51.67
31/10/25,53.57
01/11/25,54.53
02/11/25,53.26
03/11/25,55.26
04/11/25,55.76
05/11/25,57.55
06/11/25,57.54
07/11/25,57.47
08/11/25,56.61
09/11/25,54.73
10/11/25,57.18
11/11/25,59.45
12/11/25,59.43
13/11/25,59.13
14/11/25,59.94
15/11/25,58.19
16/11/25,54.71
17/11/25,57.74
18/11/25,59.31
19/11/25,60.45
20/11/25,60.25
21/11/25,61.58
22/11/25,62.08
23/11/25,60.28
24/11/25,61.9
25/11/25,61.69
26/11/25,63.2
27/11/25,63.78
28/11/25,65.13
29/11/25,64.45
30/11/25,61.61
01/12/25,63.57
02/12/25,65.28
03/12/25,64.81
04/12/25,63.84
05/12/25,63.93
06/12/25,63.8
07/12/25,60.97
08/12/25,62.9
09/12/25,63.44
10/12/25,64.38
11/12/25,65.05
12/12/25,66.66
13/12/25,66.56
14/12/25,62.89
15/12/25,64.07
16/12/25,65.26
17/12/25,66.63
18/12/25,66.98
19/12/25,67.5
20/12/25,67.94
21/12/25,66.26
22/12/25,67.27
23/12/25,67.9
24/12/25,67.79
25/12/25,68.12
26/12/25,69.29
27/12/25,69.04
28/12/25,66.81
29/12/25,69.18
30/12/25,71.42
31/12/25,73
01/01/26,69.27
02/01/26,69.46
03/01/26,69.1
04/01/26,66.2
05/01/26,67.4
06/01/26,69.1
07/01/26,67.66
08/01/26,68.3
09/01/26,68.62
10/01/26,68.99
11/01/26,66.01
12/01/26,67.96
13/01/26,69.69
14/01/26,69.33
15/01/26,68.12
16/01/26,70.01
17/01/26,69.93
18/01/26,67.68
19/01/26,69.97
20/01/26,70.05
21/01/26,68.39
22/01/26,68.81
23/01/26,64.93
24/01/26,65.47
25/01/26,62.62
26/01/26,63.08
27/01/26,64.89
28/01/26,65.07
29/01/26,66.33
30/01/26,68.34
31/01/26,67.9
01/02/26,64.85
02/02/26,66.7
03/02/26,67.77
04/02/26,65.46
05/02/26,67.59
06/02/26,68.65
07/02/26,68.41
08/02/26,65.42
09/02/26,69.2
10/02/26,69.69
11/02/26,67.68
12/02/26,68.28
13/02/26,69.83
14/02/26,69.94
15/02/26,67.41
16/02/26,68.38
17/02/26,69.08
18/02/26,68.85
19/02/26,68.1
20/02/26,68.02
21/02/26,70.34
22/02/26,69.03
23/02/26,72.03
24/02/26,71
25/02/26,72.05
26/02/26,71.47
27/02/26,71.85
28/02/26,70.76
01/03/26,68.8
02/03/26,70.91
03/03/26,68.31
04/03/26,62.91
05/03/26,65.67
06/03/26,71.2
07/03/26,73.69
08/03/26,71.57
09/03/26,73.8
10/03/26,73.99
11/03/26,74.29
12/03/26,75.06
13/03/26,74.65
14/03/26,72.69
15/03/26,68.23
16/03/26,70.09
17/03/26,71.58
18/03/26,72.62
19/03/26,67.46
20/03/26,64.37
21/03/26,64.25
22/03/26,62.16
23/03/26,65.39
24/03/26,69.24
