date,solar_time,solar_nuclear_gw,solar_wind_gw,solar_solar_gw,solar_hydro_gw,solar_gas_gw,solar_thermal_gw,solar_others_gw,nonsolar_time,nonsolar_nuclear_gw,nonsolar_wind_gw,nonsolar_solar_gw,nonsolar_hydro_gw,nonsolar_gas_gw,nonsolar_thermal_gw,nonsolar_others_gw
04/05/26,15:45,6.92,10.3,52.01,11.42,1.83,141.67,2.07,19:34,6.97,14.66,0.0,23.49,2.8,160.36,2.19
31/10/25,10:59,5.32,7.88,52.63,16.61,1.78,95.5,1.99,18:35,5.3,7.16,0.28,34.88,4.12,140.28,1.96
31/12/25,10:39,5.63,1.43,47.5,12.84,3.92,169.83,3.68,18:20,5.22,3.31,0.28,26.75,4.13,173.22,3.73
01/01/25,10:11,5.92,6.05,38.11,9.11,1.75,152.54,3.35,18:29,5.8,5.46,0.89,18.19,1.76,155.88,3.15
02/01/25,9:48,5.86,4.37,36.01,10.19,1.74,156.33,3.41,18:40,6.07,4.44,0.28,23.71,1.67,164.53,3.29
03/01/25,9:44,5.92,4.55,33.78,12.76,1.69,159.76,3.47,18:43,5.86,4.93,0.42,24.65,1.55,162.47,3.24
04/01/25,9:49,5.86,3.37,37.13,10.77,1.68,157.91,3.52,18:35,5.87,3.92,0.86,24.91,1.77,162.12,3.46
05/01/25,10:26,5.91,2.81,37.19,9.73,1.68,155.04,3.44,18:43,6.13,4.8,0.61,19.51,1.76,157.51,3.19
06/01/25,10:32,6.17,5.12,44.15,8.91,1.94,156.34,3.58,18:44,6.17,6.56,0.32,23.95,3.97,160.08,3.42
07/01/25,9:52,6.21,6.9,35.76,14.3,2.54,159.65,3.43,18:44,6.19,6.71,0.75,22.98,3.15,163.78,3.39
08/01/25,9:44,6.22,5.08,36.81,14.89,2.35,158.54,3.33,18:36,6.21,5.11,0.52,22.85,3.54,165.21,3.31
09/01/25,9:36,6.2,6.35,36.62,13.21,2.35,159.7,3.52,18:38,6.22,4.33,0.31,24.44,2.98,164.75,3.29
10/01/25,10:26,6.19,5.54,42.21,10.35,2.81,162.42,3.61,18:38,6.17,4.26,0.4,23.42,3.22,165.67,3.38
11/01/25,10:19,6.23,5.33,35.09,14.74,2.68,162.03,3.52,17:53,6.2,3.5,2.12,24.33,2.3,161.19,3.24
12/01/25,10:44,6.22,3.75,32.07,12.29,2.25,156.61,3.56,18:40,6.21,7.37,0.21,18.65,1.96,156.76,6.2
13/01/25,10:52,6.1,6.54,30.47,0.0,4.45,160.4,0.0,18:41,5.99,9.0,0.06,0.0,2.61,159.33,0.0
14/01/25,9:40,6.02,8.65,25.39,15.86,3.83,155.47,3.56,18:39,5.89,8.82,0.14,18.67,2.26,149.89,3.21
15/01/25,9:56,5.89,9.32,28.77,13.71,2.35,156.67,2.93,18:41,5.9,8.85,0.57,20.87,2.32,156.24,2.49
16/01/25,9:54,5.92,8.79,33.11,14.73,2.05,156.22,2.97,18:44,6.1,7.62,1.08,23.14,2.03,160.55,2.89
17/01/25,10:30,5.58,9.84,41.45,11.88,2.14,156.86,3.33,18:40,5.75,9.6,1.1,22.94,1.94,162.68,3.41
18/01/25,9:58,5.89,6.79,30.66,17.34,1.98,161.5,3.59,18:41,5.91,5.54,1.15,23.48,1.97,164.23,3.43
19/01/25,9:54,6.2,4.09,29.97,13.14,1.88,162.49,3.59,18:45,6.29,3.9,0.94,17.97,1.64,160.71,3.3
20/01/25,10:23,6.28,3.45,34.87,10.95,1.85,163.85,3.7,18:39,6.29,3.5,0.17,22.97,1.66,166.55,3.28
21/01/25,9:43,6.35,4.25,35.38,13.91,2.01,163.29,3.65,18:36,6.33,3.32,0.23,23.9,1.96,167.98,3.29
22/01/25,9:56,6.33,4.79,37.88,12.12,1.77,163.66,3.6,18:40,6.31,4.31,0.71,24.01,1.89,167.23,3.35
23/01/25,10:12,6.37,6.24,41.1,12.43,1.78,156.37,3.61,18:42,6.37,8.26,0.19,24.17,1.68,164.04,3.3
24/01/25,9:53,6.19,7.09,42.16,13.22,1.69,160.41,3.58,18:50,6.21,9.42,0.15,22.11,1.75,162.24,3.23
25/01/25,10:25,6.1,4.91,50.8,10.22,1.68,153.13,3.61,18:39,6.21,4.56,0.95,24.16,1.68,164.66,3.29
26/01/25,9:42,6.14,5.06,42.52,10.6,1.67,149.34,3.46,6:59,6.1,6.56,0.65,15.12,1.64,160.39,3.29
27/01/25,9:46,6.25,3.11,44.68,12.04,1.81,160.84,3.62,18:39,6.34,3.34,0.54,24.68,2.0,161.78,3.23
28/01/25,9:50,6.35,2.25,43.88,13.58,1.99,164.27,3.62,18:40,6.36,1.98,0.53,25.58,2.27,169.38,3.29
29/01/25,10:24,6.37,2.66,48.78,12.46,1.86,163.27,3.56,17:00,6.13,3.55,20.74,13.76,1.99,158.82,3.4
30/01/25,9:55,6.16,2.63,36.0,15.79,2.06,168.33,3.6,17:00,6.12,2.35,18.16,13.33,2.07,164.51,3.33
31/01/25,10:15,6.14,2.32,40.29,14.97,3.73,166.47,3.56,17:01,5.91,3.32,18.93,13.62,1.97,162.37,3.37
01/02/25,10:21,5.98,1.93,44.37,11.14,3.65,164.43,3.54,17:01,5.94,2.78,18.5,12.48,1.99,162.91,3.3
02/02/25,9:43,5.97,3.61,38.45,12.9,1.92,160.37,3.53,18:53,5.95,4.57,0.43,19.45,1.8,161.07,3.25
03/02/25,10:42,5.95,2.4,49.04,10.36,2.02,161.48,3.52,18:45,5.93,4.39,0.48,24.52,2.21,167.62,3.27
04/02/25,10:31,5.94,5.09,53.03,9.3,1.88,157.24,3.48,18:52,5.92,4.66,0.61,25.45,2.15,168.59,3.17
05/02/25,10:14,5.98,3.39,47.76,0.0,2.36,159.82,0.0,18:44,5.93,5.16,0.78,0.0,2.31,166.09,0.0
06/02/25,9:57,6.0,8.0,46.04,0.0,2.43,159.21,0.0,18:44,6.12,9.01,1.08,0.0,2.43,168.17,0.0
07/02/25,9:42,6.07,8.74,42.17,13.49,2.26,164.95,3.47,18:46,6.11,7.44,0.3,22.23,2.72,169.22,3.14
08/02/25,9:40,5.99,5.34,41.44,15.34,2.26,161.65,3.45,18:42,5.93,4.3,0.82,23.39,2.38,168.55,3.17
09/02/25,9:56,5.98,2.53,42.5,12.0,2.13,161.4,3.49,18:45,5.95,5.63,0.3,17.97,2.32,163.13,3.14
10/02/25,10:45,5.93,2.43,48.06,12.38,2.13,164.27,3.44,18:49,5.93,3.76,0.36,23.57,2.45,169.02,3.15
11/02/25,9:43,5.96,2.99,40.54,16.49,3.31,164.0,3.44,18:45,5.94,5.07,1.13,23.84,2.74,169.06,3.42
12/02/25,10:42,5.96,1.71,52.38,10.88,2.42,162.11,3.54,18:52,5.97,3.72,0.84,24.05,2.63,170.82,3.32
13/02/25,10:14,5.96,2.13,48.91,12.39,2.79,162.18,3.6,18:54,6.09,2.73,0.55,23.73,3.18,170.81,3.48
14/02/25,10:34,6.06,0.85,53.87,11.01,2.35,161.5,3.55,18:54,6.03,4.12,0.33,22.43,2.94,171.1,3.31
15/02/25,10:28,5.5,3.73,52.42,10.74,2.44,158.86,3.47,18:45,5.61,5.97,0.46,21.23,3.12,171.67,3.26
16/02/25,10:12,5.42,2.44,49.18,10.24,2.16,155.1,3.45,18:55,5.4,5.98,0.78,17.23,2.22,163.62,3.15
17/02/25,10:29,5.19,2.32,49.05,11.32,2.7,160.69,3.38,18:47,5.3,4.49,1.66,22.82,3.58,171.32,3.43
18/02/25,10:25,5.43,2.27,48.15,10.53,2.82,166.85,3.47,18:56,5.48,3.56,0.96,23.52,2.92,171.85,3.14
19/02/25,10:30,5.45,1.86,52.34,11.99,3.38,163.13,3.31,18:55,5.29,5.75,0.76,23.19,2.68,171.38,3.13
20/02/25,9:52,5.31,2.14,43.17,12.46,2.35,162.91,3.23,18:57,5.29,4.05,0.81,23.84,2.77,170.26,2.97
21/02/25,9:46,5.43,3.14,43.92,12.37,2.38,165.49,3.3,18:50,5.44,3.97,1.11,22.7,2.66,171.73,3.0
22/02/25,9:45,5.49,2.2,44.76,11.61,1.98,164.37,3.27,18:55,5.47,2.88,1.07,23.55,2.8,169.97,3.12
23/02/25,9:49,5.47,2.25,46.22,9.09,1.85,153.89,3.17,18:55,5.61,4.5,0.88,16.94,1.89,164.97,2.95
24/02/25,9:51,5.67,3.73,44.26,9.5,2.67,161.97,3.24,18:58,5.9,6.75,0.54,20.62,2.78,168.31,3.11
25/02/25,9:41,6.08,6.62,38.75,10.53,3.66,163.97,3.13,18:58,6.0,5.39,0.43,21.57,2.64,171.15,2.99
26/02/25,9:42,6.06,6.18,39.41,12.05,2.8,166.76,3.13,18:57,5.8,6.69,0.35,17.67,2.33,167.37,2.83
27/02/25,10:40,6.03,5.4,43.21,9.08,3.24,161.62,3.02,18:49,6.03,7.75,0.41,21.77,2.64,168.15,2.92
28/02/25,10:19,6.09,6.21,43.04,12.3,2.24,161.46,3.02,18:57,6.22,8.72,0.29,22.71,2.5,167.31,2.84
01/03/25,9:44,6.21,4.03,39.18,14.88,2.24,155.36,3.09,19:00,6.2,5.99,0.15,24.48,2.8,161.61,2.75
02/03/25,10:25,6.23,2.4,53.54,8.27,1.89,140.45,3.05,18:59,6.26,3.58,0.81,18.71,1.94,161.94,2.77
03/03/25,10:30,6.17,3.5,56.0,12.56,1.76,147.59,2.94,18:57,6.34,7.04,0.53,24.28,1.95,164.12,2.76
04/03/25,9:53,6.15,11.27,48.4,12.77,1.85,148.86,2.92,18:54,6.2,8.39,0.61,24.31,1.83,167.75,2.67
05/03/25,9:25,6.1,8.83,42.04,12.34,1.79,150.82,2.7,18:58,6.21,5.02,0.59,25.7,3.27,165.29,2.48
06/03/25,9:53,6.06,1.83,51.8,10.61,1.95,154.46,2.85,18:59,6.33,3.25,1.08,23.03,2.32,170.12,2.55
07/03/25,10:59,6.2,0.79,61.53,9.27,1.95,155.02,2.69,19:05,6.21,3.92,2.52,22.79,3.33,166.71,1.76
08/03/25,10:29,6.27,1.24,54.74,9.11,2.13,157.99,2.76,18:55,6.29,3.73,0.64,25.17,2.47,170.9,2.41
09/03/25,10:18,6.17,1.43,55.5,7.8,1.81,151.72,2.58,19:10,6.3,6.19,0.28,22.09,1.99,165.28,2.34
10/03/25,9:49,6.38,4.67,49.16,10.3,1.86,162.11,2.69,18:58,6.42,8.3,0.56,23.84,2.15,169.36,2.46
11/03/25,10:26,6.22,5.14,49.66,8.83,3.04,163.51,2.63,19:00,6.14,7.69,0.78,25.51,2.36,171.35,2.41
12/03/25,10:27,6.08,2.16,49.91,10.22,1.97,163.85,2.63,19:13,4.29,6.79,0.54,24.23,2.84,172.54,2.33
13/03/25,10:36,4.48,2.4,56.58,8.22,2.8,156.66,2.57,18:57,4.27,7.28,0.99,22.55,3.26,164.86,2.35
14/03/25,11:38,4.33,4.66,60.18,6.85,1.77,119.05,2.63,5:50,4.39,8.21,0.13,10.3,2.01,163.03,2.37
15/03/25,10:55,4.48,2.62,56.72,8.45,2.34,136.65,2.45,18:59,4.6,6.29,0.89,23.74,2.54,163.04,2.3
16/03/25,10:23,5.05,2.82,54.62,9.5,2.0,137.21,2.43,19:09,5.05,6.01,0.36,22.57,1.95,162.05,2.25
17/03/25,10:53,4.97,1.55,60.15,10.46,2.69,146.19,2.28,18:59,4.76,3.78,0.71,25.12,3.19,170.84,2.18
18/03/25,10:30,5.33,2.97,57.89,9.23,2.46,147.12,2.42,18:58,5.54,5.75,0.5,25.41,2.54,170.99,2.25
19/03/25,10:43,5.68,3.02,57.63,10.26,2.1,148.78,2.4,18:59,5.77,6.13,0.62,23.87,2.81,170.56,2.2
20/03/25,10:43,6.0,3.62,54.9,8.12,2.18,150.03,2.37,18:59,6.05,6.36,0.66,22.35,2.8,170.24,2.2
21/03/25,9:42,6.09,3.53,45.88,11.13,2.45,156.38,2.28,19:15,6.02,3.52,0.32,22.87,3.86,171.19,2.15
22/03/25,10:14,6.1,2.44,53.51,9.2,2.45,144.57,2.26,19:21,6.06,5.76,0.54,20.85,3.17,166.47,2.28
23/03/25,9:43,6.2,1.78,46.91,8.64,2.81,138.28,2.35,19:26,6.31,4.99,0.59,19.25,2.9,163.52,2.12
24/03/25,10:47,5.86,2.72,60.46,9.49,2.19,141.04,2.43,18:55,5.65,5.0,1.8,24.85,3.45,170.18,2.16
25/03/25,10:42,5.88,2.39,58.43,9.35,2.19,144.31,2.34,19:00,5.81,8.01,0.44,26.5,2.59,166.94,2.07
26/03/25,10:26,5.8,2.16,56.8,10.0,2.25,146.89,2.44,19:17,5.82,10.39,0.92,25.84,3.42,164.48,2.25
27/03/25,10:19,6.32,3.99,57.82,9.35,2.27,143.2,2.44,19:26,6.43,6.85,0.37,26.27,4.16,169.27,2.06
28/03/25,9:58,6.7,5.11,53.4,9.36,2.92,143.18,2.34,19:20,6.71,4.95,0.16,27.09,3.37,172.07,2.09
29/03/25,9:50,6.81,6.84,52.56,9.35,3.03,137.57,2.24,19:24,6.72,5.64,0.39,24.18,3.4,170.77,1.91
30/03/25,9:41,6.62,2.31,49.94,8.96,2.98,138.03,2.22,19:21,6.63,4.61,0.25,20.14,3.15,163.03,1.98
31/03/25,9:55,6.69,3.24,50.94,10.82,3.01,140.3,2.21,19:21,6.83,5.71,0.22,22.71,3.43,166.0,2.01
01/04/25,9:51,6.51,2.77,50.39,9.92,3.12,144.77,2.17,19:26,6.43,6.56,0.86,22.3,4.04,166.96,1.98
02/04/25,10:41,6.55,3.9,57.66,7.33,2.63,137.23,2.11,19:25,6.44,4.61,0.23,24.77,3.26,168.48,1.97
03/04/25,9:56,6.42,1.54,47.41,9.78,2.54,146.35,2.32,19:27,6.45,7.51,0.27,22.08,3.63,163.01,1.87
04/04/25,10:52,6.37,1.55,59.98,5.98,2.56,129.76,2.12,19:33,6.39,4.66,1.8,25.01,3.69,169.87,2.07
05/04/25,9:43,6.48,2.03,46.45,7.8,2.6,138.12,2.09,19:38,6.42,5.58,1.19,24.61,3.58,167.32,1.94
06/04/25,9:38,6.47,4.13,48.08,7.56,2.39,129.09,2.18,22:36,6.47,11.05,0.09,18.44,2.77,160.02,2.03
07/04/25,16:36,6.35,6.26,35.03,11.52,3.88,152.4,2.06,19:22,6.42,6.71,0.42,25.93,5.61,169.86,2.16
08/04/25,16:30,6.23,5.32,34.29,12.1,3.96,160.53,1.97,19:19,6.38,7.45,0.26,24.18,5.79,173.2,1.97
09/04/25,16:27,6.23,7.0,36.81,11.51,3.67,158.12,2.09,22:43,6.08,9.45,0.45,21.87,6.8,171.72,2.04
10/04/25,15:30,6.04,13.87,47.47,9.34,3.1,133.48,2.1,0:00,6.19,9.98,0.36,18.93,4.91,172.12,2.07
11/04/25,15:28,6.04,11.02,50.7,11.96,2.96,124.74,2.0,19:25,6.21,13.82,0.95,20.55,3.71,151.59,2.08
12/04/25,15:45,6.37,8.77,46.27,10.55,3.11,133.21,2.17,19:26,6.52,11.35,1.26,21.39,3.46,160.16,2.13
13/04/25,15:20,6.34,7.88,50.08,8.41,3.03,113.77,2.08,22:56,6.48,9.27,0.29,16.68,3.18,162.75,1.99
14/04/25,15:02,6.22,9.23,52.82,9.43,3.14,127.03,2.14,19:45,6.27,11.3,0.59,20.04,3.67,165.61,2.1
15/04/25,15:51,6.25,6.86,45.76,10.99,3.4,139.17,1.98,19:30,6.22,8.11,1.09,25.59,4.04,171.67,1.88
16/04/25,16:34,5.86,9.25,33.88,14.07,3.26,152.26,1.9,19:29,5.83,12.46,1.3,24.11,5.18,170.45,1.92
17/04/25,15:31,5.85,7.63,45.47,13.43,3.02,147.42,1.81,22:46,5.91,12.11,0.42,23.36,5.44,171.82,1.92
18/04/25,10:53,6.27,6.47,59.41,13.3,2.94,126.24,2.14,0:00,5.93,12.44,0.04,21.04,3.75,171.5,1.89
19/04/25,15:47,6.23,13.4,43.89,13.81,2.8,135.33,1.83,19:46,6.25,12.32,0.1,25.69,3.68,172.99,1.9
20/04/25,15:03,6.27,7.37,54.72,9.24,2.51,126.34,2.02,0:00,6.29,12.51,0.05,21.74,3.67,172.39,1.88
21/04/25,15:45,6.27,4.88,47.2,12.06,3.57,155.24,1.93,22:20,6.33,7.07,0.07,23.96,8.58,171.76,1.95
22/04/25,15:36,6.23,3.94,50.43,11.24,5.14,152.0,1.94,22:23,6.23,8.23,0.09,25.14,9.67,173.85,1.97
23/04/25,15:45,5.52,4.87,48.22,11.82,5.38,150.9,1.98,22:29,5.74,10.33,0.1,23.62,9.84,175.58,1.98
24/04/25,15:31,5.65,5.75,49.83,11.4,6.14,155.22,2.04,22:30,5.54,10.13,0.36,24.95,9.98,177.55,2.03
25/04/25,15:32,5.66,7.56,46.35,12.16,5.59,159.34,2.05,22:41,5.67,12.84,0.04,23.77,9.91,175.26,1.83
26/04/25,14:58,6.08,5.66,47.06,0.0,5.35,153.18,0.0,0:00,5.83,11.79,9.02,0.0,10.03,176.66,0.0
27/04/25,14:55,6.3,5.14,52.81,7.71,3.14,134.1,2.0,0:00,6.23,8.88,0.05,19.8,9.56,174.68,1.98
28/04/25,15:19,6.29,7.29,52.49,12.11,4.22,144.85,1.88,19:38,6.3,9.05,0.27,25.02,7.26,173.5,1.74
29/04/25,15:23,6.3,9.9,48.84,12.59,5.6,140.22,1.91,22:44,6.33,9.68,0.05,23.8,7.02,172.54,1.85
30/04/25,15:31,6.3,10.51,44.7,14.9,5.89,143.37,1.9,22:53,6.3,15.16,0.02,22.37,7.52,169.79,1.89
01/05/25,14:57,6.31,10.59,53.65,12.76,3.04,125.13,1.97,0:00,6.31,14.16,0.02,20.34,5.69,169.97,1.87
02/05/25,15:55,6.28,10.75,39.69,14.35,3.49,140.37,1.87,19:39,6.28,9.42,0.29,24.47,5.54,167.66,1.74
03/05/25,14:56,6.14,10.06,53.67,11.06,2.94,131.31,1.9,22:56,6.09,16.21,0.08,20.52,4.72,160.62,1.75
04/05/25,14:58,6.12,10.65,51.56,9.07,2.02,116.39,1.95,0:00,6.12,16.63,0.08,17.9,4.21,158.71,1.75
05/05/25,14:55,6.14,8.02,47.64,12.51,3.27,130.8,2.04,19:45,6.07,13.52,0.79,22.67,4.98,150.22,1.78
06/05/25,14:55,6.07,7.92,44.98,11.24,3.59,127.97,1.98,19:40,6.13,9.75,0.26,22.9,4.8,158.91,1.82
07/05/25,14:56,6.05,5.43,50.12,11.66,3.17,125.7,2.02,22:19,6.1,9.7,0.34,21.29,4.41,162.5,1.77
08/05/25,14:58,6.0,6.96,50.4,11.47,3.3,128.71,2.05,19:43,6.08,9.64,0.68,23.84,4.56,166.4,1.85
09/05/25,14:55,6.03,3.06,51.96,14.16,3.48,134.3,2.07,19:48,6.08,7.22,0.55,24.8,6.06,170.17,1.92
10/05/25,14:57,6.16,4.73,49.92,13.75,3.09,141.12,2.03,23:22,6.22,8.08,0.38,23.18,6.09,171.79,1.95
11/05/25,14:57,0.0,0.0,0.0,0.0,0.0,0.0,0.0,0:15,6.21,8.79,0.34,21.29,5.6,171.01,1.9
12/05/25,15:00,6.2,8.4,49.32,15.22,3.33,142.22,2.11,22:53,6.24,11.6,0.35,24.59,6.12,168.88,1.77
13/05/25,14:59,6.21,9.13,51.92,12.67,4.96,140.96,1.94,22:42,6.25,13.67,0.0,23.55,8.32,167.92,1.71
14/05/25,15:00,6.19,7.62,51.11,11.95,4.73,149.21,1.95,22:30,6.2,7.47,0.42,26.69,7.76,176.32,1.9
15/05/25,14:59,6.18,6.52,53.15,12.78,5.03,147.08,2.12,22:29,6.24,7.44,0.12,27.66,8.86,173.25,1.89
16/05/25,15:00,6.2,9.53,50.71,14.36,5.08,143.01,2.02,23:01,6.16,13.17,0.45,26.34,7.76,170.23,1.91
17/05/25,14:53,6.09,7.96,51.54,14.7,4.33,138.59,2.02,0:00,6.14,13.98,0.44,23.78,7.54,167.14,1.88
18/05/25,15:01,6.12,7.79,50.24,14.02,2.42,127.15,2.09,22:41,6.18,11.04,0.29,26.32,3.02,167.97,1.91
19/05/25,15:00,6.14,7.08,44.61,17.55,3.75,145.18,1.99,22:30,6.2,7.93,0.23,30.41,6.56,173.66,1.97
20/05/25,14:56,6.16,10.94,49.43,16.14,3.11,141.13,1.91,22:28,6.25,9.77,0.42,27.76,5.22,171.74,1.9
21/05/25,15:30,6.23,13.92,42.9,16.09,2.8,140.37,2.05,0:00,6.28,9.42,0.42,26.03,4.18,170.95,1.86
22/05/25,15:36,6.24,15.23,44.82,18.27,2.73,120.45,1.83,22:21,6.24,14.4,0.62,28.44,3.18,163.76,1.78
23/05/25,15:30,6.14,15.65,46.0,19.65,2.64,128.13,2.01,22:41,6.14,14.96,0.38,29.4,3.31,167.12,1.91
24/05/25,15:18,6.18,17.33,43.7,18.04,2.43,124.74,1.91,0:00,6.21,14.37,0.38,27.46,3.31,165.07,1.89
25/05/25,15:26,6.25,16.39,36.77,17.81,2.02,103.22,1.92,22:35,6.19,19.52,1.21,25.12,2.67,147.78,1.72
26/05/25,15:42,6.22,18.94,38.5,18.78,2.74,115.85,1.94,22:22,6.24,20.65,0.3,26.57,3.37,156.55,1.85
27/05/25,15:03,6.21,22.58,41.57,17.94,2.84,115.62,1.93,22:19,6.23,22.27,0.0,26.99,3.19,155.13,1.82
28/05/25,14:59,6.2,18.53,40.62,19.98,2.7,122.03,1.9,22:40,6.27,20.57,0.0,26.5,3.1,157.09,1.79
29/05/25,14:58,6.22,19.71,45.15,17.61,2.46,118.72,1.92,22:19,6.27,21.17,0.0,25.58,3.37,154.33,1.76
30/05/25,15:27,6.2,23.57,43.6,15.99,2.14,110.98,1.8,22:39,6.05,26.97,0.0,25.64,2.61,150.4,1.73
31/05/25,15:29,6.03,25.19,46.27,18.61,1.96,107.89,1.83,22:25,6.0,25.46,0.0,28.61,2.31,150.04,1.9
01/06/25,15:14,6.05,23.67,48.54,15.28,1.82,99.25,1.76,0:00,6.07,25.32,0.0,24.85,2.46,149.0,1.86
02/06/25,15:01,5.98,24.46,49.88,16.93,2.64,114.11,1.85,22:37,6.21,21.89,0.0,28.61,4.49,155.25,1.7
03/06/25,14:54,6.21,21.81,46.58,15.05,2.47,115.5,1.74,22:41,6.24,17.08,0.0,28.31,4.88,154.37,1.66
05/06/25,15:18,6.13,8.43,47.83,13.95,2.83,135.57,1.75,22:37,5.63,10.15,0.0,31.06,6.67,162.09,1.69
06/06/25,15:30,5.61,10.31,47.22,13.61,3.83,144.75,1.71,22:27,5.64,15.47,0.0,28.71,7.83,166.6,1.72
07/06/25,14:58,5.64,14.86,53.77,13.42,4.88,140.21,1.8,22:48,5.61,18.54,0.0,29.03,7.53,167.46,1.75
08/06/25,14:53,5.38,14.51,53.03,16.6,2.49,131.74,1.74,22:41,5.32,21.37,0.0,29.88,3.15,167.16,1.65
09/06/25,14:57,5.17,17.35,53.36,18.42,4.18,143.35,1.71,22:46,5.26,19.26,0.0,29.81,7.69,175.15,1.56
10/06/25,14:52,5.17,17.7,57.37,19.84,5.3,140.29,1.59,22:18,5.24,21.39,0.0,28.96,8.4,170.96,1.54
11/06/25,14:56,5.13,16.1,51.34,20.92,5.3,143.58,1.55,22:44,5.16,19.25,0.0,29.97,8.36,169.24,1.61
12/06/25,15:49,5.22,15.13,42.8,23.13,5.97,152.17,1.57,22:20,5.25,13.57,0.0,31.56,9.95,170.89,1.6
13/06/25,14:50,5.37,15.69,48.14,21.62,5.4,146.05,1.7,22:24,5.4,13.84,0.0,32.11,9.71,171.66,1.71
14/06/25,15:01,5.37,14.54,37.87,22.77,5.77,155.58,1.74,22:40,5.43,15.59,0.0,31.23,9.29,169.68,1.65
15/06/25,15:00,5.63,15.42,28.89,22.67,2.49,130.16,1.7,0:00,5.43,15.78,0.0,28.86,8.42,168.86,1.64
16/06/25,15:28,5.65,21.71,31.89,23.54,3.42,129.16,1.66,22:24,5.7,18.99,0.0,30.53,5.04,160.58,1.73
17/06/25,11:53,5.24,19.74,47.2,22.5,2.43,109.37,1.8,0:00,5.69,15.71,0.0,30.13,3.67,157.63,1.64
18/06/25,14:57,5.24,25.0,46.12,25.12,2.25,105.49,1.72,22:24,5.27,22.79,0.0,30.17,2.99,157.24,1.75
19/06/25,14:55,5.47,26.34,41.72,23.99,2.62,108.78,1.7,22:25,5.47,24.07,0.0,30.97,2.72,150.79,1.79
20/06/25,15:39,5.46,28.26,39.62,23.02,2.8,110.31,1.83,22:25,5.46,22.46,0.0,30.91,3.07,154.56,1.72
21/06/25,14:55,5.45,28.45,36.71,24.56,2.72,115.08,1.81,22:19,5.49,21.74,0.0,32.44,3.08,159.17,1.72
22/06/25,14:23,5.3,23.36,42.27,22.86,2.54,102.47,1.84,0:00,5.5,20.94,0.0,29.39,3.07,157.03,1.75
23/06/25,14:53,5.25,23.37,32.12,25.11,2.95,122.81,1.74,22:31,5.26,21.78,0.0,31.22,4.63,151.95,1.83
24/06/25,11:23,5.22,24.29,46.32,23.85,2.85,107.68,1.83,22:18,5.24,21.46,0.0,31.42,4.76,154.37,1.72
25/06/25,11:53,5.2,19.67,44.09,25.08,2.84,114.38,1.71,21:02,5.33,16.32,0.0,30.55,6.5,155.09,1.53
26/06/25,11:01,5.54,15.47,40.53,23.31,3.17,122.12,1.8,19:53,5.68,17.97,0.03,31.48,6.04,146.03,1.76
27/06/25,11:06,5.68,15.4,46.88,24.13,3.17,119.77,1.81,20:42,5.67,18.8,0.0,33.29,6.16,152.57,1.81
28/06/25,14:57,5.65,21.85,42.04,24.29,3.18,119.86,1.76,22:22,5.7,19.58,0.0,29.62,5.38,154.75,1.78
29/06/25,9:30,5.66,22.46,35.63,21.81,2.1,109.39,1.78,0:00,5.72,20.95,0.0,27.76,3.51,149.23,1.78
30/06/25,15:44,5.7,26.25,39.59,22.83,2.81,107.11,1.76,21:14,5.77,23.39,0.0,30.2,2.76,143.15,1.73
01/07/25,10:44,5.73,22.92,42.78,23.9,2.72,106.2,1.73,21:28,5.75,21.48,0.0,30.06,2.58,145.55,1.72
02/07/25,10:58,5.52,21.19,38.36,25.96,2.71,115.95,1.7,21:49,5.54,16.52,0.0,34.56,4.9,147.79,1.72
03/07/25,15:35,5.47,20.33,26.99,25.67,2.9,130.68,1.69,21:18,5.51,16.18,0.0,33.72,7.06,149.73,1.6
04/07/25,11:12,5.65,17.24,43.5,23.78,4.17,123.89,1.71,19:47,5.69,20.22,0.04,34.37,7.66,146.39,1.62
05/07/25,11:51,5.74,21.37,51.78,24.87,3.38,113.25,1.8,22:24,5.74,20.08,0.0,33.64,6.38,147.49,1.78
06/07/25,10:25,5.88,24.54,43.53,24.06,2.54,101.61,1.51,22:20,5.86,22.98,0.0,32.68,2.62,142.44,1.57
07/07/25,10:57,5.91,24.63,43.9,25.25,2.52,108.08,1.7,21:48,5.93,20.57,0.0,35.31,5.15,147.15,1.85
08/07/25,14:49,5.93,22.26,45.0,25.62,2.59,117.57,1.61,19:35,5.91,21.57,0.15,35.89,5.33,143.86,1.88
09/07/25,14:57,5.92,21.59,44.72,25.93,3.26,114.33,1.97,19:39,5.92,23.91,0.27,32.24,5.74,140.2,1.89
10/07/25,10:25,5.92,16.2,45.54,25.06,3.73,112.89,1.75,22:29,5.96,13.3,0.0,36.48,6.02,149.62,1.75
11/07/25,10:44,5.96,12.38,52.42,25.9,3.32,119.45,1.97,22:30,5.98,17.33,0.0,35.28,6.18,151.32,1.82
12/07/25,14:48,5.96,16.87,45.47,25.39,3.5,120.58,1.89,22:28,5.34,17.65,0.0,36.26,6.01,151.67,1.8
13/07/25,10:28,5.38,17.82,49.39,24.8,2.31,109.36,1.83,0:00,5.37,18.68,0.0,33.98,3.32,147.94,1.85
14/07/25,10:30,5.34,21.15,49.42,24.93,2.09,109.72,1.81,22:19,5.77,22.17,0.0,32.36,2.97,145.31,1.69
15/07/25,11:00,0.0,0.0,0.0,0.0,0.0,0.0,0.0,20:54,0.0,0.0,0.0,0.0,0.0,0.0,0.0
16/07/25,10:55,5.35,13.7,48.65,29.5,2.38,115.47,1.86,19:51,5.37,17.69,0.11,36.07,4.66,147.95,1.71
17/07/25,11:21,5.37,10.09,51.75,28.65,2.61,119.81,2.02,19:58,5.37,15.56,0.07,37.91,5.61,147.69,1.84
18/07/25,11:00,5.37,11.18,38.03,28.75,3.0,132.15,2.0,22:26,5.32,15.99,0.0,37.11,5.74,149.94,1.88
19/07/25,15:00,5.2,15.82,29.35,28.44,3.15,137.7,1.81,22:28,5.2,20.11,0.0,35.75,5.67,151.68,1.82
20/07/25,11:51,5.15,13.57,40.06,28.8,2.25,117.38,1.89,22:25,5.13,16.18,0.0,36.4,2.51,151.13,1.86
21/07/25,10:55,5.11,14.74,41.97,25.99,2.39,131.21,1.9,21:00,5.29,14.98,0.0,30.97,5.84,156.71,1.82
22/07/25,11:31,5.18,15.7,50.83,24.03,2.71,117.68,1.94,19:38,5.25,21.86,0.26,31.07,4.98,153.04,1.87
23/07/25,10:10,5.09,25.01,41.33,23.95,3.74,114.87,1.97,19:52,5.26,23.46,0.16,31.4,5.04,150.92,1.72
24/07/25,14:55,5.18,20.87,40.79,28.71,3.05,117.1,1.75,20:36,5.27,18.1,0.0,36.14,5.26,151.56,1.97
25/07/25,9:49,5.21,18.52,41.41,28.15,2.33,120.47,1.71,19:53,5.57,21.74,0.07,34.02,3.96,145.63,1.98
26/07/25,15:20,5.77,26.97,25.25,31.51,2.55,116.68,1.76,20:37,5.77,24.06,0.0,35.05,2.7,143.1,1.62
27/07/25,10:37,5.81,23.96,38.36,27.64,2.3,105.37,1.79,21:24,5.48,23.07,0.0,34.4,2.37,141.83,1.7
28/07/25,10:54,5.5,27.39,35.42,30.58,2.38,114.0,1.95,19:52,5.47,24.03,0.23,36.38,3.71,146.96,1.87
29/07/25,10:24,5.48,30.12,39.8,29.98,2.25,107.08,1.75,19:44,5.51,28.3,0.41,34.73,2.59,141.5,1.9
30/07/25,10:59,5.51,26.71,45.03,29.37,2.33,107.46,1.8,19:54,5.46,22.0,0.17,36.17,4.95,146.95,1.89
31/07/25,10:23,5.51,23.58,35.7,27.97,2.33,116.98,1.77,19:47,5.58,17.47,0.18,35.61,5.82,148.59,1.92
01/08/25,10:14,4.59,17.44,34.62,26.66,3.18,128.43,1.91,19:47,4.64,17.05,0.08,33.17,5.53,154.63,1.9
02/08/25,14:59,4.55,16.76,49.92,29.57,3.36,114.82,2.02,19:41,4.62,15.77,0.15,36.0,5.87,154.9,1.89
03/08/25,10:59,4.58,9.49,51.28,30.61,2.66,108.93,1.88,22:25,4.7,14.91,0.0,37.13,2.53,148.55,1.76
04/08/25,15:43,4.56,13.29,41.8,32.6,2.83,125.6,1.81,19:50,4.57,11.3,0.53,40.05,5.05,152.91,1.85
05/08/25,14:58,4.55,16.29,50.81,29.72,2.93,117.11,1.97,19:44,4.56,15.1,0.85,35.06,5.17,156.16,1.86
06/08/25,15:20,4.55,13.21,48.82,29.15,3.29,124.75,1.84,19:47,4.56,13.52,0.81,38.76,6.06,159.14,1.81
07/08/25,15:35,4.54,13.21,48.3,31.25,3.55,128.92,1.92,19:48,4.6,15.04,0.53,37.64,6.22,160.25,1.77
08/08/25,11:57,4.57,9.08,55.66,31.46,3.33,124.06,1.93,19:49,4.59,12.29,0.18,38.67,5.63,157.94,2.02
09/08/25,9:18,4.58,6.2,41.44,30.64,2.76,121.78,2.06,0:00,4.63,9.96,0.0,34.78,4.01,154.98,2.01
10/08/25,12:27,4.73,9.91,51.26,30.16,1.95,104.24,2.08,19:50,4.89,14.75,0.17,37.07,2.19,147.76,1.82
11/08/25,14:48,5.11,15.51,51.09,30.73,2.25,114.98,1.85,19:35,5.2,18.14,0.34,38.05,3.27,158.32,1.79
12/08/25,15:01,5.23,20.44,45.41,31.08,2.69,115.25,1.97,19:42,5.31,19.21,0.2,38.13,3.99,155.72,1.99
13/08/25,15:34,4.78,16.13,32.28,31.54,3.0,133.02,1.88,19:30,5.21,15.28,0.23,37.2,4.43,158.87,1.82
14/08/25,9:58,5.11,11.0,36.08,24.38,2.92,128.83,1.81,19:42,5.18,14.09,0.26,33.65,3.8,159.04,1.71
15/08/25,7:00,5.23,9.04,5.42,27.69,2.14,144.09,1.5,0:00,5.24,12.87,0.0,29.15,2.86,149.91,1.94
16/08/25,11:40,5.3,15.0,50.89,24.21,1.93,110.33,1.72,19:48,5.38,17.26,0.26,37.18,3.8,146.14,1.62
17/08/25,10:58,5.18,15.63,44.49,30.33,1.66,99.31,1.95,20:46,5.33,18.36,0.0,34.11,1.66,143.5,1.72
18/08/25,10:18,5.37,15.75,47.63,28.85,1.86,105.82,1.89,19:50,5.52,19.11,0.61,36.67,3.14,149.74,1.72
19/08/25,10:28,5.39,17.39,44.48,30.7,2.47,106.35,1.95,19:46,5.46,20.0,0.08,37.99,4.39,149.45,1.89
20/08/25,11:53,0.0,0.0,0.0,0.0,0.0,0.0,0.0,19:46,0.0,0.0,0.0,0.0,0.0,0.0,0.0
21/08/25,16:50,5.28,16.07,19.96,33.64,1.82,131.88,1.85,19:51,5.32,14.52,0.55,39.64,4.72,151.78,1.86
22/08/25,10:53,5.36,15.31,48.22,30.0,1.86,112.81,1.91,19:40,5.37,18.09,1.19,36.91,4.84,149.96,2.15
23/08/25,10:29,5.27,18.0,39.84,28.95,2.89,113.16,1.88,19:34,5.29,21.63,0.87,35.95,3.08,145.4,1.87
24/08/25,10:04,5.64,21.46,33.85,27.99,1.34,99.89,1.88,19:48,5.34,21.56,1.18,34.12,1.41,132.06,1.78
25/08/25,10:30,5.32,16.52,47.11,29.14,1.64,100.94,2.07,19:30,5.53,12.5,0.8,37.5,3.88,149.3,1.99
26/08/25,9:52,5.63,14.52,44.96,30.79,1.78,108.53,1.95,19:23,5.64,18.69,0.27,32.67,4.1,148.24,2.01
27/08/25,9:40,5.65,12.66,41.02,26.0,1.8,112.94,2.1,19:29,5.62,16.78,0.68,31.74,2.39,146.13,2.01
28/08/25,15:29,5.62,15.57,43.1,29.12,2.5,108.98,1.99,19:20,5.62,14.84,1.1,36.03,5.29,150.59,2.05
29/08/25,10:59,5.63,12.32,48.67,29.32,2.41,105.05,2.05,19:18,5.44,14.29,0.56,36.71,3.52,153.04,1.87
30/08/25,15:55,5.45,16.75,35.03,29.97,2.42,113.19,1.86,19:19,5.48,18.07,0.28,36.8,3.15,150.82,1.94
31/08/25,9:40,5.5,15.03,30.41,32.13,1.55,104.66,1.95,0:00,5.51,15.53,0.0,33.88,2.65,140.93,1.82
01/09/25,10:35,5.23,22.37,38.51,30.47,1.73,95.18,1.94,19:20,5.23,20.09,0.01,33.66,3.17,138.02,1.76
02/09/25,10:46,5.19,19.06,42.22,30.14,2.57,92.25,1.82,19:20,5.23,18.85,0.1,33.89,3.3,139.51,1.82
03/09/25,10:15,4.83,14.85,49.41,29.55,2.61,91.26,1.86,19:23,5.04,18.54,0.09,34.99,2.92,140.41,1.86
04/09/25,9:50,5.23,17.14,46.89,28.54,2.55,95.82,1.87,19:24,4.63,22.15,0.6,36.22,3.27,136.54,1.77
05/09/25,11:29,4.67,14.93,52.24,30.76,2.58,95.07,1.98,19:19,4.66,21.06,0.15,37.78,3.54,139.67,1.85
06/09/25,11:45,4.48,17.17,49.16,31.52,2.09,95.75,1.92,19:27,4.5,18.86,0.17,36.7,4.14,137.46,1.66
07/09/25,10:15,4.47,18.8,41.87,30.98,1.84,90.41,1.7,19:37,4.46,18.14,0.41,37.59,1.66,134.38,1.56
08/09/25,15:31,4.43,16.68,34.71,29.84,2.54,118.95,1.74,19:40,4.59,14.55,0.2,37.94,5.18,146.45,1.61
10/09/25,15:30,4.83,8.78,41.13,28.86,3.88,126.64,1.82,19:28,4.89,9.09,0.27,36.84,7.12,163.84,1.81
11/09/25,15:30,5.19,11.26,42.16,28.61,4.4,121.4,1.68,19:18,5.22,9.14,0.7,36.7,7.64,161.12,1.88
12/09/25,15:44,5.36,6.01,43.93,30.42,4.84,124.16,1.86,19:28,5.37,7.05,0.37,38.37,8.39,161.64,1.94
13/09/25,15:01,5.38,9.13,48.48,28.21,4.46,119.75,1.91,19:11,5.39,11.54,0.29,36.05,6.42,158.7,1.91
14/09/25,10:46,5.39,8.05,54.87,28.55,1.76,103.68,1.92,19:30,5.36,13.2,0.34,34.13,1.85,156.62,1.76
15/09/25,10:27,5.34,12.69,53.38,31.15,1.99,112.14,2.01,19:26,5.36,16.49,0.59,35.18,6.24,159.98,1.94
16/09/25,10:52,5.39,7.92,50.85,29.99,4.05,119.58,1.96,19:17,5.39,11.78,0.27,37.13,6.74,161.5,1.89
17/09/25,9:38,5.44,3.23,42.9,31.52,1.76,124.74,1.98,19:21,4.3,7.93,0.07,37.89,6.27,159.97,1.84
18/09/25,9:59,4.33,5.16,48.88,30.25,2.4,121.95,1.89,19:16,4.36,10.55,0.5,36.78,6.09,163.72,1.77
19/09/25,10:57,4.63,7.74,56.3,27.9,2.95,117.51,1.96,19:21,4.66,10.91,0.62,37.03,7.14,162.24,1.9
20/09/25,15:40,4.39,10.07,47.52,28.84,3.89,118.62,1.77,19:16,4.38,12.04,0.57,35.91,5.64,162.13,1.85
21/09/25,10:44,4.6,7.93,52.34,0.0,1.69,106.18,0.0,19:24,5.19,12.54,0.31,0.0,1.76,156.28,0.0
22/09/25,14:59,5.17,12.09,53.19,27.48,2.45,116.81,1.88,19:12,5.23,14.34,0.48,36.61,5.94,160.36,1.94
23/09/25,17:59,4.89,15.34,9.69,32.2,5.26,148.51,1.71,19:09,4.91,14.95,2.93,35.6,5.87,161.96,1.82
24/09/25,15:46,4.94,15.12,45.16,28.38,3.94,121.17,1.83,19:13,4.95,16.43,0.78,36.67,5.26,162.55,1.9
25/09/25,15:30,5.15,12.54,46.78,26.48,3.29,127.88,1.87,19:24,5.2,13.22,0.52,37.45,5.88,164.7,1.79
26/09/25,10:22,5.27,13.07,52.77,27.65,2.67,119.59,2.02,19:23,4.96,14.88,0.8,35.27,4.22,163.28,1.87
27/09/25,14:55,4.96,18.74,46.25,25.49,2.45,113.56,1.89,19:21,4.99,19.0,0.37,35.39,3.03,157.93,1.85
28/09/25,14:59,5.03,22.42,43.96,22.82,1.81,107.64,1.91,18:54,5.08,21.22,0.06,33.88,1.85,149.8,1.91
29/09/25,17:59,5.19,17.5,5.22,30.39,2.36,152.91,1.83,18:55,5.18,16.77,0.28,37.0,2.67,162.73,1.87
30/09/25,9:48,5.21,16.88,39.5,25.7,1.87,119.89,1.9,18:47,5.27,15.47,0.61,34.77,1.9,155.91,1.94
01/10/25,9:57,5.36,15.44,46.62,23.2,1.85,104.18,1.9,19:00,5.37,15.24,0.88,31.19,2.41,148.1,1.76
02/10/25,9:43,5.39,12.44,38.62,24.69,1.68,99.6,1.67,0:00,5.39,16.38,0.0,31.26,1.64,129.82,1.81
03/10/25,15:46,5.38,9.57,35.85,24.96,2.03,119.08,1.69,18:58,5.37,9.59,1.55,36.07,3.73,151.62,1.77
04/10/25,15:58,6.18,6.48,37.79,24.33,2.0,114.36,1.88,18:48,5.78,8.53,1.26,37.85,2.73,151.36,1.81
05/10/25,9:49,5.82,6.58,44.94,24.16,1.85,97.61,1.94,18:59,5.9,11.42,1.21,32.98,1.79,142.19,1.84
06/10/25,9:55,6.04,8.89,32.14,23.07,1.58,108.42,1.84,18:51,6.04,12.4,0.12,33.82,2.47,146.13,1.68
07/10/25,15:48,6.04,5.02,36.74,24.69,1.84,109.79,1.87,18:47,5.64,5.29,0.43,35.9,2.33,154.16,1.87
08/10/25,16:52,5.89,2.82,21.16,25.37,2.84,129.88,1.75,18:55,5.96,2.98,0.67,36.04,3.92,155.43,1.82
09/10/25,16:49,6.03,2.89,20.6,24.11,2.71,135.04,1.83,18:45,5.99,3.49,0.82,36.26,4.0,156.61,1.93
10/10/25,16:31,6.09,3.01,26.6,22.74,2.92,128.94,1.86,18:42,6.08,3.47,0.72,34.55,4.36,154.69,1.8
11/10/25,16:59,6.09,3.38,20.66,23.36,3.04,131.57,1.74,18:40,6.09,4.28,0.09,32.52,4.41,154.6,1.75
12/10/25,16:45,6.09,4.13,22.75,20.71,1.66,121.62,1.86,18:43,6.09,4.38,0.16,30.59,1.68,148.8,1.85
13/10/25,16:59,6.09,4.7,23.58,21.87,2.97,135.82,1.73,18:44,6.1,4.76,0.24,34.2,4.34,158.17,1.78
14/10/25,15:55,6.09,2.37,42.14,19.14,2.18,124.47,1.84,18:53,6.11,3.62,0.34,34.46,4.29,159.24,1.82
15/10/25,15:38,5.24,4.24,45.75,16.11,2.08,123.16,1.81,18:39,5.22,4.97,0.81,34.66,4.13,159.49,1.68
16/10/25,16:00,5.63,4.67,37.26,18.3,2.74,132.38,1.79,18:40,5.65,4.49,0.52,34.47,4.26,161.62,1.8
17/10/25,11:41,5.85,7.9,62.06,14.29,1.84,109.11,2.02,18:41,5.86,6.32,0.51,32.8,4.28,159.87,1.85
18/10/25,10:14,5.85,4.34,57.49,15.06,1.77,117.85,2.0,18:31,5.85,3.36,0.12,33.43,3.86,157.84,1.88
19/10/25,10:30,5.93,4.14,60.2,14.28,1.44,104.51,1.89,18:33,5.89,3.66,0.49,30.89,1.6,149.03,1.52
20/10/25,10:14,6.0,2.95,34.31,16.06,1.45,99.63,1.61,18:31,5.98,5.67,0.52,26.37,1.6,134.21,1.36
21/10/25,10:47,6.04,3.82,49.8,15.47,1.44,98.59,1.75,18:33,6.05,7.71,0.18,26.13,1.45,133.16,1.45
22/10/25,10:15,6.02,8.69,49.88,13.11,1.38,94.51,1.7,18:30,6.04,8.55,0.44,27.69,1.42,138.82,1.63
23/10/25,10:49,6.03,7.08,52.91,13.65,1.38,97.73,1.76,18:32,6.01,6.78,0.76,30.01,1.49,146.14,1.51
24/10/25,10:55,6.03,5.93,52.15,15.29,1.48,108.13,1.9,18:31,5.99,6.71,0.31,31.78,3.22,149.98,1.69
25/10/25,10:58,6.2,6.67,57.16,10.74,1.5,105.96,1.86,18:30,6.2,9.18,0.29,31.59,2.65,149.64,1.81
26/10/25,10:52,6.22,8.35,52.68,10.64,1.48,98.79,1.83,18:29,6.21,8.12,0.32,27.75,1.59,142.18,1.69
27/10/25,10:38,5.3,14.34,42.22,15.63,1.68,105.38,1.8,18:31,5.3,15.69,0.98,28.4,1.76,138.07,1.65
28/10/25,9:40,5.26,15.38,29.91,17.29,1.7,110.33,1.82,18:29,5.33,18.95,1.56,24.67,1.74,137.02,1.71
29/10/25,10:22,5.31,18.83,39.99,14.43,1.8,97.13,1.75,18:40,5.33,17.81,0.42,28.7,1.83,137.69,1.68
30/10/25,9:43,5.33,13.28,36.31,15.55,1.87,107.66,1.82,18:31,5.31,12.07,1.66,33.73,2.04,138.51,1.78
01/11/25,9:51,5.29,5.42,49.89,15.63,1.86,100.24,1.91,18:08,5.22,5.86,0.78,32.01,4.43,138.78,1.71
02/11/25,9:28,5.1,4.63,40.76,17.94,2.04,98.2,1.97,18:29,5.09,5.0,0.26,29.5,2.33,136.96,1.71
03/11/25,16:59,5.07,7.91,13.51,17.75,3.95,128.62,1.96,18:22,5.1,8.61,0.34,30.34,5.09,146.25,1.94
04/11/25,9:29,5.1,7.78,42.53,15.11,2.09,108.2,2.03,18:31,5.13,5.68,0.32,32.08,3.19,149.48,1.75
05/11/25,9:56,4.79,1.6,50.6,14.84,2.2,104.88,2.09,18:26,4.86,3.93,0.4,28.95,4.9,151.57,2.0
06/11/25,9:40,4.84,2.85,47.56,13.2,2.17,107.24,2.16,18:28,4.84,3.28,0.31,30.37,3.36,154.26,1.96
07/11/25,9:59,4.86,2.17,52.54,13.66,2.22,105.63,2.23,18:26,4.96,2.92,0.39,30.13,5.0,152.7,2.04
08/11/25,9:54,4.96,2.02,55.6,13.65,2.26,101.53,2.29,18:22,4.87,3.51,0.42,31.07,3.0,150.79,2.05
09/11/25,9:42,4.92,1.24,50.56,14.24,1.57,102.16,2.35,18:22,4.88,2.86,0.23,24.97,1.54,143.02,2.15
11/11/25,9:28,4.9,0.82,48.43,12.55,2.19,121.65,2.5,18:15,4.64,1.87,0.24,28.07,5.44,154.08,2.41
12/11/25,9:37,4.66,2.56,53.13,12.64,2.21,119.38,2.54,18:21,4.68,3.23,0.49,28.75,4.57,153.2,2.35
13/11/25,9:42,4.69,3.82,50.38,10.76,2.04,121.15,2.79,17:58,4.59,3.13,1.65,25.4,5.26,158.21,2.54
14/11/25,9:42,4.07,4.07,50.78,12.02,1.73,124.47,2.81,17:56,4.68,3.22,1.92,24.56,4.23,158.65,2.48
15/11/25,9:57,4.69,3.74,58.42,9.38,1.94,117.25,2.9,17:59,4.69,5.04,1.16,24.33,2.99,154.84,2.69
16/11/25,9:56,4.7,6.1,55.72,10.25,1.86,108.55,2.96,17:59,4.69,6.71,0.98,20.13,1.78,144.35,2.67
17/11/25,9:51,4.69,6.48,55.89,8.73,2.21,118.18,3.05,18:22,4.69,5.15,0.55,27.72,3.97,154.98,2.71
18/11/25,9:55,4.7,6.09,51.62,8.58,2.03,124.48,3.1,18:16,4.67,5.36,0.26,29.89,3.5,154.62,2.89
19/11/25,9:43,4.05,3.43,49.82,10.65,2.08,127.46,3.04,17:59,4.01,3.12,1.14,27.36,4.52,156.32,2.84
20/11/25,10:14,4.59,4.2,58.43,7.66,2.18,124.08,3.21,17:59,4.62,3.9,1.23,26.24,4.33,156.57,2.97
21/11/25,9:55,4.7,5.06,52.67,10.2,2.13,135.19,3.22,18:22,4.66,4.49,0.18,30.52,4.51,153.59,2.98
22/11/25,9:57,4.49,5.64,48.87,9.51,2.13,134.03,3.13,18:20,4.44,4.16,0.71,29.87,4.46,154.22,2.94
23/11/25,9:40,4.48,4.64,45.71,8.6,1.99,131.82,3.2,17:59,4.46,3.29,1.65,24.54,1.86,151.42,2.91
24/11/25,9:41,4.48,6.7,42.62,9.79,2.06,140.98,3.07,17:59,4.43,5.36,0.81,28.43,4.59,156.03,3.0
25/11/25,9:55,4.78,8.28,49.12,9.68,2.02,135.96,3.18,17:59,4.72,5.18,1.16,30.0,4.24,157.16,2.9
26/11/25,10:12,4.84,7.22,51.15,10.23,2.06,138.16,2.8,17:59,4.76,5.3,1.07,27.99,4.58,157.26,2.72
27/11/25,10:24,4.83,6.6,49.95,7.2,1.98,142.5,2.84,17:56,4.82,6.73,0.97,27.86,4.67,158.02,2.9
28/11/25,10:24,4.86,6.73,46.19,7.69,1.91,149.2,2.86,17:57,4.62,5.71,1.23,26.69,4.71,161.18,2.85
29/11/25,10:18,4.89,3.3,47.68,9.71,2.13,146.12,2.92,17:57,4.83,5.01,0.93,26.81,2.53,161.69,2.9
30/11/25,10:27,4.87,3.03,49.61,8.27,2.01,137.47,3.02,17:57,4.98,3.56,1.13,22.67,1.94,153.5,2.99
01/12/25,10:14,4.75,2.04,50.64,9.97,2.17,137.69,2.86,17:54,5.06,2.68,1.25,29.92,4.1,157.27,2.88
02/12/25,10:25,4.98,1.65,56.76,9.75,2.08,140.67,2.85,18:20,5.04,3.25,0.5,31.26,4.67,158.68,2.93
03/12/25,9:58,5.05,5.88,46.16,12.04,2.02,145.5,2.97,18:24,5.04,5.97,0.33,29.91,2.81,157.69,2.96
04/12/25,10:17,5.01,6.66,49.57,8.61,1.95,143.27,2.96,18:17,4.42,6.55,2.37,30.61,3.36,157.66,2.97
05/12/25,10:15,4.96,6.71,53.82,9.99,2.12,141.27,3.01,17:56,4.98,7.63,3.13,28.02,2.99,156.56,2.99
06/12/25,9:45,5.09,7.73,48.11,11.0,2.17,141.89,3.1,18:37,5.06,5.9,2.43,30.33,2.24,158.42,3.18
07/12/25,10:54,5.08,4.85,57.69,8.08,1.95,128.79,3.22,17:56,5.06,4.46,1.69,23.98,1.93,153.9,3.17
08/12/25,10:21,5.07,4.02,62.18,7.8,2.05,136.32,3.15,17:54,5.05,6.34,6.11,28.02,4.52,159.76,3.24
09/12/25,10:23,5.08,4.95,60.79,8.09,1.92,137.79,3.12,17:59,5.05,6.11,2.23,27.56,3.97,162.88,3.23
10/12/25,10:26,5.07,5.85,59.82,7.46,2.25,139.48,3.06,17:59,5.03,4.22,1.84,28.63,4.16,162.64,3.11
11/12/25,9:54,5.08,4.59,57.26,8.51,2.13,143.19,3.13,17:58,5.05,3.38,1.91,28.13,4.37,164.41,3.27
12/12/25,9:56,5.05,3.67,55.18,11.34,2.11,145.75,3.16,17:57,5.05,2.0,1.86,28.81,4.79,165.5,3.33
13/12/25,9:38,5.08,2.95,48.64,11.27,2.2,149.7,3.26,17:57,5.04,2.67,2.09,29.51,3.78,164.95,3.35
14/12/25,10:26,5.07,5.21,56.69,8.38,2.1,134.53,3.29,17:57,5.03,3.08,1.66,23.18,2.17,158.43,3.19
15/12/25,10:16,5.06,4.55,56.53,7.48,2.18,145.06,3.19,17:57,5.04,4.54,1.71,26.51,3.26,167.13,3.23
16/12/25,9:40,5.0,8.98,40.78,12.36,2.1,154.58,3.19,17:59,4.97,6.19,1.49,28.3,3.1,165.23,3.07
17/12/25,9:55,4.77,6.33,48.56,11.14,2.12,154.61,3.2,18:21,4.77,5.15,0.45,29.25,5.01,166.33,3.29
18/12/25,9:52,4.86,5.46,49.6,10.36,2.07,154.32,3.2,17:49,4.77,4.13,1.66,28.77,5.09,165.86,3.29
19/12/25,09:40,4.79,5.25,49.47,13.11,2.0,154.76,3.24,18:25,4.83,3.49,0.7,29.61,5.08,164.59,3.52
20/12/25,9:47,4.84,2.71,53.9,11.38,1.8,154.53,3.41,18:15,4.83,3.2,0.78,30.58,5.15,164.35,3.5
21/12/25,10:24,4.87,4.46,54.37,10.51,1.73,151.35,3.48,17:54,4.83,3.26,2.06,27.64,1.65,160.46,3.55
22/12/25,10:16,4.84,4.95,48.3,11.15,4.11,157.39,3.48,18:30,4.83,4.69,0.26,30.16,6.39,163.47,3.55
23/12/25,9:44,4.85,5.09,35.96,16.51,5.07,161.4,3.69,17:57,4.8,4.44,2.11,30.11,6.51,163.26,3.68
24/12/25,10:36,4.82,4.57,63.11,10.24,2.69,149.47,3.58,18:22,4.82,3.92,0.43,32.0,6.37,162.72,3.68
25/12/25,10:24,4.84,4.18,61.72,8.45,2.57,151.91,3.64,17:55,4.84,2.14,2.5,28.43,6.17,166.34,3.48
26/12/25,9:58,5.33,3.63,53.79,10.29,2.74,160.94,3.69,18:28,5.3,4.26,0.31,27.11,4.82,168.73,3.59
27/12/25,10:42,5.33,4.74,57.08,8.7,1.82,152.74,3.71,17:54,5.26,3.33,1.98,25.2,3.94,170.01,3.71
28/12/25,9:57,5.29,3.58,51.92,11.04,1.57,149.93,3.71,17:56,5.39,2.12,2.13,22.34,1.64,162.62,3.6
29/12/25,9:50,5.47,4.81,50.94,11.9,1.85,159.65,3.81,17:51,5.07,1.47,2.15,27.53,3.81,172.19,3.62
30/12/25,9:58,5.67,1.59,48.65,13.59,2.0,168.31,3.84,18:25,5.62,1.45,0.27,27.97,4.32,173.66,3.71
01/01/26,10:27,5.65,1.62,41.34,14.3,2.15,167.63,3.65,17:57,5.65,4.18,2.25,22.56,2.76,163.08,3.62
02/01/26,10:44,5.64,3.54,42.17,14.13,1.99,168.24,3.61,17:56,5.63,3.94,2.52,27.31,3.8,166.88,3.6
03/01/26,10:14,5.64,4.78,45.23,13.18,2.22,161.76,3.63,17:00,5.63,3.11,15.97,17.27,3.42,163.77,3.59
04/01/26,9:54,5.69,4.69,45.58,11.01,1.94,156.71,3.63,18:21,5.67,7.16,0.8,20.53,1.9,164.58,3.67
05/01/26,9:59,5.67,6.58,34.8,11.17,2.22,165.1,3.67,18:00,5.62,7.56,1.21,25.82,2.86,170.37,3.71
06/01/26,10:12,5.69,6.09,42.9,13.26,2.4,166.0,3.77,18:31,5.66,7.97,0.4,27.47,3.34,168.11,3.65
07/01/26,10:15,5.66,8.02,45.59,10.59,2.06,165.13,3.57,18:36,5.66,10.62,0.41,24.54,2.76,170.34,3.67
08/01/26,10:27,5.67,6.78,48.8,11.34,2.09,163.07,3.65,17:55,5.63,7.73,3.34,23.85,4.25,169.69,3.67
09/01/26,9:52,5.69,7.89,44.42,15.49,2.16,166.74,3.79,17:59,5.64,7.05,4.06,23.21,4.29,169.05,3.73
10/01/26,10:11,5.7,7.31,39.83,14.07,2.24,169.02,3.71,17:56,5.67,7.25,3.41,23.25,2.25,168.95,3.67
11/01/26,10:27,5.7,6.02,45.17,11.65,1.93,160.44,3.72,18:45,5.67,10.08,0.18,21.17,1.95,162.23,3.65
12/01/26,10:17,5.64,6.52,56.63,11.02,2.07,158.76,3.67,17:50,5.63,5.33,4.07,24.16,4.08,169.6,3.72
13/01/26,9:59,5.96,7.99,48.45,14.07,2.14,162.3,3.66,18:49,6.03,5.08,0.22,25.84,2.82,172.02,3.48
14/01/26,9:45,6.06,2.88,53.4,14.04,2.09,159.15,3.6,18:55,4.91,3.42,0.2,22.65,2.2,171.8,3.53
15/01/26,9:44,6.16,2.27,49.62,12.27,1.79,161.79,3.18,18:37,6.02,3.96,0.94,22.2,1.86,170.11,2.74
16/01/26,9:57,6.24,2.41,51.29,12.33,2.03,164.92,3.04,18:43,6.21,4.16,1.31,24.41,2.11,172.63,3.22
17/01/26,9:39,6.4,2.21,45.58,12.62,2.15,166.61,3.4,18:25,6.39,3.58,1.8,24.16,2.44,173.32,3.31
18/01/26,9:53,6.46,2.29,46.4,12.31,1.89,162.45,3.46,18:44,6.68,3.7,0.32,20.57,1.86,166.24,3.37
19/01/26,9:55,6.9,1.06,46.6,10.91,2.27,169.38,3.51,18:41,6.25,3.1,1.0,23.41,2.22,177.76,3.53
20/01/26,9:41,6.31,3.17,40.86,14.21,1.95,169.48,3.72,18:42,6.05,4.1,0.46,23.8,2.15,176.82,3.57
21/01/26,9:53,6.27,7.25,50.99,10.81,2.19,161.78,3.65,18:51,5.94,4.73,0.15,24.04,2.64,173.16,3.58
22/01/26,9:39,5.97,6.02,42.69,13.04,2.39,168.6,3.83,18:42,6.02,8.53,0.28,24.09,2.64,171.69,3.8
23/01/26,9:35,6.13,8.37,49.99,13.57,2.28,147.23,3.85,18:51,5.97,4.18,0.57,21.4,2.65,171.0,3.74
24/01/26,9:41,6.24,9.71,46.78,13.98,2.43,151.13,3.77,18:54,6.08,9.14,0.2,20.94,2.16,168.38,3.75
25/01/26,10:24,6.25,9.68,61.29,9.75,1.93,140.81,3.64,18:48,6.01,7.57,0.49,20.13,2.03,158.66,3.62
26/01/26,9:48,6.2,6.48,41.5,12.29,2.19,150.96,3.76,6:59,6.19,10.26,0.19,14.04,2.19,157.69,3.69
27/01/26,9:40,6.41,6.58,43.59,12.37,2.35,159.82,3.77,18:45,6.53,7.62,0.35,20.63,2.97,170.25,3.78
28/01/26,9:43,6.97,5.44,47.67,12.9,2.39,154.7,3.69,18:44,6.71,6.72,3.74,22.64,2.49,169.07,3.54
29/01/26,9:52,6.5,9.1,51.91,12.94,2.25,154.13,3.7,18:45,6.56,8.48,1.12,21.46,2.36,173.23,3.71
30/01/26,9:41,6.36,7.11,45.78,13.36,2.08,165.07,3.76,18:46,6.52,5.81,0.35,22.43,2.37,175.13,3.57
31/01/26,9:42,6.61,7.25,46.95,12.85,2.25,163.18,3.99,18:47,6.59,5.01,0.37,23.08,2.6,173.49,3.77
01/02/26,9:55,6.64,6.77,43.94,11.08,1.97,157.84,3.98,18:51,6.61,6.61,0.66,20.38,2.02,160.56,4.0
02/02/26,9:45,6.63,8.0,45.39,11.59,1.88,160.3,3.92,18:48,6.62,8.22,0.36,25.69,2.31,168.12,3.9
03/02/26,9:39,6.66,7.64,46.54,12.64,1.99,160.16,4.09,18:35,6.63,6.77,3.43,25.8,2.41,170.42,4.17
04/02/26,9:45,6.64,9.07,54.12,10.17,2.25,152.66,4.0,18:51,6.58,11.48,0.81,22.29,2.49,167.04,4.18
05/02/26,9:40,6.64,8.7,47.14,10.76,2.32,158.66,4.16,18:51,6.65,3.9,0.44,23.27,2.57,174.41,3.97
06/02/26,9:43,6.72,5.32,52.47,10.42,2.17,160.71,4.02,18:49,6.73,6.22,0.69,24.06,2.26,172.55,3.94
07/02/26,9:43,6.75,4.92,53.22,9.87,2.08,158.09,3.96,18:51,6.73,5.02,0.86,24.06,2.11,171.7,3.79
08/02/26,9:43,6.77,3.32,54.17,10.45,2.14,148.89,3.99,18:51,6.75,3.57,0.54,20.98,1.9,164.31,3.74
09/02/26,10:28,6.76,2.8,58.74,10.43,2.13,160.83,3.85,18:47,6.74,6.1,0.42,22.11,2.13,174.91,3.81
10/02/26,9:44,6.79,2.87,50.76,11.02,1.89,166.46,3.9,18:44,6.78,6.44,1.01,23.35,2.06,171.66,3.69
11/02/26,9:51,6.92,7.18,53.55,9.39,1.98,159.89,3.82,6:59,6.82,8.71,0.55,18.95,3.48,171.4,3.78
12/02/26,9:56,7.0,6.8,56.58,9.4,2.17,156.33,3.58,17:00,7.0,3.56,28.3,11.85,2.04,162.05,3.49
13/02/26,9:56,7.03,3.6,60.13,9.75,2.03,161.86,3.5,6:59,7.05,7.12,0.9,17.95,3.43,174.74,3.52
14/02/26,9:38,7.03,4.7,55.66,12.72,2.05,156.5,3.46,18:54,7.04,4.51,0.93,25.05,2.33,176.1,3.51
15/02/26,9:40,7.07,1.95,54.41,12.76,1.95,159.52,3.51,6:59,7.05,2.56,0.6,20.56,2.17,171.74,3.54
16/02/26,9:53,7.08,3.56,57.23,12.78,2.24,155.55,3.68,18:51,6.96,6.12,0.34,24.82,2.05,172.61,3.49
17/02/26,10:12,7.02,5.18,60.67,10.84,2.38,155.21,3.59,19:13,6.97,6.4,0.54,25.02,2.45,170.95,3.57
18/02/26,9:42,6.98,7.04,45.63,13.81,2.29,164.58,3.49,18:50,6.82,5.87,0.36,27.05,2.52,171.81,3.44
19/02/26,9:44,6.21,6.23,52.0,13.55,2.25,153.96,3.53,18:55,6.2,7.87,0.21,24.42,2.59,171.88,3.32
20/02/26,9:53,6.24,6.89,55.33,11.69,2.36,156.31,3.37,18:52,6.18,8.64,0.47,24.85,2.44,169.65,3.35
21/02/26,10:27,6.2,4.19,66.82,8.36,2.15,150.21,3.4,18:55,6.15,4.06,2.11,27.16,2.44,171.53,3.31
22/02/26,10:14,6.21,1.48,61.07,9.12,1.7,145.97,3.37,18:56,6.18,4.32,0.58,21.03,1.75,166.93,3.33
23/02/26,9:41,6.22,1.67,61.54,13.36,1.97,163.52,3.29,19:21,6.18,3.52,0.33,25.99,2.43,173.37,3.19
24/02/26,10:15,6.19,3.96,65.84,9.99,2.02,145.85,3.25,18:56,6.18,5.29,0.61,25.92,2.16,172.6,3.12
25/02/26,9:52,6.2,1.15,58.19,9.66,1.93,158.91,3.29,19:14,6.17,4.8,0.19,26.87,2.12,171.41,3.18
26/02/26,10:23,6.2,1.55,69.22,8.43,1.96,149.04,3.23,19:16,6.19,5.59,0.62,27.71,2.38,172.0,2.95
27/02/26,10:13,6.19,1.84,61.55,11.76,2.05,157.6,3.0,19:00,6.16,7.0,0.35,27.3,2.07,172.16,2.8
28/02/26,10:16,6.23,2.14,67.61,9.64,2.07,147.76,2.85,18:57,6.2,5.33,0.72,26.2,2.02,171.57,2.73
01/03/26,10:24,6.25,1.79,67.97,8.6,1.59,138.26,2.85,18:59,6.21,3.26,0.76,23.75,1.62,165.18,2.79
02/03/26,10:27,6.33,1.49,66.99,8.95,2.07,149.73,2.94,18:45,6.39,3.45,0.69,27.63,2.86,172.5,2.93
03/03/26,9:43,6.46,3.58,57.4,9.82,2.22,146.86,2.83,19:13,6.39,4.52,1.21,29.29,2.27,169.65,2.68
04/03/26,9:40,6.49,3.53,58.84,9.18,1.98,129.46,2.88,5:56,6.47,5.04,1.17,11.13,2.1,160.87,2.74
05/03/26,9:55,6.45,2.79,64.69,11.01,2.13,136.49,2.72,18:55,6.42,6.93,1.13,25.44,2.12,165.35,2.73
06/03/26,10:09,6.44,4.96,69.38,10.81,2.25,141.6,1.89,19:01,6.4,4.88,0.33,28.92,2.4,174.38,2.58
07/03/26,10:15,6.44,2.23,72.8,9.24,2.16,147.4,2.75,18:58,6.37,3.6,0.7,29.31,2.66,173.53,2.61
08/03/26,10:29,6.44,1.7,69.69,7.76,2.2,137.19,2.57,19:01,6.4,5.01,0.37,25.18,2.33,171.0,2.65
09/03/26,9:59,5.78,1.97,64.41,10.77,2.32,153.12,2.67,18:59,5.76,9.09,1.06,26.84,2.81,176.5,2.54
10/03/26,10:28,5.81,5.88,69.75,7.76,2.31,146.78,2.77,18:58,5.78,10.3,0.93,25.7,2.55,177.73,2.6
11/03/26,10:49,5.81,5.62,74.75,8.9,2.21,142.14,2.51,19:01,5.76,8.18,-0.23,29.71,2.59,175.61,2.51
12/03/26,9:53,5.8,2.59,60.08,10.66,1.98,158.99,2.56,18:43,4.73,5.63,2.88,27.72,3.3,174.89,2.55
13/03/26,9:51,5.8,3.65,43.72,10.25,2.18,158.54,1.47,18:59,5.78,7.03,0.9,27.71,3.08,175.44,2.59
14/03/26,9:45,5.83,2.84,62.62,10.39,1.93,151.2,2.35,18:59,5.78,10.45,0.78,27.29,2.42,172.29,2.71
15/03/26,9:50,5.97,3.76,61.58,8.93,1.72,136.01,2.43,0:15,5.78,11.23,0.0,11.77,1.87,171.29,2.68
16/03/26,9:49,6.02,3.48,61.31,7.9,1.83,145.8,2.3,19:14,6.1,8.75,0.42,24.33,2.45,173.56,2.4
17/03/26,9:38,5.61,2.31,54.85,9.53,1.95,150.19,2.49,19:26,5.56,10.08,0.56,25.33,2.73,171.55,2.56
18/03/26,10:41,5.58,1.71,57.17,8.25,2.21,151.04,2.4,19:15,5.57,9.72,0.4,24.88,2.32,166.22,2.37
19/03/26,10:14,6.0,2.47,53.82,8.01,2.06,139.37,2.51,19:18,6.03,6.12,0.94,23.0,2.47,160.81,2.29
20/03/26,10:50,6.07,1.09,69.16,7.51,2.0,115.24,2.36,19:01,6.04,3.33,0.73,24.33,2.25,163.79,2.42
21/03/26,9:26,6.11,2.38,32.82,6.37,1.76,102.36,1.31,19:23,6.05,4.69,0.65,23.0,2.01,162.35,2.3
22/03/26,9:25,6.1,2.27,54.22,9.43,1.88,121.61,2.31,19:16,6.04,5.23,0.52,24.49,1.74,154.12,2.22
23/03/26,9:58,6.07,3.44,59.62,9.18,1.78,131.93,2.27,18:59,6.3,6.27,1.74,26.45,2.38,165.51,2.3
24/03/26,9:38,6.42,2.06,57.16,9.1,1.87,141.86,2.33,19:21,6.43,6.01,0.94,26.7,2.23,171.48,2.24
25/03/26,9:27,6.57,1.97,53.66,9.99,1.92,146.1,2.35,19:26,6.49,7.47,4.07,27.95,2.3,171.87,2.34
26/03/26,9:51,6.56,3.48,63.34,8.85,1.77,140.71,2.32,19:20,6.55,9.14,0.37,29.04,2.12,173.37,2.4
27/03/26,9:54,6.71,2.87,49.98,6.28,1.77,106.69,2.33,19:21,6.64,11.78,1.18,25.04,2.07,168.14,2.45
28/03/26,10:13,6.7,7.39,62.78,10.03,1.81,125.76,2.24,19:01,6.65,15.56,1.42,26.18,2.05,164.45,2.35
29/03/26,9:30,6.74,9.37,59.16,11.17,1.81,119.67,2.25,19:49,6.72,10.83,0.0,26.38,1.66,160.7,2.22
30/03/26,10:20,6.71,6.01,61.74,10.73,1.82,141.24,2.2,19:00,6.68,10.65,1.47,26.86,2.26,168.27,2.11
31/03/26,15:56,6.12,7.16,54.22,10.0,2.1,139.18,2.18,18:58,5.71,9.07,3.75,24.74,2.37,168.06,2.22
01/04/26,15:49,6.12,6.04,48.64,10.62,2.3,141.29,2.28,19:03,6.15,8.23,0.8,26.8,2.42,172.11,2.38
02/04/26,9:42,6.63,2.6,59.05,9.22,1.88,136.81,2.41,19:20,6.72,9.7,1.4,24.5,2.33,169.68,2.57
03/04/26,15:29,6.8,10.81,54.95,9.54,1.78,132.66,2.47,19:22,6.8,9.72,1.63,25.9,2.0,169.47,2.34
04/04/26,15:36,6.79,6.56,55.15,9.49,2.0,136.61,2.4,19:23,7.36,10.28,2.11,26.82,2.23,168.79,2.42
05/04/26,9:28,7.08,4.93,60.56,8.74,1.82,114.73,2.25,19:27,7.27,10.66,1.88,22.81,1.95,158.53,2.23
06/04/26,9:40,6.23,7.31,66.32,8.71,1.71,121.17,2.31,19:31,6.19,17.98,0.0,25.29,2.14,163.09,2.48
07/04/26,9:40,6.24,14.09,51.35,8.81,1.71,128.58,2.48,19:23,6.17,15.72,0.71,23.0,1.95,158.45,2.42
08/04/26,9:56,6.24,8.26,67.82,9.55,1.59,112.27,2.28,19:25,6.25,9.66,0.43,22.75,1.56,168.98,2.3
09/04/26,9:40,6.26,2.24,69.34,10.08,1.69,118.57,2.37,19:31,6.25,7.39,0.0,25.81,1.73,174.17,2.36
10/04/26,9:45,6.28,4.2,67.91,11.43,1.7,117.86,2.48,19:38,6.19,5.66,0.0,27.68,2.2,175.41,2.48
11/04/26,15:58,6.21,6.27,60.5,10.95,1.91,128.8,2.41,19:31,6.2,8.49,0.0,28.05,1.95,173.85,2.52
12/04/26,9:46,6.26,2.92,69.22,9.4,1.7,118.54,2.46,22:26,6.24,8.3,0.0,22.62,2.14,172.91,2.54
13/04/26,9:52,6.33,2.68,72.54,10.25,2.12,131.65,2.44,19:39,6.31,10.32,0.0,25.59,3.05,179.33,2.34
14/04/26,9:45,6.34,4.26,71.11,10.24,2.13,130.98,2.32,19:41,6.29,9.45,0.0,25.57,2.57,179.33,2.53
15/04/26,15:46,6.25,7.01,61.38,9.39,2.22,142.42,2.46,19:50,6.25,10.52,0.0,26.23,3.08,181.98,2.57
16/04/26,15:55,6.26,7.24,58.01,9.99,2.38,153.24,2.22,19:38,6.55,8.58,0.0,26.75,3.31,185.56,2.35
17/04/26,15:50,6.86,7.14,60.15,10.06,2.26,154.59,2.27,22:24,6.92,10.2,0.0,24.88,3.86,183.38,2.45
18/04/26,15:28,6.92,4.91,64.61,9.86,2.27,151.53,2.2,22:24,6.95,9.99,0.0,24.94,3.79,185.31,2.52
19/04/26,15:33,6.95,6.87,61.71,8.57,2.15,136.64,2.26,0:01,6.97,9.84,0.0,19.65,3.86,185.27,2.51
20/04/26,15:31,6.94,5.08,60.99,10.02,2.21,153.89,2.21,22:51,6.96,10.82,0.0,24.22,4.88,186.15,2.48
21/04/26,15:51,6.94,7.3,57.1,10.47,2.35,151.09,2.29,22:59,6.96,14.2,0.0,24.51,4.85,184.56,2.45
22/04/26,15:49,6.92,8.89,62.19,10.72,2.32,150.43,2.39,19:34,6.94,9.42,0.0,27.53,6.06,187.05,2.36
23/04/26,15:50,6.93,8.79,59.22,11.76,2.92,151.62,2.51,22:31,6.76,9.73,0.0,26.87,7.67,184.16,2.34
24/04/26,15:48,6.73,7.76,57.52,11.81,3.12,167.23,2.11,22:34,6.74,10.39,0.0,29.24,8.51,184.18,2.22
25/04/26,15:38,6.25,4.67,58.27,11.26,4.96,173.33,2.12,22:39,6.46,8.05,0.0,29.0,9.48,187.15,2.25
26/04/26,15:23,5.49,6.92,60.45,10.12,2.86,149.82,2.27,22:30,5.53,11.5,0.0,26.47,4.87,186.18,2.48
27/04/26,15:36,5.42,11.56,59.9,11.87,3.33,165.38,2.45,22:47,5.96,14.39,0.0,24.56,6.58,183.19,2.46
28/04/26,15:44,6.46,12.28,59.54,12.1,3.6,161.33,2.41,22:28,6.51,16.04,0.0,26.73,8.15,184.2,2.37
29/04/26,15:38,6.47,12.26,59.47,12.63,2.77,148.2,2.16,0:00,6.53,15.48,0.0,22.51,6.81,185.05,2.36
30/04/26,15:24,6.49,14.54,61.01,11.52,2.38,138.72,2.23,0:00,6.56,14.38,0.0,18.24,4.72,173.27,2.1
01/05/26,15:37,6.9,14.76,62.51,9.82,1.63,114.12,2.19,22:33,6.93,16.46,0.0,23.61,2.67,166.6,2.27
02/05/26,15:31,6.91,16.38,59.55,9.27,1.62,134.61,2.23,22:53,6.93,17.73,0.0,23.95,2.81,166.48,2.17
03/05/26,15:47,6.9,15.06,58.02,12.1,1.54,115.52,2.19,0:08,6.94,17.69,0.0,18.79,2.85,166.63,2.22
05/05/26,15:27,6.91,6.14,62.02,9.73,1.62,136.96,2.08,19:39,6.94,11.14,0.0,24.47,2.18,169.07,2.09
06/05/26,15:43,6.88,6.55,58.48,10.56,1.79,138.84,0.02,19:40,6.91,8.77,0.0,26.04,2.33,173.74,3.22
07/05/26,15:30,6.86,9.25,59.74,8.96,1.65,131.21,0.02,19:44,6.91,11.84,0.0,24.23,2.29,168.53,3.22
08/05/26,15:47,6.88,8.8,57.26,11.42,1.66,136.9,0.0,22:29,6.91,10.6,0.0,23.37,3.37,173.49,2.33
09/05/26,15:46,6.87,8.64,58.31,10.46,1.65,141.26,0.0,22:28,7.02,10.05,0.0,25.05,2.15,175.7,2.33
10/05/26,15:30,7.03,8.05,60.28,11.3,1.59,124.88,0.0,22:29,7.09,12.09,0.0,26.41,1.87,173.19,3.74
11/05/26,15:49,7.07,7.51,57.73,15.38,1.74,151.69,0.0,22:48,7.09,11.2,0.0,29.68,4.32,179.47,3.42
12/05/26,15:37,7.05,7.77,59.06,13.41,1.65,159.03,0.0,22:30,7.07,10.04,0.0,28.43,7.5,182.05,3.88
13/05/26,15:46,6.56,11.94,43.27,15.67,3.42,167.32,0.27,0:10,7.09,9.73,0.0,23.53,7.3,181.5,3.4
14/05/26,15:27,6.63,11.47,55.07,12.94,2.33,159.94,0.1,22:20,6.7,15.26,0.0,27.6,6.11,179.94,3.21
15/05/26,15:30,6.68,11.03,56.0,11.78,2.36,158.8,0.0,22:43,6.72,12.33,0.0,28.05,6.33,184.0,3.45
16/05/26,15:32,6.82,7.72,56.88,12.44,2.32,161.87,0.0,22:40,7.08,10.36,0.0,29.24,5.06,184.94,3.02
17/05/26,15:48,7.09,10.01,55.23,10.5,1.61,148.66,0.0,22:30,7.11,12.41,0.0,29.12,2.93,184.02,4.01
18/05/26,15:42,7.06,13.65,59.94,15.18,2.34,158.47,0.0,22:29,7.12,14.28,0.0,28.32,7.37,186.11,3.04
19/05/26,15:40,7.07,16.98,59.71,14.17,2.64,160.89,0.0,22:38,7.12,17.11,0.0,30.42,7.78,188.29,3.65
