date,solar_gw,solar_time,nonsolar_gw,nonsolar_time
30/04/23,171.5,11:41,173.34,00:00
01/05/23,158.99,10:20,159.72,19:39
02/05/23,169.18,11:50,173.21,19:32
03/05/23,172.05,10:25,171.26,19:43
04/05/23,172.62,11:42,178.91,19:41
05/05/23,181.1,11:52,184.36,19:43
06/05/23,181.86,11:45,185.6,19:46
07/05/23,171.75,12:47,180.38,22:45
08/05/23,191.66,15:01,190.99,19:50
09/05/23,196.28,15:20,194.0,22:28
10/05/23,197.51,15:01,198.39,22:40
11/05/23,202.89,14:49,200.8,22:52
12/05/23,207.19,15:01,204.27,22:44
13/05/23,208.18,14:42,203.81,22:39
14/05/23,197.17,15:20,199.38,0:08
15/05/23,212.42,15:23,204.33,22:29
16/05/23,215.11,15:19,207.36,22:44
17/05/23,221.08,14:50,204.95,22:34
18/05/23,213.89,15:01,205.26,22:30
19/05/23,218.03,14:55,208.83,22:44
20/05/23,217.16,15:20,212.04,22:30
21/05/23,207.94,14:48,207.9,0:01
22/05/23,220.97,15:02,209.15,22:58
23/05/23,221.35,14:50,207.18,22:36
24/05/23,210.95,14:48,199.6,0:00
25/05/23,204.59,15:01,191.76,0:00
26/05/23,196.39,15:00,194.74,22:47
27/05/23,192.09,15:27,194.8,22:51
28/05/23,188.31,14:33,190.9,0:00
29/05/23,201.43,14:30,193.03,22:42
30/05/23,196.23,15:19,192.74,22:42
31/05/23,201.71,14:59,195.97,22:54
01/06/23,199.48,15:29,198.73,22:34
02/06/23,206.38,14:59,202.33,22:43
03/06/23,211.61,15:00,204.03,22:41
04/06/23,185.22,12:32,199.06,0:00
05/06/23,213.98,15:20,207.49,22:53
06/06/23,217.26,14:46,210.87,22:36
07/06/23,217.84,14:47,211.11,22:41
08/06/23,222.92,14:59,214.59,22:45
09/06/23,223.24,14:52,214.23,22:44
10/06/23,219.3,15:00,209.56,0:00
11/06/23,202.03,14:48,206.67,22:47
12/06/23,218.67,14:50,213.53,22:45
13/06/23,215.35,15:28,213.46,23:01
14/06/23,214.58,15:24,212.43,22:59
15/06/23,210.9,15:32,210.83,22:43
16/06/23,211.96,14:43,211.24,22:39
17/06/23,211.78,14:46,209.6,22:38
18/06/23,201.0,14:56,204.56,0:00
19/06/23,213.66,14:49,207.8,22:41
20/06/23,214.64,14:47,209.07,22:16
21/06/23,217.68,14:52,210.87,22:31
22/06/23,215.22,15:02,215.16,22:25
23/06/23,215.94,14:59,212.94,22:50
24/06/23,209.62,11:55,207.57,0:00
25/06/23,183.07,11:47,198.68,0:00
26/06/23,190.94,11:23,193.29,22:20
27/06/23,194.24,11:29,192.91,22:16
28/06/23,192.55,12:24,194.22,22:30
29/06/23,190.46,11:48,190.22,20:48
30/06/23,190.37,15:01,193.12,22:18
01/07/23,195.42,11:50,196.14,22:25
02/07/23,189.48,14:49,194.77,22:20
03/07/23,207.98,14:49,199.62,22:43
04/07/23,206.3,11:53,203.47,22:25
05/07/23,196.92,12:02,198.09,22:16
06/07/23,193.04,11:51,192.02,19:53
07/07/23,193.7,12:22,193.39,19:58
08/07/23,183.03,10:57,185.37,0:00
09/07/23,174.64,11:56,179.62,22:32
10/07/23,191.86,11:55,189.64,19:55
11/07/23,192.55,11:17,193.44,19:54
12/07/23,200.36,14:51,198.41,20:11
13/07/23,203.21,14:55,201.51,22:39
14/07/23,205.71,11:38,202.79,19:52
15/07/23,203.1,11:34,199.72,19:40
16/07/23,189.84,11:18,195.67,22:16
17/07/23,204.72,11:21,204.12,21:33
18/07/23,202.42,11:57,202.94,19:50
19/07/23,200.86,11:54,201.84,19:48
20/07/23,203.18,11:56,205.28,19:55
21/07/23,208.82,11:45,204.43,19:43
22/07/23,198.79,10:20,198.59,19:50
23/07/23,191.62,12:40,196.62,20:59
24/07/23,206.0,14:54,205.08,19:59
25/07/23,199.61,11:19,202.01,19:51
26/07/23,192.41,12:28,200.4,19:38
27/07/23,194.44,14:58,202.09,19:44
28/07/23,192.93,11:02,197.66,19:52
29/07/23,191.21,10:22,192.76,20:58
30/07/23,187.2,11:54,195.13,20:38
31/07/23,206.36,12:09,204.43,19:51
01/08/23,204.83,15:20,206.58,19:53
02/08/23,199.85,14:59,202.25,19:47
03/08/23,203.16,14:43,205.39,19:54
04/08/23,206.18,11:54,206.26,19:43
05/08/23,206.21,10:54,207.38,19:48
06/08/23,198.17,11:50,198.67,0:09
07/08/23,208.78,11:46,209.85,19:45
08/08/23,215.46,14:52,208.13,19:30
09/08/23,220.96,14:56,207.44,19:40
10/08/23,224.84,14:56,210.05,19:28
11/08/23,228.96,12:52,211.63,19:23
12/08/23,225.64,14:43,216.46,19:54
13/08/23,219.38,12:51,215.8,0:13
14/08/23,227.65,12:24,211.01,19:32
15/08/23,214.42,12:41,204.59,22:27
16/08/23,233.03,12:54,213.84,19:23
17/08/23,234.06,14:34,212.72,19:24
18/08/23,231.61,12:13,214.21,19:31
19/08/23,220.72,12:58,210.29,19:26
20/08/23,214.77,11:56,203.8,19:31
21/08/23,226.24,10:54,208.36,19:20
22/08/23,230.04,11:24,210.24,19:25
23/08/23,216.52,11:45,211.64,19:24
24/08/23,219.0,11:57,212.57,19:32
25/08/23,223.94,12:26,213.85,19:35
26/08/23,224.11,14:54,213.65,19:37
27/08/23,217.93,14:38,209.85,22:18
28/08/23,229.19,14:55,218.39,22:30
29/08/23,233.77,14:25,213.41,19:31
30/08/23,233.29,11:40,208.88,22:29
31/08/23,236.6,12:11,212.97,22:21
01/09/23,239.98,12:22,215.59,22:40
02/09/23,238.62,12:49,215.0,19:24
03/09/23,223.12,12:46,211.47,0:00
04/09/23,226.23,14:54,215.76,19:27
05/09/23,222.69,11:52,210.69,19:29
06/09/23,219.27,11:40,210.56,19:17
07/09/23,213.34,12:32,201.1,19:21
08/09/23,209.28,11:42,204.84,19:25
09/09/23,203.82,10:51,205.02,19:13
10/09/23,194.4,10:30,196.4,19:20
11/09/23,209.71,14:53,210.65,19:18
12/09/23,212.72,11:55,211.6,19:17
13/09/23,219.07,14:46,211.13,19:15
14/09/23,221.33,11:43,211.56,19:20
15/09/23,210.79,11:51,209.15,19:20
16/09/23,207.99,11:51,203.05,19:13
17/09/23,183.69,10:54,188.16,0:00
18/09/23,195.36,11:15,195.71,19:26
19/09/23,198.94,11:56,198.33,19:19
20/09/23,206.44,11:53,204.91,19:15
21/09/23,207.06,11:54,203.32,18:58
22/09/23,201.51,11:38,202.02,19:18
23/09/23,193.61,11:00,198.94,19:15
24/09/23,180.81,11:53,187.21,19:19
25/09/23,192.31,12:26,200.91,19:14
26/09/23,201.52,15:00,206.72,19:18
27/09/23,203.81,11:20,204.9,19:12
28/09/23,205.48,14:43,200.78,19:10
29/09/23,206.54,12:41,203.42,19:15
30/09/23,201.55,11:45,199.41,19:00
01/10/23,188.25,11:58,191.31,19:18
02/10/23,186.26,11:07,190.97,19:16
03/10/23,201.34,11:29,199.33,19:17
04/10/23,203.44,10:54,199.75,19:08
05/10/23,207.18,11:45,201.72,19:09
06/10/23,211.25,11:57,202.46,19:08
07/10/23,211.53,11:35,201.81,19:15
08/10/23,210.08,11:56,196.66,19:17
09/10/23,219.78,11:43,204.49,18:49
10/10/23,221.63,12:31,204.95,18:47
11/10/23,220.98,10:50,205.42,18:47
12/10/23,218.92,11:08,205.29,18:51
13/10/23,220.36,11:29,205.3,18:44
14/10/23,215.86,14:49,202.57,18:46
15/10/23,200.98,14:57,192.06,19:10
16/10/23,206.83,11:47,194.91,18:25
17/10/23,200.89,11:27,197.6,18:31
18/10/23,203.36,10:42,199.83,18:32
19/10/23,206.74,10:25,199.42,18:34
20/10/23,209.03,11:30,199.01,18:32
21/10/23,204.72,10:44,197.13,18:31
22/10/23,197.04,10:51,188.74,18:40
23/10/23,199.62,10:50,189.51,18:31
24/10/23,192.54,10:55,176.89,18:31
25/10/23,204.24,10:51,195.13,18:30
26/10/23,206.93,10:57,198.95,18:31
27/10/23,207.41,10:54,196.66,18:32
28/10/23,206.6,10:45,195.99,18:43
29/10/23,197.16,10:28,184.6,18:38
30/10/23,204.4,10:46,196.06,18:24
31/10/23,203.83,11:24,198.44,18:19
01/11/23,203.84,11:32,194.64,18:19
02/11/23,203.07,11:29,196.41,18:26
03/11/23,204.6,11:43,194.95,18:33
04/11/23,201.95,10:51,196.46,18:30
05/11/23,192.94,11:45,184.28,18:17
06/11/23,198.57,10:26,195.43,18:17
07/11/23,196.62,10:37,195.53,18:24
08/11/23,197.0,10:31,195.35,18:17
09/11/23,193.95,10:14,194.09,18:26
10/11/23,194.38,11:25,186.6,18:15
11/11/23,184.82,10:56,179.69,18:19
12/11/23,168.99,9:57,155.18,18:02
13/11/23,164.06,11:17,163.3,18:16
14/11/23,173.0,10:27,169.88,18:23
15/11/23,179.3,10:15,174.98,18:22
16/11/23,186.13,10:53,182.87,18:00
17/11/23,193.83,10:45,184.53,18:21
18/11/23,195.83,10:24,185.39,18:10
19/11/23,190.05,10:28,177.58,18:16
20/11/23,197.07,10:12,189.11,18:16
21/11/23,197.84,10:25,190.81,18:18
22/11/23,196.99,10:22,189.57,18:26
23/11/23,196.28,10:21,187.96,18:16
24/11/23,198.15,10:49,188.78,18:00
25/11/23,194.85,10:32,186.91,18:16
26/11/23,184.2,9:56,166.03,18:00
27/11/23,177.2,17:58,177.64,18:18
28/11/23,179.46,17:59,180.01,18:17
29/11/23,181.44,10:24,180.1,18:29
30/11/23,177.24,9:37,177.58,18:17
01/12/23,181.22,9:53,178.89,18:24
02/12/23,180.65,9:57,178.98,18:21
03/12/23,174.16,9:53,163.89,18:22
04/12/23,175.51,9:46,172.97,18:16
05/12/23,176.48,9:25,175.15,18:22
06/12/23,182.12,9:54,175.77,18:30
07/12/23,181.95,10:27,178.97,18:17
08/12/23,187.68,9:59,179.98,18:15
09/12/23,185.53,9:54,179.34,18:23
10/12/23,181.87,10:27,169.41,18:25
11/12/23,192.31,9:51,182.52,18:29
12/12/23,195.65,10:27,183.13,18:26
13/12/23,198.52,10:24,184.79,18:00
14/12/23,200.56,9:52,186.45,18:00
15/12/23,202.7,10:38,187.48,17:59
16/12/23,199.28,9:44,187.26,18:28
17/12/23,194.91,9:54,176.0,18:19
18/12/23,203.06,10:26,187.36,18:23
19/12/23,204.24,10:23,191.07,18:26
20/12/23,207.43,10:21,189.54,18:41
21/12/23,206.14,10:39,187.5,18:40
22/12/23,209.76,11:00,188.88,18:28
23/12/23,206.81,10:43,188.38,18:25
24/12/23,201.25,10:36,177.05,17:57
25/12/23,206.42,10:29,186.11,18:40
26/12/23,210.02,10:46,190.97,18:39
27/12/23,212.1,9:58,191.79,18:29
28/12/23,211.42,10:29,191.96,18:31
29/12/23,213.62,10:45,191.07,18:20
30/12/23,209.38,11:40,191.88,18:39
31/12/23,205.25,10:29,182.55,18:30
01/01/24,207.95,11:14,185.47,17:56
02/01/24,209.52,10:58,193.01,17:48
03/01/24,210.78,10:54,193.68,17:47
04/01/24,208.04,10:23,192.3,17:48
05/01/24,210.78,10:39,191.19,17:54
06/01/24,211.22,10:25,192.57,18:29
07/01/24,203.05,10:48,183.11,18:39
08/01/24,204.83,11:54,195.57,18:24
09/01/24,207.04,9:58,195.45,18:31
10/01/24,212.12,10:43,196.82,18:26
11/01/24,215.23,10:23,199.57,18:45
12/01/24,219.8,10:57,199.25,18:30
13/01/24,217.65,10:25,194.63,17:01
14/01/24,207.22,10:28,181.03,18:44
15/01/24,212.77,10:28,187.91,17:00
16/01/24,215.18,10:28,194.69,17:00
17/01/24,214.41,10:51,195.31,17:00
18/01/24,214.83,10:40,195.65,18:00
19/01/24,219.64,11:56,196.78,18:44
20/01/24,218.07,10:27,198.34,18:39
21/01/24,213.21,10:58,191.36,18:54
22/01/24,221.33,10:55,194.12,18:00
23/01/24,217.11,11:29,197.6,18:45
24/01/24,217.13,11:54,196.96,18:28
25/01/24,222.33,11:30,199.03,17:00
26/01/24,215.13,11:44,191.12,6:59
27/01/24,219.55,10:39,199.17,18:43
28/01/24,215.89,10:37,191.41,18:43
29/01/24,222.28,10:56,198.34,18:41
30/01/24,219.09,10:59,196.66,18:44
31/01/24,220.09,10:44,194.66,18:43
01/02/24,211.79,10:25,194.84,18:00
02/02/24,218.6,10:30,196.2,18:44
03/02/24,214.11,10:42,196.95,18:54
04/02/24,206.34,11:46,181.37,18:52
05/02/24,214.11,10:31,194.66,18:44
06/02/24,215.68,10:29,197.26,18:46
07/02/24,216.41,10:23,199.18,18:52
08/02/24,217.27,9:58,196.99,18:35
09/02/24,220.14,10:27,195.63,18:52
10/02/24,216.99,10:13,195.88,18:56
11/02/24,210.29,10:28,186.64,6:59
12/02/24,217.02,10:54,195.71,18:44
13/02/24,218.06,10:41,196.05,18:44
14/02/24,220.55,10:44,196.34,18:54
15/02/24,219.5,10:26,196.77,18:54
16/02/24,221.99,10:43,195.99,18:52
17/02/24,218.66,10:31,195.05,18:52
18/02/24,211.37,10:30,182.73,6:59
19/02/24,213.78,10:23,196.37,18:54
20/02/24,216.81,10:23,196.62,18:55
21/02/24,215.97,10:22,196.54,18:56
22/02/24,217.39,10:29,196.19,18:54
23/02/24,222.0,10:30,194.9,18:58
24/02/24,219.48,10:51,199.02,18:56
25/02/24,214.55,10:22,187.42,18:55
26/02/24,219.48,9:41,196.53,18:50
27/02/24,219.27,9:51,193.86,18:58
28/02/24,218.55,10:23,196.48,18:54
29/02/24,218.04,10:20,198.41,18:45
01/03/24,219.07,10:55,191.09,18:59
02/03/24,203.13,9:37,184.67,19:03
03/03/24,193.3,10:12,176.41,19:00
04/03/24,206.56,10:28,190.73,19:00
05/03/24,211.53,9:44,192.56,18:57
06/03/24,213.02,10:26,193.45,19:08
07/03/24,214.95,10:29,195.12,19:14
08/03/24,219.02,10:38,189.59,18:59
09/03/24,212.23,9:40,192.81,19:11
10/03/24,206.22,10:22,184.74,18:59
11/03/24,218.0,10:50,198.4,19:09
12/03/24,218.9,10:58,200.79,19:15
13/03/24,220.56,10:37,198.82,19:05
14/03/24,217.55,10:21,201.24,19:13
15/03/24,221.7,10:43,201.06,19:10
16/03/24,217.35,10:27,198.57,19:14
17/03/24,205.07,10:25,187.94,6:58
18/03/24,218.27,10:43,197.71,19:20
19/03/24,215.8,10:52,196.2,19:12
20/03/24,212.15,10:23,191.63,19:15
21/03/24,208.36,10:39,196.08,19:15
22/03/24,214.31,11:11,198.39,19:25
23/03/24,211.75,11:26,197.27,19:13
24/03/24,199.72,9:44,181.85,0:00
25/03/24,182.6,10:55,170.39,0:15
26/03/24,202.75,11:53,191.49,19:14
27/03/24,211.2,10:45,199.65,19:13
28/03/24,215.34,10:55,204.6,19:15
29/03/24,219.73,11:42,202.72,19:13
30/03/24,213.49,11:30,203.22,19:25
31/03/24,201.53,11:12,193.27,22:43
01/04/24,207.27,10:48,201.11,19:25
02/04/24,209.5,10:51,204.35,19:21
03/04/24,212.9,10:49,207.35,19:24
04/04/24,216.47,11:12,207.74,19:25
05/04/24,218.37,11:13,210.91,19:26
06/04/24,215.88,15:00,210.34,19:30
07/04/24,201.05,10:54,204.31,0:00
08/04/24,209.7,10:57,205.86,19:24
09/04/24,208.15,10:57,201.04,19:31
10/04/24,209.65,10:29,200.63,19:37
11/04/24,204.82,10:58,197.03,0:14
12/04/24,206.12,10:45,200.62,19:27
13/04/24,201.61,14:50,196.63,19:25
14/04/24,190.99,10:57,195.64,22:45
15/04/24,210.34,10:54,208.84,22:29
16/04/24,211.68,15:20,214.96,22:43
17/04/24,210.7,10:30,212.36,22:45
18/04/24,213.45,15:52,214.07,22:38
19/04/24,208.31,14:59,214.65,22:42
20/04/24,209.26,15:21,212.5,22:36
21/04/24,197.74,10:28,209.88,0:00
22/04/24,212.22,14:58,213.85,22:39
23/04/24,211.88,15:44,208.87,0:00
24/04/24,214.12,15:30,218.11,22:39
25/04/24,217.03,15:58,222.01,22:40
26/04/24,216.86,15:41,217.03,22:44
27/04/24,222.97,15:49,218.67,22:41
28/04/24,206.99,14:59,214.12,23:12
29/04/24,223.11,15:20,222.2,22:30
30/04/24,224.05,15:30,224.18,22:42
01/05/24,207.08,10:48,219.38,0:00
02/05/24,222.03,15:32,218.36,22:53
03/05/24,223.85,15:34,220.65,22:40
04/05/24,229.78,14:51,223.32,22:43
05/05/24,215.54,14:51,218.09,22:45
06/05/24,233.01,15:18,221.46,22:38
07/05/24,224.74,14:56,214.78,0:00
08/05/24,223.82,15:29,220.4,22:38
09/05/24,219.39,14:51,215.99,22:52
10/05/24,223.52,14:56,210.84,0:00
11/05/24,216.34,14:55,211.04,22:47
12/05/24,204.59,15:01,206.85,22:57
13/05/24,216.99,15:02,208.81,22:42
14/05/24,220.33,14:48,213.87,23:09
15/05/24,226.15,15:01,219.87,22:34
16/05/24,226.37,14:31,217.68,22:42
17/05/24,225.93,14:59,219.04,22:30
18/05/24,229.58,15:03,221.72,22:33
19/05/24,214.98,14:41,218.5,0:01
20/05/24,228.72,15:00,217.33,22:26
21/05/24,233.81,14:59,222.21,22:28
22/05/24,235.06,14:49,222.73,22:36
23/05/24,236.6,14:59,223.56,22:43
24/05/24,239.96,14:37,223.44,23:37
25/05/24,233.98,14:53,225.9,22:23
26/05/24,217.98,14:50,222.11,0:01
27/05/24,232.62,15:01,223.9,22:43
28/05/24,237.95,14:56,231.57,22:38
29/05/24,246.07,14:56,234.35,22:56
30/05/24,250.07,14:57,231.97,22:49
31/05/24,249.16,14:58,233.2,22:26
01/06/24,245.42,14:38,229.87,0:00
02/06/24,225.9,14:35,219.44,0:00
03/06/24,236.38,14:40,219.55,22:37
04/06/24,240.89,14:32,225.16,22:36
05/06/24,238.59,14:54,220.89,0:00
06/06/24,230.07,15:01,214.74,22:23
07/06/24,231.95,14:46,219.73,22:26
08/06/24,224.76,15:00,220.27,22:40
09/06/24,213.29,14:45,217.24,0:00
10/06/24,228.62,15:00,222.31,22:47
11/06/24,231.02,14:57,223.93,22:45
12/06/24,233.39,14:59,224.15,22:43
13/06/24,234.86,15:00,225.91,22:29
14/06/24,233.62,14:46,224.67,22:23
15/06/24,238.96,15:00,222.77,23:15
16/06/24,231.16,14:56,221.34,0:06
17/06/24,240.13,15:12,227.63,22:59
18/06/24,239.33,14:44,224.44,0:00
19/06/24,239.06,14:57,218.74,0:01
20/06/24,229.78,14:59,218.19,22:43
21/06/24,227.66,14:55,218.01,22:43
22/06/24,226.64,14:59,219.51,22:43
23/06/24,216.26,14:56,214.35,0:00
24/06/24,227.0,14:50,223.5,22:24
25/06/24,230.6,14:54,224.38,22:08
26/06/24,224.16,14:57,220.41,22:37
27/06/24,215.58,15:26,216.12,22:25
28/06/24,215.59,14:55,215.43,22:42
29/06/24,211.36,11:49,212.17,22:37
30/06/24,197.46,12:24,205.94,0:00
01/07/24,203.43,11:58,208.85,21:28
02/07/24,201.82,14:59,209.92,20:43
03/07/24,204.24,11:46,206.1,19:48
04/07/24,203.37,15:03,207.18,21:21
05/07/24,208.63,11:26,199.98,21:21
06/07/24,195.4,14:49,198.67,20:29
07/07/24,189.92,12:01,197.97,22:26
08/07/24,210.5,11:55,207.41,19:43
09/07/24,214.98,11:51,211.08,19:45
10/07/24,217.15,15:00,215.71,22:27
11/07/24,221.08,11:53,217.82,22:31
12/07/24,214.28,11:51,211.04,0:10
13/07/24,211.66,14:59,213.33,22:22
14/07/24,205.78,11:46,209.02,22:13
15/07/24,214.56,14:50,211.49,19:41
16/07/24,217.38,14:30,216.6,19:46
17/07/24,219.59,11:32,212.59,22:23
18/07/24,218.16,10:45,213.33,19:43
19/07/24,215.79,14:51,214.17,19:55
20/07/24,213.65,14:53,214.75,19:45
21/07/24,206.05,11:36,207.82,21:02
22/07/24,217.92,11:52,215.16,19:50
23/07/24,214.64,10:22,215.22,19:43
24/07/24,209.61,11:30,212.15,19:58
25/07/24,209.77,11:40,212.53,19:57
26/07/24,212.84,10:29,212.23,19:45
27/07/24,210.61,10:49,211.52,19:48
28/07/24,205.27,11:51,207.54,22:14
29/07/24,223.08,11:49,216.44,19:39
30/07/24,226.63,11:40,218.38,19:50
31/07/24,225.36,11:53,210.8,0:06
01/08/24,202.81,14:56,205.43,19:50
02/08/24,199.73,11:24,200.0,20:46
03/08/24,197.2,10:56,200.22,19:43
04/08/24,190.6,11:32,195.68,22:19
06/08/24,205.98,11:35,206.52,19:54
07/08/24,198.71,11:33,206.15,19:42
08/08/24,200.5,10:58,208.74,19:41
09/08/24,205.49,10:16,207.4,19:42
10/08/24,202.87,11:48,206.43,19:44
11/08/24,187.88,10:31,195.24,0:00
12/08/24,203.01,10:58,206.25,19:46
13/08/24,208.3,11:21,207.94,19:27
14/08/24,215.36,11:37,208.53,19:29
15/08/24,194.72,12:21,201.36,0:01
16/08/24,216.69,11:38,211.71,19:34
17/08/24,214.69,14:48,211.69,19:43
18/08/24,203.83,12:24,205.48,22:16
19/08/24,207.67,11:56,199.89,0:00
20/08/24,203.71,14:57,208.95,19:49
21/08/24,210.38,11:42,212.02,19:27
22/08/24,213.09,11:52,214.45,19:31
23/08/24,211.35,11:37,211.41,19:31
24/08/24,205.46,10:44,204.95,19:36
25/08/24,190.58,10:45,194.42,21:07
26/08/24,202.18,10:57,198.28,19:23
27/08/24,195.49,11:51,200.09,19:37
28/08/24,198.88,11:43,207.08,19:42
29/08/24,195.5,11:54,202.73,19:29
30/08/24,201.06,15:08,208.97,19:26
31/08/24,199.91,10:58,207.0,19:43
01/09/24,187.27,11:31,195.9,19:43
02/09/24,203.1,10:42,206.35,19:27
03/09/24,205.73,10:54,206.76,19:26
04/09/24,196.07,10:29,205.85,19:29
05/09/24,197.86,10:57,209.15,19:29
06/09/24,202.75,11:18,209.26,19:21
07/09/24,198.08,10:45,201.23,19:19
08/09/24,191.36,11:50,198.49,19:32
09/09/24,207.39,11:50,210.94,19:26
10/09/24,204.75,10:56,211.21,19:22
11/09/24,201.85,15:35,207.17,19:12
12/09/24,202.14,11:39,205.19,19:11
13/09/24,203.73,11:40,204.09,19:23
14/09/24,202.53,14:57,205.16,19:26
15/09/24,196.19,10:54,195.06,19:27
16/09/24,209.17,10:58,206.81,19:01
17/09/24,207.62,10:46,199.14,19:04
18/09/24,213.93,10:56,203.98,19:43
19/09/24,217.27,14:59,210.42,19:06
20/09/24,227.05,11:45,214.86,19:22
21/09/24,224.59,14:52,215.55,18:57
22/09/24,216.24,14:52,209.98,22:25
23/09/24,230.61,14:28,218.68,19:00
24/09/24,226.85,14:53,220.17,19:16
25/09/24,218.87,10:26,214.45,18:56
26/09/24,207.06,10:51,208.88,18:55
27/09/24,202.02,10:22,205.51,19:01
28/09/24,196.81,14:59,203.59,18:55
29/09/24,191.33,14:59,200.24,19:20
30/09/24,211.68,15:31,214.23,19:14
01/10/24,217.59,14:58,217.31,19:33
02/10/24,204.81,14:59,207.59,19:16
03/10/24,219.22,14:59,218.88,19:16
04/10/24,218.7,14:53,218.94,19:08
05/10/24,215.15,14:58,214.6,19:11
06/10/24,198.71,11:41,204.67,19:03
07/10/24,212.37,14:59,215.44,19:09
08/10/24,216.34,11:53,215.35,19:01
09/10/24,217.07,11:58,211.01,18:49
10/10/24,212.1,10:58,208.4,18:59
11/10/24,203.06,10:56,202.49,18:40
12/10/24,186.98,9:53,182.91,18:45
13/10/24,183.86,11:45,190.08,18:42
14/10/24,196.96,17:58,205.26,18:43
15/10/24,196.67,17:59,205.07,18:47
16/10/24,195.55,17:59,203.93,18:40
17/10/24,199.56,17:59,207.77,18:48
18/10/24,202.26,17:59,208.27,18:44
19/10/24,198.6,17:57,204.92,18:46
20/10/24,187.94,17:59,194.82,18:37
21/10/24,192.66,11:46,207.13,18:47
22/10/24,192.3,10:37,208.18,18:48
23/10/24,201.69,17:59,207.9,18:34
24/10/24,191.71,10:48,204.6,18:43
25/10/24,191.66,10:47,202.65,18:45
26/10/24,191.63,10:34,203.85,18:39
27/10/24,189.0,10:57,194.67,18:41
28/10/24,204.41,11:44,206.5,18:30
29/10/24,208.56,11:40,207.07,18:44
30/10/24,205.7,10:55,199.0,18:26
31/10/24,182.87,10:53,175.54,6:53
01/11/24,171.52,11:43,170.3,18:25
02/11/24,170.74,10:30,173.37,18:27
03/11/24,171.62,10:48,171.95,18:31
04/11/24,186.66,10:46,189.94,18:18
05/11/24,190.92,10:46,194.14,18:33
06/11/24,196.69,10:44,198.37,18:21
07/11/24,199.12,10:46,196.51,18:31
08/11/24,199.92,10:56,199.09,18:26
09/11/24,198.25,10:35,198.43,18:25
10/11/24,191.38,10:21,185.79,18:19
11/11/24,201.92,10:22,198.21,18:18
12/11/24,201.98,10:56,200.02,18:19
13/11/24,198.58,10:53,199.26,18:19
14/11/24,199.35,9:55,196.4,18:14
15/11/24,200.16,10:15,194.38,17:59
16/11/24,194.22,9:59,194.38,18:24
17/11/24,185.8,10:48,180.51,18:16
18/11/24,195.58,10:26,194.54,18:20
19/11/24,197.35,10:19,196.61,18:16
20/11/24,196.81,9:41,192.49,18:20
21/11/24,199.42,10:13,194.85,18:23
22/11/24,203.81,9:41,193.68,17:56
23/11/24,203.77,9:52,192.71,17:55
24/11/24,196.51,10:34,182.13,17:58
25/11/24,203.85,9:55,192.13,18:14
26/11/24,203.89,9:53,192.65,17:57
27/11/24,202.36,9:38,193.3,18:17
28/11/24,203.1,9:34,194.27,17:55
29/11/24,207.43,9:46,192.6,18:21
30/11/24,205.3,9:42,189.59,18:14
01/12/24,194.28,9:49,175.79,18:14
02/12/24,202.96,9:56,191.48,18:18
03/12/24,202.18,9:57,194.68,18:21
04/12/24,204.29,10:21,194.44,18:19
05/12/24,205.86,9:44,193.68,18:17
06/12/24,208.02,10:25,191.74,18:41
07/12/24,205.21,9:40,194.33,18:28
08/12/24,200.03,9:58,182.56,18:20
09/12/24,206.18,9:57,195.74,18:24
10/12/24,210.58,9:42,197.9,18:24
11/12/24,211.19,9:50,196.38,18:23
12/12/24,211.75,9:57,195.05,18:23
13/12/24,213.94,9:40,197.03,18:21
14/12/24,210.5,9:56,195.45,18:19
15/12/24,205.08,9:37,183.67,18:26
16/12/24,212.81,9:42,196.58,18:30
17/12/24,217.26,9:52,199.31,18:40
18/12/24,217.75,10:18,197.5,18:24
19/12/24,219.72,10:00,200.83,18:22
20/12/24,224.17,10:30,202.57,18:25
21/12/24,218.79,9:58,201.2,18:29
22/12/24,211.81,10:17,187.92,18:22
23/12/24,216.17,10:40,200.06,18:16
24/12/24,218.81,10:17,201.48,17:56
25/12/24,220.22,10:38,197.37,18:27
26/12/24,218.59,9:58,200.49,18:27
27/12/24,210.82,9:55,193.32,18:29
28/12/24,197.74,9:41,192.72,18:29
29/12/24,199.5,9:45,184.8,18:37
01/01/25,214.65,10:11,190.66,18:29
02/01/25,215.04,9:48,201.01,18:40
03/01/25,221.65,9:44,200.25,18:43
04/01/25,219.31,9:49,200.69,18:35
05/01/25,213.66,10:26,191.81,18:43
06/01/25,223.96,10:32,202.79,18:44
07/01/25,228.07,9:52,206.12,18:44
08/01/25,227.2,9:44,205.14,18:36
09/01/25,226.97,9:36,204.16,18:38
10/01/25,230.85,10:26,202.95,18:38
11/01/25,226.01,10:19,199.57,17:53
12/01/25,214.04,10:44,192.09,18:40
13/01/25,220.65,10:52,197.59,18:41
14/01/25,215.56,9:40,185.64,18:39
15/01/25,216.78,9:56,193.71,18:41
16/01/25,220.35,9:54,199.6,18:44
17/01/25,227.25,10:30,202.19,18:40
18/01/25,225.12,9:58,201.28,18:41
19/01/25,218.37,9:54,190.2,18:45
20/01/25,222.18,10:23,201.69,18:39
21/01/25,226.04,9:43,203.77,18:36
22/01/25,228.09,9:56,204.84,18:40
23/01/25,227.35,10:12,205.84,18:42
24/01/25,231.22,9:53,204.67,18:50
25/01/25,229.69,10:25,205.4,18:39
26/01/25,217.83,9:42,195.78,6:59
27/01/25,230.45,9:46,205.66,18:39
28/01/25,234.95,9:50,207.23,18:40
29/01/25,237.31,10:24,206.41,17:00
30/01/25,234.53,9:55,206.93,17:00
31/01/25,236.82,10:15,205.85,17:01
01/02/25,232.31,10:21,204.26,17:01
02/02/25,224.44,9:43,193.17,18:53
03/02/25,231.37,10:42,204.85,18:45
04/02/25,232.08,10:31,207.34,18:52
05/02/25,233.36,10:14,206.87,18:44
06/02/25,234.14,9:57,209.09,18:44
07/02/25,238.14,9:42,208.05,18:46
08/02/25,234.12,9:40,206.67,18:42
09/02/25,228.28,9:56,195.39,18:45
10/02/25,235.0,10:45,205.41,18:49
11/02/25,234.86,9:43,207.02,18:45
12/02/25,236.79,10:42,207.44,18:52
13/02/25,234.7,10:14,207.18,18:54
14/02/25,234.58,10:34,207.19,18:54
15/02/25,233.86,10:28,208.07,18:45
16/02/25,225.22,10:12,196.29,18:55
17/02/25,234.28,10:29,207.61,18:47
18/02/25,236.17,10:25,207.38,18:56
19/02/25,236.8,10:30,208.6,18:55
20/02/25,227.68,9:52,205.79,18:57
21/02/25,232.39,9:46,206.88,18:50
22/02/25,229.83,9:45,205.8,18:55
23/02/25,218.01,9:49,196.41,18:55
24/02/25,229.87,9:51,206.63,18:58
25/02/25,231.41,9:41,206.81,18:58
26/02/25,233.74,9:42,201.23,18:57
27/02/25,227.52,10:40,206.65,18:49
28/02/25,231.76,10:19,207.57,18:57
01/03/25,223.49,9:44,202.35,19:00
02/03/25,212.88,10:25,193.38,18:59
03/03/25,226.8,10:30,205.13,18:57
04/03/25,229.57,9:53,209.89,18:54
05/03/25,221.97,9:25,206.87,18:58
06/03/25,226.23,9:53,205.7,18:59
07/03/25,233.01,10:59,208.14,19:05
08/03/25,229.96,10:29,208.57,18:55
09/03/25,223.31,10:18,200.13,19:10
10/03/25,233.62,9:49,210.38,18:58
11/03/25,235.22,10:26,209.37,19:00
12/03/25,233.41,10:27,208.6,19:13
13/03/25,230.51,10:36,202.93,18:57
14/03/25,199.14,11:38,186.7,5:50
15/03/25,210.0,10:55,199.0,18:59
16/03/25,209.16,10:23,195.63,19:09
17/03/25,222.99,10:53,210.19,18:59
18/03/25,223.11,10:30,211.5,18:58
19/03/25,226.69,10:43,211.81,18:59
20/03/25,225.88,10:43,209.57,18:59
21/03/25,226.15,9:42,207.22,19:15
22/03/25,218.03,10:14,202.56,19:21
23/03/25,204.56,9:43,196.92,19:26
24/03/25,220.44,10:47,211.05,18:55
25/03/25,221.85,10:42,211.02,19:00
26/03/25,223.73,10:26,211.94,19:17
27/03/25,224.23,10:19,214.11,19:26
28/03/25,221.06,9:58,213.88,19:20
29/03/25,215.87,9:50,211.11,19:24
30/03/25,209.54,9:41,199.71,19:21
31/03/25,215.42,9:55,205.6,19:21
01/04/25,216.69,9:51,206.62,19:26
02/04/25,213.9,10:41,207.23,19:25
03/04/25,213.74,9:56,202.92,19:27
04/04/25,205.07,10:52,210.24,19:33
05/04/25,207.69,9:43,210.82,19:38
06/04/25,199.42,9:38,199.38,22:36
07/04/25,215.88,16:36,216.33,19:22
08/04/25,221.56,16:30,217.25,19:19
09/04/25,223.55,16:27,217.91,22:43
10/04/25,211.34,15:30,212.31,0:00
11/04/25,207.28,15:28,197.66,19:25
12/04/25,207.23,15:45,205.39,19:26
13/04/25,190.36,15:20,198.03,22:56
14/04/25,207.5,15:02,207.1,19:45
15/04/25,212.19,15:51,215.14,19:30
16/04/25,217.1,16:34,219.88,19:29
17/04/25,220.74,15:31,218.37,22:46
18/04/25,213.87,10:53,213.31,0:00
19/04/25,214.21,15:47,220.28,19:46
20/04/25,205.05,15:03,215.76,0:00
21/04/25,227.12,15:45,217.59,22:20
22/04/25,227.76,15:36,223.27,22:23
23/04/25,226.96,15:45,226.43,22:29
24/04/25,233.32,15:31,227.65,22:30
25/04/25,235.19,15:32,227.44,22:41
26/04/25,232.47,14:58,224.28,0:00
27/04/25,210.8,14:55,218.77,0:00
28/04/25,226.0,15:19,220.72,19:38
29/04/25,222.99,15:23,219.66,22:44
30/04/25,223.87,15:31,220.21,22:53
01/05/25,212.07,14:57,215.1,0:00
02/05/25,213.64,15:55,212.57,19:39
03/05/25,214.71,14:56,207.81,22:56
04/05/25,195.88,14:58,202.75,0:00
05/05/25,208.33,14:55,197.28,19:45
06/05/25,201.44,14:55,202.39,19:40
07/05/25,200.79,14:56,202.21,22:19
08/05/25,205.48,14:58,208.59,19:43
09/05/25,211.93,14:55,212.52,19:48
10/05/25,216.41,14:57,215.11,23:22
11/05/25,204.6,14:57,212.45,0:15
12/05/25,223.58,15:00,216.38,22:53
13/05/25,226.13,14:59,219.55,22:42
14/05/25,230.01,15:00,225.11,22:30
15/05/25,230.99,14:59,223.8,22:29
16/05/25,228.76,15:00,224.08,23:01
17/05/25,223.51,14:53,218.98,0:00
18/05/25,207.0,15:01,215.85,22:41
19/05/25,223.07,15:00,223.89,22:30
20/05/25,226.94,14:56,222.12,22:28
21/05/25,220.79,15:30,216.24,0:00
22/05/25,206.14,15:36,215.31,22:21
23/05/25,215.29,15:30,220.36,22:41
24/05/25,210.32,15:18,215.36,0:00
25/05/25,179.5,15:26,200.72,22:35
26/05/25,200.42,15:42,212.99,22:22
27/05/25,205.86,15:03,213.44,22:19
28/05/25,210.7,14:59,213.19,22:40
29/05/25,208.82,14:58,212.47,22:19
30/05/25,202.57,15:27,212.06,22:39
31/05/25,207.34,15:29,213.92,22:25
01/06/25,195.18,15:14,207.97,0:00
02/06/25,213.5,15:01,216.6,22:37
03/06/25,208.31,14:54,211.11,22:41
04/06/25,205.66,14:51,211.62,22:31
05/06/25,215.05,15:18,217.43,22:37
06/06/25,224.4,15:30,225.25,22:27
07/06/25,232.32,14:58,228.75,22:48
08/06/25,222.2,14:53,227.16,22:41
09/06/25,240.85,14:57,237.42,22:46
10/06/25,242.34,14:52,235.19,22:18
11/06/25,241.83,14:56,232.6,22:44
12/06/25,242.49,15:49,231.82,22:20
13/06/25,241.13,14:50,232.82,22:24
14/06/25,240.94,15:01,230.59,22:40
15/06/25,203.59,15:00,226.2,0:00
16/06/25,215.6,15:28,221.62,22:24
17/06/25,207.06,11:53,213.52,0:00
18/06/25,210.26,14:57,220.43,22:24
19/06/25,210.28,14:55,216.51,22:25
20/06/25,211.29,15:39,219.2,22:25
21/06/25,216.44,14:55,224.05,22:19
22/06/25,199.9,14:23,217.7,0:00
23/06/25,214.31,14:53,217.82,22:31
24/06/25,211.83,11:23,220.47,22:18
25/06/25,212.88,11:53,215.73,21:02
26/06/25,210.94,11:01,218.21,19:53
27/06/25,215.64,11:06,219.56,20:42
28/06/25,216.74,14:57,217.19,22:22
29/06/25,198.46,9:30,208.89,0:00
30/06/25,206.56,15:44,208.37,21:14
01/07/25,204.9,10:44,208.92,21:28
02/07/25,212.18,10:58,212.39,21:49
03/07/25,213.43,15:35,215.37,21:18
04/07/25,218.39,11:12,215.82,19:47
05/07/25,219.32,11:51,216.35,22:24
06/07/25,201.69,10:25,209.21,22:20
07/07/25,211.68,10:57,216.44,21:48
08/07/25,220.07,14:49,215.16,19:35
09/07/25,215.84,14:57,210.63,19:39
10/07/25,210.11,10:25,214.41,22:29
11/07/25,219.45,10:44,217.78,22:30
12/07/25,218.58,14:48,218.4,22:28
13/07/25,210.47,10:28,210.98,0:00
14/07/25,213.62,10:30,209.5,22:19
15/07/25,213.29,11:00,216.48,20:54
16/07/25,215.18,10:55,213.69,19:51
17/07/25,217.68,11:21,212.81,19:58
18/07/25,217.77,11:00,215.11,22:26
19/07/25,218.31,15:00,218.09,22:28
20/07/25,206.67,11:51,212.42,22:25
21/07/25,220.59,10:55,214.8,21:00
22/07/25,217.04,11:31,218.35,19:38
23/07/25,215.65,10:10,218.08,19:52
24/07/25,217.28,14:55,219.21,20:36
25/07/25,218.3,9:49,213.02,19:53
26/07/25,208.59,15:20,212.3,20:37
27/07/25,204.05,10:37,209.71,21:24
28/07/25,216.34,10:54,219.43,19:52
29/07/25,216.4,10:24,215.81,19:44
30/07/25,218.1,10:59,218.32,19:54
31/07/25,215.28,10:23,216.46,19:47
01/08/25,216.74,10:14,218.36,19:47
02/08/25,220.51,14:59,220.15,19:41
03/08/25,207.83,10:59,209.45,22:25
04/08/25,220.81,15:43,219.06,19:50
05/08/25,222.61,14:58,218.47,19:44
06/08/25,224.56,15:20,224.67,19:47
07/08/25,229.72,15:35,225.5,19:48
08/08/25,228.3,11:57,221.67,19:49
09/08/25,208.3,9:18,210.48,0:00
10/08/25,203.96,12:27,208.98,19:50
11/08/25,219.75,14:48,224.83,19:35
12/08/25,219.31,15:01,224.92,19:42
13/08/25,220.58,15:34,221.88,19:30
14/08/25,209.0,9:58,217.57,19:42
15/08/25,193.91,7:00,201.38,0:00
16/08/25,207.93,11:40,210.68,19:48
17/08/25,197.22,10:58,204.58,20:46
18/08/25,206.2,10:18,216.1,19:50
19/08/25,206.94,10:28,219.13,19:46
20/08/25,206.7,11:53,217.54,19:46
21/08/25,210.14,16:50,218.53,19:51
22/08/25,214.36,10:53,219.06,19:40
23/08/25,207.96,10:29,213.82,19:34
24/08/25,190.56,10:04,196.7,19:48
25/08/25,200.12,10:30,211.01,19:30
26/08/25,206.34,9:52,211.72,19:23
27/08/25,200.38,9:40,205.57,19:29
28/08/25,205.98,15:29,215.45,19:20
29/08/25,205.37,10:59,215.24,19:18
30/08/25,203.43,15:55,215.97,19:19
31/08/25,190.29,9:40,199.16,0:00
01/09/25,193.61,10:35,203.0,19:20
02/09/25,193.33,10:46,202.49,19:20
03/09/25,193.19,10:15,205.35,19:23
04/09/25,195.68,9:50,205.63,19:24
05/09/25,201.83,11:29,210.06,19:19
06/09/25,201.85,11:45,205.69,19:27
07/09/25,189.03,10:15,198.51,19:37
08/09/25,207.65,15:31,211.23,19:40
09/09/25,213.75,15:28,216.65,22:16
10/09/25,213.83,15:30,222.91,19:28
11/09/25,212.46,15:30,222.01,19:18
12/09/25,214.74,15:44,223.76,19:28
13/09/25,217.3,15:01,223.71,19:11
14/09/25,203.82,10:46,214.08,19:30
15/09/25,217.62,10:27,225.41,19:26
16/09/25,218.77,10:52,224.53,19:17
17/09/25,211.83,9:38,218.87,19:21
18/09/25,214.27,9:59,224.43,19:16
19/09/25,218.47,10:57,224.8,19:21
20/09/25,214.11,15:40,222.14,19:16
21/09/25,201.25,10:44,212.34,19:24
22/09/25,218.64,14:59,226.11,19:12
23/09/25,217.97,17:59,226.82,19:09
24/09/25,219.19,15:46,229.16,19:13
25/09/25,221.8,15:30,228.6,19:24
26/09/25,221.35,10:22,224.16,19:23
27/09/25,212.61,14:55,222.74,19:21
28/09/25,205.0,14:59,214.31,18:54
29/09/25,216.58,17:59,226.56,18:55
30/09/25,209.2,9:48,215.61,18:47
01/10/25,197.15,9:57,205.15,19:00
02/10/25,182.72,9:43,185.92,0:00
03/10/25,198.06,15:46,208.7,18:58
04/10/25,195.15,15:58,207.99,18:48
05/10/25,181.39,9:49,195.61,18:59
06/10/25,187.78,9:55,201.57,18:51
07/10/25,186.05,15:48,204.52,18:47
08/10/25,189.85,16:52,206.13,18:55
09/10/25,191.4,16:49,207.28,18:45
10/10/25,191.9,16:31,205.92,18:42
11/10/25,191.38,16:59,206.28,18:40
12/10/25,179.43,16:45,194.45,18:43
13/10/25,196.56,16:59,209.43,18:44
14/10/25,198.22,15:55,209.11,18:53
15/10/25,198.53,15:38,209.06,18:39
16/10/25,201.64,16:00,210.71,18:40
17/10/25,204.08,11:41,209.67,18:41
18/10/25,204.02,10:14,204.44,18:31
19/10/25,191.64,10:30,190.7,18:33
20/10/25,180.14,10:14,173.23,18:31
21/10/25,176.51,10:47,174.19,18:33
22/10/25,175.49,10:15,182.22,18:30
23/10/25,180.48,10:49,190.18,18:32
24/10/25,190.51,10:55,197.09,18:31
25/10/25,189.97,10:58,198.25,18:30
26/10/25,178.78,10:52,185.96,18:29
27/10/25,186.7,10:38,189.37,18:31
28/10/25,181.71,9:40,188.91,18:29
29/10/25,177.8,10:22,191.25,18:40
30/10/25,179.72,9:43,191.29,18:31
31/10/25,181.48,10:59,191.22,18:35
01/11/25,179.6,9:51,189.17,18:08
02/11/25,171.44,9:28,181.35,18:29
03/11/25,180.39,16:59,196.75,18:22
04/11/25,184.16,9:29,195.97,18:31
05/11/25,181.45,9:56,196.31,18:26
06/11/25,180.34,9:40,196.01,18:28
07/11/25,183.64,9:59,195.37,18:26
08/11/25,181.85,9:54,193.18,18:22
09/11/25,175.85,9:42,178.79,18:22
11/11/25,192.61,9:28,197.38,18:15
12/11/25,196.49,9:37,196.88,18:21
13/11/25,195.64,9:42,200.19,17:58
14/11/25,199.06,9:42,196.82,17:56
15/11/25,197.02,9:57,195.13,17:59
16/11/25,187.96,9:56,180.29,17:59
17/11/25,197.06,9:51,195.19,18:22
18/11/25,198.17,9:55,196.74,18:16
19/11/25,199.71,9:43,196.75,17:59
20/11/25,203.43,10:14,197.87,17:59
21/11/25,210.09,9:55,196.08,18:22
22/11/25,204.32,9:57,194.99,18:20
23/11/25,198.36,9:40,185.54,17:59
24/11/25,205.97,9:41,197.28,17:59
25/11/25,207.62,9:55,201.04,17:59
26/11/25,210.88,10:12,198.69,17:59
27/11/25,211.86,10:24,200.39,17:56
28/11/25,215.54,10:24,201.8,17:57
29/11/25,211.57,10:18,198.99,17:57
30/11/25,203.78,10:27,186.46,17:57
01/12/25,206.21,10:14,197.42,17:54
02/12/25,214.29,10:25,199.08,18:20
03/12/25,215.3,9:58,199.83,18:24
04/12/25,214.1,10:17,200.09,18:17
05/12/25,217.92,10:15,202.16,17:56
06/12/25,213.93,9:45,200.19,18:37
07/12/25,207.0,10:54,190.55,17:56
08/12/25,216.11,10:21,206.13,17:54
09/12/25,220.4,10:23,208.01,17:59
10/12/25,222.47,10:26,208.01,17:59
11/12/25,221.09,9:54,209.07,17:58
12/12/25,224.75,9:56,208.8,17:57
13/12/25,221.58,9:38,208.86,17:57
14/12/25,214.18,10:26,194.64,17:57
15/12/25,220.25,10:16,209.36,17:57
16/12/25,224.34,9:40,208.89,17:59
17/12/25,226.99,9:55,209.79,18:21
18/12/25,227.08,9:52,209.21,17:49
19/12/25,230.41,09:40,208.39,18:25
20/12/25,229.25,9:47,208.19,18:15
21/12/25,226.53,10:24,200.01,17:54
22/12/25,230.41,10:16,210.46,18:30
23/12/25,231.31,9:44,211.97,17:57
24/12/25,236.1,10:36,211.6,18:22
25/12/25,236.04,10:24,212.45,17:55
26/12/25,239.06,9:58,213.81,18:28
27/12/25,232.61,10:42,214.08,17:54
28/12/25,226.17,9:57,201.28,17:56
29/12/25,236.59,9:50,213.1,17:51
30/12/25,239.69,9:58,214.36,18:25
31/12/25,241.2,10:39,215.17,18:20
01/01/26,232.79,10:27,201.88,17:57
02/01/26,236.3,10:44,212.48,17:56
03/01/26,235.49,10:14,211.68,17:00
04/01/26,227.44,9:54,202.49,18:21
05/01/26,236.72,9:59,215.27,18:00
06/01/26,239.19,10:12,215.34,18:31
07/01/26,238.32,10:15,216.28,18:36
08/01/26,238.82,10:27,217.37,17:55
09/01/26,245.42,9:52,215.1,17:59
10/01/26,239.44,10:11,214.31,17:56
11/01/26,231.73,10:27,202.53,18:45
12/01/26,240.68,10:17,214.22,17:50
13/01/26,243.31,9:59,213.69,18:49
14/01/26,237.88,9:45,206.17,18:55
15/01/26,233.28,9:44,204.09,18:37
16/01/26,238.62,9:57,210.03,18:43
17/01/26,236.23,9:39,210.96,18:25
18/01/26,231.84,9:53,199.81,18:44
19/01/26,239.12,9:55,214.91,18:41
20/01/26,241.06,9:41,215.41,18:42
21/01/26,241.09,9:53,212.59,18:51
22/01/26,241.52,9:39,214.26,18:42
23/01/26,228.47,9:35,207.56,18:51
24/01/26,232.81,9:41,208.75,18:54
25/01/26,230.73,10:24,196.72,18:48
26/01/26,220.64,9:48,196.06,6:59
27/01/26,232.71,9:40,208.53,18:45
28/01/26,230.02,9:43,209.64,18:44
29/01/26,235.7,9:52,212.23,18:45
30/01/26,240.56,9:41,211.9,18:46
31/01/26,238.74,9:42,210.55,18:47
01/02/26,228.23,9:55,196.56,18:51
02/02/26,232.99,9:45,211.54,18:48
03/02/26,235.52,9:39,213.25,18:35
04/02/26,234.93,9:45,211.95,18:51
05/02/26,235.93,9:40,213.03,18:51
06/02/26,240.04,9:43,212.48,18:49
07/02/26,235.96,9:43,210.95,18:51
08/02/26,226.84,9:43,199.41,18:51
09/02/26,238.97,10:28,213.61,18:47
10/02/26,240.78,9:44,212.88,18:44
11/02/26,239.74,9:51,213.49,6:59
12/02/26,238.8,9:56,213.92,17:00
13/02/26,244.21,9:56,214.91,6:59
14/02/26,238.91,9:38,215.32,18:54
15/02/26,237.73,9:40,206.91,6:59
16/02/26,238.58,9:53,213.36,18:51
17/02/26,243.15,10:12,212.23,19:13
18/02/26,239.96,9:42,213.6,18:50
19/02/26,235.72,9:44,211.47,18:55
20/02/26,238.87,9:53,211.87,18:52
21/02/26,236.03,10:27,212.13,18:55
22/02/26,227.11,10:14,200.72,18:56
23/02/26,239.89,9:41,211.29,19:21
24/02/26,233.04,10:15,212.98,18:56
25/02/26,235.64,9:52,210.31,19:14
26/02/26,233.6,10:23,213.12,19:16
27/02/26,240.57,10:13,213.96,19:00
28/02/26,234.31,10:16,212.7,18:57
01/03/26,223.35,10:24,201.56,18:59
02/03/26,234.38,10:27,212.44,18:45
03/03/26,225.98,9:43,211.34,19:13
04/03/26,209.87,9:40,183.68,5:56
05/03/26,222.19,9:55,209.12,18:55
06/03/26,234.07,10:09,216.3,19:01
07/03/26,238.38,10:15,215.76,18:58
08/03/26,223.39,10:29,208.89,19:01
09/03/26,236.44,9:59,221.74,18:59
10/03/26,235.01,10:28,223.47,18:58
11/03/26,236.56,10:49,220.32,19:01
12/03/26,236.77,9:53,218.63,18:43
13/03/26,237.36,9:51,220.53,18:59
14/03/26,230.53,9:45,219.22,18:59
15/03/26,216.33,9:50,200.54,0:15
16/03/26,224.64,9:49,213.93,19:14
17/03/26,221.41,9:38,213.89,19:26
18/03/26,222.53,10:41,205.7,19:15
19/03/26,208.39,10:14,196.53,19:18
20/03/26,198.38,10:50,199.61,19:01
21/03/26,200.14,9:26,197.31,19:23
22/03/26,194.12,9:25,192.93,19:16
23/03/26,210.74,9:58,210.15,18:59
24/03/26,217.04,9:38,210.56,19:21
25/03/26,218.74,9:27,216.63,19:26
26/03/26,223.0,9:51,219.63,19:20
27/03/26,224.06,9:54,213.13,19:21
28/03/26,216.52,10:13,215.84,19:01
29/03/26,204.88,9:30,206.27,19:49
30/03/26,226.32,10:20,213.88,19:00
31/03/26,216.19,15:56,214.96,18:58
01/04/26,214.95,15:49,215.83,19:03
02/04/26,219.08,9:42,214.37,19:20
03/04/26,214.79,15:29,213.55,19:22
04/04/26,214.38,15:36,215.01,19:23
05/04/26,196.85,9:28,200.63,19:27
06/04/26,207.79,9:40,214.74,19:31
07/04/26,209.5,9:40,206.53,19:23
08/04/26,203.34,9:56,211.98,19:25
09/04/26,207.74,9:40,215.92,19:31
10/04/26,209.22,9:45,218.7,19:38
11/04/26,212.22,15:58,220.35,19:31
12/04/26,206.69,9:46,213.49,22:26
13/04/26,221.91,9:52,227.11,19:39
14/04/26,223.05,9:45,227.54,19:41
