20/04/17,158.63
21/04/17,155.54
22/04/17,152.71
23/04/17,150.59
24/04/17,157.04
25/04/17,153.87
26/04/17,155.74
27/04/17,153.87
28/04/17,153.42
29/04/17,149.46
30/04/17,147.83
01/05/17,141.5
02/05/17,152.49
03/05/17,150.83
04/05/17,156.59
05/05/17,156.15
06/05/17,152.54
07/05/17,147.64
08/05/17,153.31
09/05/17,149.59
10/05/17,152.93
11/05/17,154.49
12/05/17,156.52
13/05/17,153.97
14/05/17,150.71
15/05/17,153.61
16/05/17,156.95
17/05/17,151.76
18/05/17,151.99
19/05/17,153.63
20/05/17,152.6
21/05/17,149.21
22/05/17,150.35
23/05/17,153.48
24/05/17,155.13
25/05/17,156
26/05/17,155.7
27/05/17,151.13
28/05/17,149.52
29/05/17,151.35
31/05/17,148.61
01/06/17,150.44
02/06/17,151.11
03/06/17,150.45
04/06/17,153.33
05/06/17,152.23
06/06/17,151.55
07/06/17,148.22
08/06/17,149.63
09/06/17,149.02
10/06/17,146.87
11/06/17,141.9
12/06/17,148.56
13/06/17,151.81
14/06/17,150.17
15/06/17,150.72
16/06/17,150.59
17/06/17,152.89
18/06/17,151.73
19/06/17,147.52
20/06/17,151.19
21/06/17,150.35
22/06/17,152.63
23/06/17,152.39
24/06/17,151.53
25/06/17,145.18
26/06/17,145.6
27/06/17,149.25
28/06/17,144.24
29/06/17,144.14
30/06/17,147.9
01/07/17,142.12
02/07/17,138.66
03/07/17,146.66
04/07/17,150.01
05/07/17,150.74
06/07/17,149.44
07/07/17,150.75
08/07/17,152.98
09/07/17,150.75
10/07/17,154.47
11/07/17,152.85
12/07/17,152.84
13/07/17,152.25
14/07/17,152.21
15/07/17,149.86
16/07/17,145.05
17/07/17,152.05
18/07/17,149.98
19/07/17,148.41
20/07/17,151.35
21/07/17,153.1
22/07/17,152
23/07/17,143.07
24/07/17,146.24
25/07/17,152.48
26/07/17,153.26
27/07/17,151.19
28/07/17,150.84
29/07/17,153.01
30/07/17,146.97
31/07/17,152.76
01/08/17,152.76
02/08/17,151.1
03/08/17,152.08
04/08/17,152.64
05/08/17,153.56
06/08/17,148.5
07/08/17,149.76
08/08/17,154
09/08/17,150.7
10/08/17,151.36
11/08/17,158.75
12/08/17,153.69
13/08/17,148.19
14/08/17,152.13
15/08/17,144.94
16/08/17,157.3
17/08/17,160.81
18/08/17,160.67
19/08/17,153.5
20/08/17,145.57
21/08/17,153.94
22/08/17,154.9
23/08/17,154.24
24/08/17,154.94
25/08/17,145.22
26/08/17,152.38
27/08/17,147.33
28/08/17,150.33
29/08/17,147.45
30/08/17,151.07
31/08/17,149.1
01/09/17,144.64
02/09/17,145.89
03/09/17,141.81
04/09/17,149.26
05/09/17,151.72
06/09/17,154.43
07/09/17,155.37
08/09/17,154.63
09/09/17,156.22
10/09/17,152.95
11/09/17,156.31
12/09/17,158.6
13/09/17,157.91
14/09/17,157.1
15/09/17,156.59
16/09/17,156.3
17/09/17,144.4
18/09/17,154.27
19/09/17,154.22
20/09/17,156.43
21/09/17,158.53
22/09/17,150.81
23/09/17,153.44
24/09/17,150.72
25/09/17,157.11
26/09/17,157.62
27/09/17,156.07
28/09/17,156.07
29/09/17,147.2
30/09/17,142.38
01/10/17,144.14
02/10/17,148.83
03/10/17,156.06
04/10/17,156.82
05/10/17,157.6
06/10/17,154
07/10/17,155.34
08/10/17,150
09/10/17,155.69
10/10/17,155.56
11/10/17,155.78
12/10/17,154.83
13/10/17,155.45
14/10/17,153.75
15/10/17,148.12
16/10/17,153.54
17/10/17,155.08
18/10/17,149.07
19/10/17,138.75
20/10/17,137.13
21/10/17,138.42
22/10/17,140.35
23/10/17,148.56
24/10/17,150.43
25/10/17,150.58
26/10/17,150.25
27/10/17,150.06
28/10/17,148.78
29/10/17,143.26
30/10/17,146.63
31/10/17,147.59
01/11/17,145.61
02/11/17,147.56
03/11/17,148.39
04/11/17,147.07
05/11/17,140.14
06/11/17,146.79
07/11/17,146.95
08/11/17,148.46
09/11/17,149.04
10/11/17,148.27
11/11/17,147.59
12/11/17,140.01
13/11/17,147
14/11/17,148.08
15/11/17,146.55
16/11/17,148.02
17/11/17,148.31
18/11/17,146.77
19/11/17,139.2
20/11/17,147.53
21/11/17,145.08
22/11/17,144.55
23/11/17,146.39
24/11/17,147.35
25/11/17,147.04
26/11/17,138.92
27/11/17,147.26
28/11/17,147
29/11/17,147.22
30/11/17,144.7
01/12/17,143.74
02/12/17,143.78
03/12/17,135.55
04/12/17,146.86
05/12/17,141.99
06/12/17,142.54
07/12/17,146.05
08/12/17,145.79
09/12/17,144.91
10/12/17,139.66
11/12/17,142.8
12/12/17,146.62
13/12/17,147.05
14/12/17,148.15
15/12/17,149.45
16/12/17,149.68
17/12/17,143.95
18/12/17,148.66
19/12/17,149.82
20/12/17,151.35
21/12/17,150.65
22/12/17,150.15
23/12/17,149.26
24/12/17,143.57
25/12/17,146.82
26/12/17,150.75
27/12/17,151.78
28/12/17,149.8
29/12/17,151.57
30/12/17,151.49
31/12/17,145.54
01/01/18,146.8
02/01/18,151.49
03/01/18,152.86
04/01/18,152.78
06/01/18,152.14
07/01/18,147.11
08/01/18,153.07
09/01/18,155.1
10/01/18,154.86
11/01/18,155.66
12/01/18,156.8
13/01/18,155.58
14/01/18,148.91
15/01/18,149.8
16/01/18,151.15
17/01/18,155.11
18/01/18,153.48
19/01/18,155.39
20/01/18,154.08
21/01/18,148.25
22/01/18,152.27
23/01/18,154.13
24/01/18,151.43
25/01/18,151.38
26/01/18,146.39
27/01/18,149.78
28/01/18,148.73
29/01/18,151.34
30/01/18,153.51
31/01/18,153.09
01/02/18,153.09
02/02/18,152.77
03/02/18,153.13
04/02/18,146.05
05/02/18,151.92
06/02/18,154.94
07/02/18,154.89
08/02/18,154.83
09/02/18,155.43
10/02/18,152.21
11/02/18,145.84
12/02/18,146.74
13/02/18,145.79
14/02/18,148.63
15/02/18,150.85
16/02/18,150.87
17/02/18,155.05
18/02/18,145.36
19/02/18,150.97
20/02/18,152.84
21/02/18,154.62
22/02/18,150.87
23/02/18,154.33
24/02/18,152.46
25/02/18,146.91
26/02/18,154.18
27/02/18,156.04
28/02/18,157.23
01/03/18,152.58
02/03/18,140.47
03/03/18,146.84
04/03/18,145.03
05/03/18,153.47
06/03/18,155.29
07/03/18,156.7
08/03/18,155.45
09/03/18,155.15
10/03/18,155.7
11/03/18,150.33
12/03/18,157.35
13/03/18,157.5
14/03/18,157.49
15/03/18,156.81
16/03/18,152.5
17/03/18,154
18/03/18,145.63
19/03/18,155.18
20/03/18,156.54
21/03/18,155.03
22/03/18,157.81
23/03/18,159.89
24/03/18,158.84
25/03/18,148
26/03/18,159.06
27/03/18,159.51
28/03/18,160.45
29/03/18,160.39
30/03/18,153.31
31/03/18,152.3
01/04/18,142.61
02/04/18,154.41
03/04/18,158.93
04/04/18,158.88
05/04/18,158.18
06/04/18,151.01
07/04/18,149.32
08/04/18,148.62
09/04/18,149.75
10/04/18,153.53
11/04/18,151.16
12/04/18,153.74
13/04/18,157.09
14/04/18,153.21
15/04/18,147.45
16/04/18,159.22
17/04/18,156.42
18/04/18,161.23
19/04/18,161.81
20/04/18,157.64
21/04/18,159.95
22/04/18,154.6
23/04/18,159.6
24/04/18,158.78
25/04/18,161.24
26/04/18,158.17
27/04/18,161.32
28/04/18,158.31
29/04/18,156.08
30/04/18,155.29
01/05/18,154.87
02/05/18,152.1
03/05/18,151.34
04/05/18,158.89
05/05/18,159.18
06/05/18,157.03
07/05/18,160.6
08/05/18,159.03
09/05/18,156.01
10/05/18,156.64
11/05/18,158.56
12/05/18,158.26
13/05/18,154.46
14/05/18,153.68
15/05/18,159.03
16/05/18,158.96
17/05/18,160.17
18/05/18,161.79
19/05/18,162.46
20/05/18,162.22
21/05/18,167.67
22/05/18,170.12
23/05/18,167.83
24/05/18,168.67
25/05/18,165.77
26/05/18,165.73
27/05/18,164.62
28/05/18,169.16
29/05/18,170.32
30/05/18,170.9
31/05/18,168.27
01/06/18,166.42
02/06/18,161.43
03/06/18,160.21
04/06/18,167.36
05/06/18,166.1
06/06/18,167.05
07/06/18,167.27
08/06/18,163.76
09/06/18,158.83
10/06/18,155.14
11/06/18,163.57
12/06/18,164.06
13/06/18,165.71
14/06/18,167.6
15/06/18,166.9
16/06/18,164
17/06/18,159.73
18/06/18,162.98
19/06/18,166.33
20/06/18,169
21/06/18,168.02
22/06/18,170.24
23/06/18,168.08
24/06/18,164.33
25/06/18,165.13
26/06/18,164.72
27/06/18,159.58
28/06/18,154.48
29/06/18,157.05
30/06/18,160.44
01/07/18,157.45
02/07/18,160.36
03/07/18,159.81
04/07/18,160.33
05/07/18,163.42
06/07/18,165.38
07/07/18,165.61
08/07/18,161.64
09/07/18,166.13
10/07/18,167.87
11/07/18,164.17
12/07/18,164.67
13/07/18,158.78
14/07/18,159.65
15/07/18,157.31
16/07/18,160.58
17/07/18,163.17
18/07/18,162.91
19/07/18,164.71
20/07/18,162.64
21/07/18,157.86
22/07/18,149.97
23/07/18,159.48
24/07/18,164.97
25/07/18,158.98
26/07/18,156.61
27/07/18,155.37
28/07/18,160.07
29/07/18,158.03
30/07/18,167.17
31/07/18,167.13
01/08/18,168.06
02/08/18,168.26
03/08/18,169.78
04/08/18,169.59
05/08/18,162.56
06/08/18,167.55
07/08/18,162.93
08/08/18,161.95
09/08/18,167.34
10/08/18,170.27
11/08/18,166.16
12/08/18,159.47
13/08/18,165.47
14/08/18,168.28
15/08/18,158.28
16/08/18,163.39
17/08/18,163.92
18/08/18,163.45
19/08/18,155.76
20/08/18,162.8
21/08/18,166.33
22/08/18,164.89
23/08/18,165.23
24/08/18,165.28
25/08/18,163.77
26/08/18,151.72
27/08/18,161.28
28/08/18,163.04
29/08/18,166.08
30/08/18,166.52
31/08/18,167
01/09/18,164.49
02/09/18,151.13
03/09/18,157.14
04/09/18,163.29
05/09/18,166.21
06/09/18,162.8
07/09/18,162.53
08/09/18,163.31
09/09/18,155.87
10/09/18,164.38
11/09/18,169.53
12/09/18,169.15
13/09/18,166.96
14/09/18,173.17
15/09/18,171.84
16/09/18,167.57
17/09/18,169.99
18/09/18,175.59
19/09/18,172.09
20/09/18,171.11
21/09/18,164.88
22/09/18,158.01
23/09/18,151.25
24/09/18,159.35
25/09/18,163.36
26/09/18,164.8
27/09/18,166.57
28/09/18,165.43
29/09/18,168
30/09/18,161.87
01/10/18,167.66
02/10/18,164.74
03/10/18,170.68
04/10/18,169.25
05/10/18,168.91
06/10/18,170.33
07/10/18,163.81
08/10/18,168.8
09/10/18,170.05
10/10/18,170.64
11/10/18,166.66
12/10/18,168.87
13/10/18,167.53
14/10/18,159.95
15/10/18,168.74
16/10/18,167.16
17/10/18,162.61
18/10/18,157.08
19/10/18,154.88
20/10/18,161.83
21/10/18,155.52
22/10/18,163.26
23/10/18,164.75
24/10/18,163.95
25/10/18,165.8
26/10/18,165.17
27/10/18,163.38
28/10/18,154.87
29/10/18,162.34
30/10/18,163.66
31/10/18,164.08
01/11/18,161.66
02/11/18,161.85
03/11/18,159.81
04/11/18,153.24
05/11/18,160.64
06/11/18,153.6
07/11/18,142.34
08/11/18,140.94
09/11/18,140.94
10/11/18,150.06
11/11/18,147.77
12/11/18,155.71
13/11/18,156.44
14/11/18,156.73
15/11/18,157.7
16/11/18,155.43
17/11/18,154.55
18/11/18,145.38
19/11/18,155.78
20/11/18,156.2
21/11/18,155.57
22/11/18,155.9
23/11/18,153.22
24/11/18,154.25
25/11/18,145.62
26/11/18,155.29
27/11/18,155.88
28/11/18,155.66
29/11/18,155.26
30/11/18,154.25
01/12/18,153.35
02/12/18,146.48
03/12/18,154.66
04/12/18,156.48
05/12/18,155.59
06/12/18,155.03
07/12/18,153.99
08/12/18,156.94
09/12/18,149.11
10/12/18,156
11/12/18,158.18
12/12/18,156.34
13/12/18,155.73
14/12/18,156
15/12/18,157.2
16/12/18,149.98
17/12/18,153.61
18/12/18,154.27
19/12/18,155.28
20/12/18,157.41
21/12/18,158.16
22/12/18,157.45
23/12/18,152.63
24/12/18,157.64
25/12/18,156.79
26/12/18,160.31
27/12/18,162.02
28/12/18,162.66
29/12/18,158.1
30/12/18,155.38
31/12/18,160.03
01/01/19,158.84
02/01/19,157.26
03/01/19,159.43
04/01/19,160.84
05/01/19,158.7
06/01/19,153.91
07/01/19,157.48
08/01/19,160.05
09/01/19,160.47
10/01/19,159.57
11/01/19,160.94
12/01/19,159.86
13/01/19,155.44
14/01/19,157.55
15/01/19,157.72
16/01/19,158.22
17/01/19,161.42
18/01/19,162.43
19/01/19,159.89
20/01/19,155.41
21/01/19,159.83
22/01/19,155.24
23/01/19,157.45
24/01/19,156.94
25/01/19,155.45
26/01/19,145.67
27/01/19,148.38
28/01/19,153.86
29/01/19,155.7
30/01/19,158.04
31/01/19,158.09
01/02/19,159.54
02/02/19,159.07
03/02/19,153.55
04/02/19,159.03
05/02/19,161.67
06/02/19,161.12
07/02/19,154.76
08/02/19,156.48
09/02/19,155.34
10/02/19,149.7
11/02/19,156.04
12/02/19,159.05
13/02/19,159.39
14/02/19,156.21
15/02/19,156.39
16/02/19,155.12
17/02/19,151.5
18/02/19,157.59
19/02/19,159.73
20/02/19,157.02
21/02/19,159.31
22/02/19,160.92
23/02/19,159.63
24/02/19,153.97
25/02/19,159.35
26/02/19,159.35
27/02/19,157.9
28/02/19,159.06
01/03/19,158.64
02/03/19,158.03
03/03/19,148.35
04/03/19,158.57
05/03/19,157.79
06/03/19,158.81
07/03/19,159.72
08/03/19,161.64
09/03/19,158.67
10/03/19,152.77
11/03/19,160.65
12/03/19,161.88
13/03/19,162.01
14/03/19,161.47
15/03/19,159.87
16/03/19,161.97
17/03/19,154.54
18/03/19,162.22
19/03/19,163.49
20/03/19,160.81
21/03/19,144.78
22/03/19,154.82
23/03/19,159.22
24/03/19,155.78
25/03/19,163.02
26/03/19,163.41
27/03/19,165.5
28/03/19,165.62
29/03/19,168.75
30/03/19,168.22
31/03/19,155.84
01/04/19,165.6
02/04/19,168.33
03/04/19,170.83
04/04/19,168.67
05/04/19,165.17
06/04/19,159.09
07/04/19,152.07
08/04/19,162.85
09/04/19,162.95
10/04/19,170.52
11/04/19,167.45
12/04/19,169.05
13/04/19,167.79
14/04/19,164.39
15/04/19,166.81
16/04/19,156.66
17/04/19,154.54
18/04/19,157.4
19/04/19,158.45
20/04/19,159.42
21/04/19,153.04
22/04/19,163.39
23/04/19,167.67
24/04/19,173.32
25/04/19,174.39
26/04/19,176.49
27/04/19,176.23
28/04/19,174.34
29/04/19,176.81
30/04/19,174.4
01/05/19,171
02/05/19,167.89
03/05/19,164.21
04/05/19,166.59
05/05/19,168.62
06/05/19,174.53
07/05/19,174.17
08/05/19,177.68
09/05/19,178.2
10/05/19,175.49
11/05/19,175.42
12/05/19,171.65
13/05/19,175.26
14/05/19,175.06
15/05/19,171.48
16/05/19,174.92
17/05/19,170.6
18/05/19,171.96
19/05/19,168.86
20/05/19,176.87
21/05/19,177.22
22/05/19,180.19
23/05/19,181
24/05/19,175.28
25/05/19,172.29
26/05/19,171.71
27/05/19,181.05
28/05/19,179
29/05/19,181.8
30/05/19,182.61
31/05/19,178.13
01/06/19,181.05
02/06/19,178.28
03/06/19,174.93
04/06/19,181.52
05/06/19,179.39
06/06/19,175.99
07/06/19,176.32
08/06/19,176.47
09/06/19,175.07
10/06/19,178.35
11/06/19,182.31
12/06/19,177.63
13/06/19,178.96
14/06/19,182.59
15/06/19,178.9
16/06/19,173.77
17/06/19,171.23
18/06/19,175.45
19/06/19,175.4
20/06/19,174.82
21/06/19,175.95
22/06/19,173.3
23/06/19,170.11
24/06/19,172.96
25/06/19,177.64
26/06/19,177.1
27/06/19,177.04
28/06/19,175.8
29/06/19,173.15
30/06/19,166.56
01/07/19,171.28
02/07/19,171.46
03/07/19,175.16
04/07/19,171.31
05/07/19,167.56
06/07/19,165.98
07/07/19,161.58
08/07/19,170.46
09/07/19,167.48
10/07/19,167.61
11/07/19,169.7
12/07/19,170.97
13/07/19,170.97
14/07/19,163.31
15/07/19,166.03
16/07/19,168.97
17/07/19,171.73
18/07/19,169.6
19/07/19,169.78
20/07/19,169.2
21/07/19,163.85
22/07/19,171.01
23/07/19,171.56
24/07/19,172.16
25/07/19,163.75
26/07/19,160.63
27/07/19,156.02
28/07/19,152.57
29/07/19,162.08
30/07/19,162.8
31/07/19,167.28
01/08/19,164.9
02/08/19,163.65
03/08/19,160.84
04/08/19,158.32
05/08/19,165.39
06/08/19,161.31
07/08/19,160.62
08/08/19,158.93
09/08/19,161.64
10/08/19,162.12
11/08/19,158.52
12/08/19,164.87
13/08/19,165.73
14/08/19,163.17
15/08/19,152.66
16/08/19,160.39
17/08/19,154.04
18/08/19,148.06
19/08/19,160.33
20/08/19,163.95
21/08/19,166.75
22/08/19,166.29
23/08/19,168.31
24/08/19,163.16
25/08/19,156.24
26/08/19,168
27/08/19,172.7
28/08/19,173.93
29/08/19,177.8
30/08/19,174.46
31/08/19,172.54
01/09/19,161.87
02/09/19,163.08
03/09/19,167.49
04/09/19,168.01
05/09/19,170.45
06/09/19,171.56
07/09/19,166.91
08/09/19,161.62
09/09/19,173.16
10/09/19,171.08
11/09/19,170.35
12/09/19,165.55
13/09/19,170.48
14/09/19,171.05
15/09/19,163.33
16/09/19,171.88
17/09/19,168.18
18/09/19,168.87
19/09/19,166.24
20/09/19,167.26
21/09/19,165.68
22/09/19,157.04
23/09/19,165.02
24/09/19,163.74
25/09/19,160.24
26/09/19,158.01
27/09/19,156.1
28/09/19,147.06
29/09/19,138.89
30/09/19,146.84
01/10/19,153.45
02/10/19,150.5
03/10/19,154.66
04/10/19,157.67
05/10/19,155.86
06/10/19,146.16
07/10/19,148.98
08/10/19,137.71
09/10/19,154.6
10/10/19,158.88
11/10/19,160.77
12/10/19,159.76
13/10/19,151.08
14/10/19,164.26
15/10/19,163.9
16/10/19,163.62
17/10/19,164.04
18/10/19,159.75
19/10/19,156.64
20/10/19,145.56
21/10/19,151.07
22/10/19,153.15
23/10/19,152
24/10/19,150.24
25/10/19,148.44
26/10/19,140.25
27/10/19,124.79
28/10/19,128.02
29/10/19,134.3
30/10/19,140.78
31/10/19,143.53
01/11/19,144.84
02/11/19,144.65
03/11/19,144.65
04/11/19,151.23
05/11/19,152.32
06/11/19,152.78
07/11/19,147.16
08/11/19,148.01
09/11/19,147.53
10/11/19,139.44
11/11/19,150.55
12/11/19,152.56
13/11/19,151.56
14/11/19,151.12
15/11/19,152.24
16/11/19,153.02
17/11/19,141.64
18/11/19,154
19/11/19,155.58
20/11/19,154.42
21/11/19,153.79
22/11/19,155.35
23/11/19,153.02
24/11/19,142.63
25/11/19,155.32
26/11/19,153.37
27/11/19,152.67
28/11/19,151.82
29/11/19,152.11
30/11/19,150.29
01/12/19,139.32
02/12/19,148.42
03/12/19,150.54
04/12/19,152.49
05/12/19,152.51
06/12/19,153.03
07/12/19,152.49
08/12/19,144.91
09/12/19,152.93
10/12/19,155.85
11/12/19,156.47
12/12/19,155.12
13/12/19,149.58
14/12/19,150.45
15/12/19,143.87
16/12/19,151.94
17/12/19,155.45
18/12/19,155.99
19/12/19,158.77
20/12/19,162.82
21/12/19,162.03
22/12/19,158.39
23/12/19,165.9
24/12/19,167.93
25/12/19,164.69
26/12/19,170.49
27/12/19,168.92
28/12/19,165.64
29/12/19,160.08
30/12/19,166.51
31/12/19,169.36
01/01/20,165.21
02/01/20,165.22
03/01/20,164.61
04/01/20,163.49
05/01/20,158.31
06/01/20,165.75
07/01/20,165.37
08/01/20,159.71
09/01/20,163.03
10/01/20,165.58
11/01/20,164.11
12/01/20,161.09
13/01/20,165.72
14/01/20,163.37
15/01/20,162.17
16/01/20,157.26
17/01/20,162.87
18/01/20,161.54
19/01/20,159.67
20/01/20,166.53
21/01/20,169.47
22/01/20,168.6
23/01/20,169.2
24/01/20,169.34
25/01/20,170.77
26/01/20,160.82
27/01/20,168.68
28/01/20,171.06
29/01/20,167.9
30/01/20,170.36
31/01/20,170.72
01/02/20,168.67
02/02/20,164
03/02/20,170.52
04/02/20,171.09
05/02/20,171.23
06/02/20,174.1
07/02/20,174.66
08/02/20,173.22
09/02/20,165.21
10/02/20,171.21
11/02/20,172.75
12/02/20,173.37
13/02/20,173.97
14/02/20,172.97
15/02/20,171.15
16/02/20,168.24
17/02/20,173.76
18/02/20,176.58
19/02/20,176.05
20/02/20,174.99
21/02/20,174.55
22/02/20,171.38
23/02/20,166.95
24/02/20,173.82
25/02/20,172.41
26/02/20,171.06
27/02/20,173
28/02/20,174.63
29/02/20,171.32
01/03/20,156.93
02/03/20,166.82
03/03/20,170.17
04/03/20,168.89
05/03/20,167.39
06/03/20,160.83
07/03/20,158.89
08/03/20,153.46
09/03/20,159.23
10/03/20,144.1
11/03/20,151.41
12/03/20,157.72
13/03/20,160.14
14/03/20,158.67
15/03/20,153.06
16/03/20,162.78
17/03/20,164.41
18/03/20,164.44
19/03/20,163.7
20/03/20,163.73
21/03/20,161.75
22/03/20,135.2
23/03/20,145.5
24/03/20,135.94
25/03/20,127.97
26/03/20,120.31
27/03/20,115.23
28/03/20,117.76
29/03/20,120.18
30/03/20,120.79
31/03/20,123.09
01/04/20,123.31
02/04/20,125.82
03/04/20,125.93
04/04/20,125.11
05/04/20,124.44
06/04/20,123.2
07/04/20,121.74
08/04/20,119.83
09/04/20,118.59
10/04/20,121.38
11/04/20,124.33
12/04/20,124.87
13/04/20,129.24
14/04/20,131.68
15/04/20,129.43
16/04/20,132.45
17/04/20,129.95
18/04/20,126.73
19/04/20,129.47
20/04/20,126.19
21/04/20,126.26
22/04/20,129.99
23/04/20,127.36
24/04/20,130.03
25/04/20,127.19
26/04/20,123.65
27/04/20,125.96
28/04/20,128.22
29/04/20,131.36
30/04/20,132.78
01/05/20,131.14
02/05/20,134.7
03/05/20,130.61
04/05/20,135.07
05/05/20,134.9
06/05/20,137.22
07/05/20,138.61
08/05/20,143.33
09/05/20,146.03
10/05/20,142.52
11/05/20,143.19
12/05/20,145.6
13/05/20,146.54
14/05/20,145.66
15/05/20,150.34
16/05/20,149.01
17/05/20,146.25
18/05/20,150.33
19/05/20,149.92
20/05/20,144.71
21/05/20,151.57
22/05/20,155.37
23/05/20,160.1
24/05/20,159.88
25/05/20,163.8
26/05/20,166.42
27/05/20,164.01
28/05/20,160.31
29/05/20,156.57
30/05/20,153.47
31/05/20,140.05
01/06/20,144.5
02/06/20,144.3
03/06/20,142.08
04/06/20,138.28
05/06/20,139.64
06/06/20,146.53
07/06/20,143.65
08/06/20,153.13
09/06/20,158.43
10/06/20,161.18
11/06/20,163.3
12/06/20,158.03
13/06/20,157.79
14/06/20,156.89
15/06/20,162.36
16/06/20,163.17
17/06/20,162.42
18/06/20,163.19
19/06/20,164.64
20/06/20,162.61
21/06/20,157.58
22/06/20,162.24
23/06/20,164.95
24/06/20,163.56
25/06/20,162.07
26/06/20,163.74
27/06/20,164.53
28/06/20,160.85
29/06/20,163.92
30/06/20,164.64
01/07/20,166.78
02/07/20,170.55
03/07/20,168.35
04/07/20,160.83
05/07/20,148.87
06/07/20,154.49
07/07/20,155.23
08/07/20,156.39
09/07/20,162.37
10/07/20,157.75
11/07/20,159.58
12/07/20,152.2
13/07/20,159.78
14/07/20,161.76
15/07/20,160.65
16/07/20,161.14
17/07/20,163.72
18/07/20,165.72
19/07/20,160.14
20/07/20,157.06
21/07/20,156.25
22/07/20,156.25
23/07/20,159.65
24/07/20,160.25
25/07/20,159.9
26/07/20,161.79
27/07/20,168.91
28/07/20,169.22
29/07/20,166.22
30/07/20,164.36
31/07/20,167.51
01/08/20,163.28
02/08/20,160.99
03/08/20,160.34
04/08/20,159.92
05/08/20,158.56
06/08/20,160.11
07/08/20,166.02
08/08/20,167.5
09/08/20,160.31
10/08/20,164.37
11/08/20,163.72
12/08/20,160.77
13/08/20,156.61
14/08/20,158.36
15/08/20,147.47
16/08/20,152.95
17/08/20,164.41
18/08/20,159.8
19/08/20,155.57
20/08/20,150.35
21/08/20,150.36
22/08/20,148.77
23/08/20,147.55
24/08/20,158.48
25/08/20,162.2
26/08/20,162.74
27/08/20,161.66
28/08/20,159.96
29/08/20,161.46
30/08/20,152.88
31/08/20,162.87
01/09/20,162.84
02/09/20,162.61
03/09/20,165.24
04/09/20,167.27
05/09/20,165.56
06/09/20,158.27
07/09/20,169.06
08/09/20,172.68
09/09/20,174.33
10/09/20,173.5
11/09/20,173.22
12/09/20,171.98
13/09/20,165.73
14/09/20,172.5
15/09/20,173.54
16/09/20,174.46
17/09/20,172.37
18/09/20,176.57
19/09/20,174.36
20/09/20,164.17
21/09/20,172.78
22/09/20,171.19
23/09/20,169.57
24/09/20,170.41
25/09/20,169.32
26/09/20,167.68
27/09/20,160.62
28/09/20,168.39
29/09/20,169.29
30/09/20,167.41
01/10/20,167.82
02/10/20,161.07
03/10/20,167.34
04/10/20,158.59
05/10/20,166.68
06/10/20,166.83
07/10/20,170.05
08/10/20,169.9
09/10/20,168.62
10/10/20,167.14
11/10/20,156.48
12/10/20,163.18
13/10/20,166.52
14/10/20,166.07
15/10/20,166.93
16/10/20,166.77
17/10/20,166.05
18/10/20,155.67
19/10/20,164.74
20/10/20,163.35
21/10/20,161.91
22/10/20,161.1
23/10/20,159.35
24/10/20,153.98
25/10/20,140.37
26/10/20,152.72
27/10/20,156.97
28/10/20,160.28
29/10/20,159.2
30/10/20,158.39
31/10/20,157.8
01/11/20,150.42
02/11/20,160.24
03/11/20,160.78
04/11/20,160.09
05/11/20,159.4
06/11/20,158.29
07/11/20,159.69
08/11/20,151.33
09/11/20,159.43
10/11/20,159.89
11/11/20,159.8
12/11/20,159.53
13/11/20,157.2
14/11/20,140.06
15/11/20,134.18
16/11/20,137.55
17/11/20,148.5
18/11/20,152.37
19/11/20,151.98
20/11/20,154.06
21/11/20,154.91
22/11/20,150.48
23/11/20,158.1
24/11/20,157.05
25/11/20,157.56
26/11/20,152.49
27/11/20,157.29
28/11/20,155.8
29/11/20,153.09
30/11/20,158.78
01/12/20,159.46
02/12/20,162.47
03/12/20,164.07
04/12/20,164.45
05/12/20,162.35
06/12/20,156.92
07/12/20,162.58
08/12/20,163.94
09/12/20,164.73
10/12/20,165.42
11/12/20,163.48
12/12/20,156.34
13/12/20,155.29
14/12/20,164.23
15/12/20,166.33
16/12/20,164.11
17/12/20,171.29
18/12/20,173.09
19/12/20,171.64
20/12/20,166.63
21/12/20,175.09
22/12/20,177.12
23/12/20,178.11
24/12/20,179.23
25/12/20,181.41
26/12/20,179.53
27/12/20,172.94
28/12/20,180.79
29/12/20,177.82
30/12/20,182.89
31/12/20,177.63
01/01/21,178.89
02/01/21,173.93
03/01/21,166.79
04/01/21,173.73
05/01/21,170.63
06/01/21,169.52
07/01/21,168.95
08/01/21,171.15
09/01/21,164.09
10/01/21,162.34
11/01/21,174.64
12/01/21,177.5
13/01/21,176.52
14/01/21,172.04
15/01/21,171.87
16/01/21,173.96
17/01/21,171.81
18/01/21,178.94
19/01/21,180.12
20/01/21,185.82
21/01/21,185.71
22/01/21,187.3
23/01/21,186.51
24/01/21,181.01
25/01/21,186.08
26/01/21,177.17
27/01/21,186.21
28/01/21,188.45
29/01/21,188.33
30/01/21,189.64
31/01/21,184.23
01/02/21,187.71
02/02/21,188.15
03/02/21,188.12
04/02/21,183.81
05/02/21,184.34
06/02/21,184.42
07/02/21,178.84
08/02/21,184.34
09/02/21,186.59
10/02/21,187.63
11/02/21,184.71
12/02/21,185.24
13/02/21,181.86
14/02/21,177.54
15/02/21,183.08
16/02/21,183.9
17/02/21,180.61
18/02/21,179.64
19/02/21,176.41
20/02/21,175.05
21/02/21,168.53
22/02/21,176.07
23/02/21,178.21
24/02/21,179.43
25/02/21,180.01
26/02/21,183.68
27/02/21,179.57
28/02/21,173.22
01/03/21,182.65
02/03/21,182.94
03/03/21,182.14
04/03/21,182.53
05/03/21,184.18
06/03/21,182.66
07/03/21,175.17
08/03/21,181.68
09/03/21,184.64
10/03/21,185.2
11/03/21,186.04
12/03/21,179.24
13/03/21,172.84
14/03/21,170.6
15/03/21,181.26
16/03/21,182.12
17/03/21,185.3
18/03/21,184.21
19/03/21,183
20/03/21,180.97
21/03/21,173.65
22/03/21,179.86
23/03/21,176.17
24/03/21,178.79
25/03/21,181.26
26/03/21,183
27/03/21,182.46
28/03/21,175.24
29/03/21,159.81
30/03/21,174.48
31/03/21,175.49
01/04/21,177.21
02/04/21,177.75
03/04/21,178.56
04/04/21,173.44
05/04/21,178.89
06/04/21,180.1
07/04/21,181.06
08/04/21,182.56
09/04/21,178.38
10/04/21,178.58
11/04/21,170.28
12/04/21,177.69
13/04/21,176.75
14/04/21,174.67
15/04/21,174.07
16/04/21,173.57
17/04/21,172.62
18/04/21,169.54
19/04/21,177.1
20/04/21,174.17
21/04/21,170.8
22/04/21,166.77
23/04/21,166.21
24/04/21,169.66
25/04/21,165.32
26/04/21,172.59
27/04/21,173.49
28/04/21,176.26
29/04/21,177.69
30/04/21,175.9
01/05/21,166.79
02/05/21,161.15
03/05/21,167.13
04/05/21,168.12
05/05/21,168.02
06/05/21,168.78
07/05/21,164.66
08/05/21,166.88
09/05/21,161.95
10/05/21,164.51
11/05/21,162.52
12/05/21,158.51
13/05/21,156.42
14/05/21,157.26
15/05/21,155.73
16/05/21,150.29
17/05/21,153.64
18/05/21,146.86
19/05/21,137.22
20/05/21,145.08
21/05/21,148.8
22/05/21,150.73
23/05/21,151.78
24/05/21,157.15
25/05/21,153.68
26/05/21,156.17
27/05/21,156.4
28/05/21,160.69
29/05/21,164.03
30/05/21,160.77
31/05/21,165.85
01/06/21,158.19
02/06/21,160.46
03/06/21,162.84
04/06/21,162.7
05/06/21,158.4
06/06/21,160.14
07/06/21,168.73
08/06/21,172.83
09/06/21,174.09
10/06/21,170.82
11/06/21,169.68
12/06/21,164.11
13/06/21,161.44
14/06/21,167.18
15/06/21,166.86
16/06/21,166.48
17/06/21,164.68
18/06/21,163.32
19/06/21,159.67
20/06/21,158.58
21/06/21,170.16
22/06/21,177.02
23/06/21,179.55
24/06/21,174.59
25/06/21,177.53
26/06/21,176.89
27/06/21,173.28
28/06/21,181.82
29/06/21,187.96
30/06/21,191.51
01/07/21,190.49
02/07/21,188.58
03/07/21,187.21
04/07/21,181.59
05/07/21,192.17
06/07/21,197.08
07/07/21,200.57
08/07/21,189.9
09/07/21,187.56
10/07/21,184.39
11/07/21,179.85
12/07/21,176.85
13/07/21,175.13
14/07/21,174.21
15/07/21,181.64
16/07/21,184.57
17/07/21,184.82
18/07/21,178.92
19/07/21,170.43
20/07/21,166.53
21/07/21,169.37
22/07/21,171.49
23/07/21,172.81
24/07/21,175.26
25/07/21,170.57
26/07/21,179.09
27/07/21,174.15
28/07/21,165.09
29/07/21,166.92
30/07/21,166.3
31/07/21,166.35
01/08/21,157.72
02/08/21,172.19
03/08/21,175.14
04/08/21,178.64
05/08/21,184.31
06/08/21,186.95
07/08/21,188.6
08/08/21,179.28
09/08/21,188.88
10/08/21,190.44
11/08/21,191.69
12/08/21,194.7
13/08/21,196.15
14/08/21,193.04
15/08/21,183.89
16/08/21,196.25
17/08/21,195.06
18/08/21,193.87
19/08/21,193.78
20/08/21,186.58
21/08/21,175.7
22/08/21,162.93
23/08/21,180.23
24/08/21,186.45
25/08/21,188.92
26/08/21,190.48
27/08/21,191.57
28/08/21,185.86
29/08/21,173.83
30/08/21,176.47
31/08/21,176.77
01/09/21,177.02
02/09/21,177.7
03/09/21,176.4
04/09/21,176.81
05/09/21,169
06/09/21,176.7
07/09/21,174.88
08/09/21,177.21
09/09/21,176.46
10/09/21,167.78
11/09/21,166.65
12/09/21,160.7
13/09/21,167.15
14/09/21,164.91
15/09/21,168.65
16/09/21,167.24
17/09/21,167.63
18/09/21,171.39
19/09/21,169.42
20/09/21,180.75
21/09/21,175.95
22/09/21,171.41
23/09/21,170.03
24/09/21,168.4
25/09/21,171.62
26/09/21,162.88
27/09/21,170.46
28/09/21,171.53
29/09/21,172.48
30/09/21,172.18
01/10/21,169.6
02/10/21,164.96
03/10/21,161.63
04/10/21,170.35
05/10/21,169.87
06/10/21,170.97
07/10/21,172.11
08/10/21,172.42
09/10/21,170.04
10/10/21,167.07
11/10/21,174.6
12/10/21,174.31
13/10/21,173.81
14/10/21,170.34
15/10/21,161.49
16/10/21,167.58
17/10/21,156.24
18/10/21,165.69
19/10/21,163.92
20/10/21,168.06
21/10/21,169.27
22/10/21,170.72
23/10/21,169.38
24/10/21,157.46
25/10/21,168.4
26/10/21,170.23
27/10/21,169.92
28/10/21,168.87
29/10/21,166.83
30/10/21,167.61
31/10/21,158.09
01/11/21,163.22
02/11/21,163.22
03/11/21,158.6
04/11/21,144.8
05/11/21,139.41
06/11/21,146.3
07/11/21,146.28
08/11/21,155.12
09/11/21,160.85
10/11/21,161.81
11/11/21,161.39
12/11/21,163.36
13/11/21,164.88
14/11/21,156.19
15/11/21,165.15
16/11/21,166.19
17/11/21,164.6
18/11/21,162.29
19/11/21,160.55
20/11/21,160.53
21/11/21,151
22/11/21,163.67
23/11/21,165.68
24/11/21,164.45
25/11/21,164.23
26/11/21,163.35
27/11/21,163.33
28/11/21,153.88
29/11/21,162.64
30/11/21,163.22
01/12/21,158.79
02/12/21,158.7
03/12/21,159.88
04/12/21,159.27
05/12/21,154.8
06/12/21,164.77
07/12/21,166.01
08/12/21,166.69
09/12/21,168.03
10/12/21,169.12
11/12/21,168.3
12/12/21,161.84
13/12/21,168.53
14/12/21,171.08
15/12/21,170.95
16/12/21,172.94
17/12/21,175.15
18/12/21,174.26
19/12/21,169.69
20/12/21,178.05
21/12/21,180.79
22/12/21,181.35
23/12/21,181.38
24/12/21,183.39
25/12/21,181.66
26/12/21,175.61
27/12/21,181.39
28/12/21,176.78
29/12/21,174.63
30/12/21,177.6
31/12/21,181.46
01/01/22,178.87
02/01/22,170.3
03/01/22,179.59
04/01/22,179.4
05/01/22,177.11
06/01/22,173.85
07/01/22,175.13
08/01/22,165.5
09/01/22,163.6
10/01/22,174.72
11/01/22,176.76
12/01/22,177.69
13/01/22,177.92
14/01/22,174.46
15/01/22,171.81
16/01/22,165.81
17/01/22,179.26
18/01/22,181.11
19/01/22,183.91
20/01/22,188.39
21/01/22,190.9
22/01/22,181.59
23/01/22,170.99
24/01/22,187.25
25/01/22,188.86
26/01/22,181.46
27/01/22,187.65
28/01/22,191.79
29/01/22,190.45
30/01/22,184.87
31/01/22,192.08
01/02/22,192.02
02/02/22,192.47
03/02/22,187.31
04/02/22,189.03
05/02/22,190.89
06/02/22,185.82
07/02/22,192
08/02/22,191.79
09/02/22,187.95
10/02/22,189.31
11/02/22,189.94
12/02/22,185.29
13/02/22,183.37
14/02/22,190.16
15/02/22,188.78
16/02/22,191.22
17/02/22,190.01
18/02/22,192.53
19/02/22,189.7
20/02/22,185.81
21/02/22,191.68
22/02/22,192.06
23/02/22,189.31
24/02/22,191.58
25/02/22,193.65
26/02/22,188.24
27/02/22,183.76
28/02/22,191.3
01/03/22,192.2
02/03/22,189.21
03/03/22,190.1
04/03/22,192.23
05/03/22,190.15
06/03/22,185.23
07/03/22,192.1
08/03/22,192.19
09/03/22,192.03
10/03/22,192.71
11/03/22,194.6
12/03/22,189.96
13/03/22,185.06
14/03/22,194.46
15/03/22,197.01
16/03/22,198.28
17/03/22,199.27
18/03/22,179.91
19/03/22,189.35
20/03/22,186.64
21/03/22,196.97
22/03/22,194.5
23/03/22,196.3
24/03/22,194.51
25/03/22,194.05
26/03/22,192.85
27/03/22,185.07
28/03/22,196.14
29/03/22,198.18
30/03/22,198.97
31/03/22,199.3
01/04/22,198.48
02/04/22,194.05
03/04/22,182.64
04/04/22,194.62
05/04/22,193.72
06/04/22,195.87
07/04/22,197.67
08/04/22,199.58
09/04/22,196.54
10/04/22,186.98
11/04/22,194.44
12/04/22,197.31
13/04/22,197.51
14/04/22,195.95
15/04/22,192.53
16/04/22,194.73
17/04/22,184.78
18/04/22,195.7
19/04/22,196.66
20/04/22,197.24
21/04/22,197.28
22/04/22,197
23/04/22,197.31
24/04/22,186.92
25/04/22,199.34
26/04/22,201.07
27/04/22,200.65
28/04/22,204.65
29/04/22,207.11
30/04/22,203.95
01/05/22,191.22
02/05/22,204.45
03/05/22,199.49
04/05/22,197.91
05/05/22,194.73
06/05/22,196.86
07/05/22,199.77
08/05/22,189.24
09/05/22,198.05
10/05/22,194.78
11/05/22,196.28
12/05/22,199.87
13/05/22,199.66
14/05/22,200.64
15/05/22,191.25
16/05/22,201.75
17/05/22,201.64
18/05/22,198.05
19/05/22,199.36
20/05/22,198
21/05/22,191.59
22/05/22,183
23/05/22,178.2
24/05/22,182.58
25/05/22,187
26/05/22,190.5
27/05/22,194.23
28/05/22,196.06
29/05/22,189.34
30/05/22,201.79
31/05/22,204.46
01/06/22,199.21
02/06/22,202.28
03/06/22,203.91
04/06/22,203.44
05/06/22,194.68
06/06/22,202.44
07/06/22,206.54
08/06/22,209.81
09/06/22,210.79
10/06/22,211.86
11/06/22,206.8
12/06/22,192.92
13/06/22,201.16
14/06/22,206.07
15/06/22,203.08
16/06/22,196.52
17/06/22,191.9
18/06/22,185.17
19/06/22,178.39
20/06/22,183.85
21/06/22,182.06
22/06/22,186.59
23/06/22,191.68
24/06/22,192.84
25/06/22,191.75
26/06/22,189.18
27/06/22,201.35
28/06/22,203.85
29/06/22,200.4
30/06/22,187.66
01/07/22,183.05
02/07/22,184.22
03/07/22,180.43
04/07/22,188.56
05/07/22,190.39
06/07/22,186.17
07/07/22,189.81
08/07/22,189.76
09/07/22,180.65
10/07/22,172.38
11/07/22,182.82
12/07/22,184.02
13/07/22,184.18
14/07/22,177.94
15/07/22,181.15
16/07/22,180.32
17/07/22,175.02
18/07/22,182.41
19/07/22,188.7
20/07/22,185.66
21/07/22,181.15
22/07/22,179.92
23/07/22,179.21
24/07/22,171.43
25/07/22,181.93
26/07/22,183.13
27/07/22,182.82
28/07/22,182.28
29/07/22,184.54
30/07/22,182.03
31/07/22,172.89
01/08/22,186.02
02/08/22,188.18
03/08/22,186.99
04/08/22,187.72
05/08/22,185.83
06/08/22,184.93
07/08/22,175.85
08/08/22,184.05
09/08/22,180.07
10/08/22,184.6
11/08/22,174.19
12/08/22,184.43
13/08/22,183.85
14/08/22,173.57
15/08/22,161.5
16/08/22,180.99
17/08/22,189.17
18/08/22,189.63
19/08/22,192.74
20/08/22,185.62
21/08/22,178.39
22/08/22,189.17
23/08/22,191.47
24/08/22,188.42
25/08/22,188.84
26/08/22,194.51
27/08/22,192.18
28/08/22,183.22
29/08/22,193.08
30/08/22,194.95
31/08/22,193.92
01/09/22,196.23
02/09/22,195.57
03/09/22,198.6
04/09/22,188.83
05/09/22,198.64
06/09/22,198.61
07/09/22,199.47
08/09/22,197.13
09/09/22,195.31
10/09/22,190.47
11/09/22,180.95
12/09/22,190.76
13/09/22,190.57
14/09/22,186.14
15/09/22,182.33
16/09/22,183.37
17/09/22,181.55
18/09/22,177.66
19/09/22,188.3
20/09/22,190.54
21/09/22,188.01
22/09/22,185.93
23/09/22,182.66
24/09/22,179.95
25/09/22,172.77
26/09/22,183.63
27/09/22,186.14
28/09/22,189.45
29/09/22,189.1
30/09/22,190.69
01/10/22,186.91
02/10/22,175.62
03/10/22,184.92
04/10/22,182.59
05/10/22,172.04
06/10/22,179.72
07/10/22,177.35
08/10/22,174.76
09/10/22,164.03
10/10/22,173.49
11/10/22,174.41
12/10/22,175.55
13/10/22,175.62
14/10/22,176.17
15/10/22,174.08
16/10/22,164.12
17/10/22,174.28
18/10/22,176.04
19/10/22,176.66
20/10/22,178.6
21/10/22,176.88
22/10/22,171.14
23/10/22,158.85
24/10/22,145.48
25/10/22,154.97
26/10/22,155.31
27/10/22,162.74
28/10/22,167.03
29/10/22,165.59
30/10/22,160.27
31/10/22,170.73
01/11/22,170.69
02/11/22,171.41
03/11/22,173.48
04/11/22,173.89
05/11/22,173.16
06/11/22,167.97
07/11/22,175.64
08/11/22,179.56
09/11/22,178.75
10/11/22,179.75
11/11/22,176.9
12/11/22,173.77
13/11/22,166.48
14/11/22,175.99
15/11/22,176.96
16/11/22,177.94
17/11/22,179.12
18/11/22,180.41
19/11/22,179.61
20/11/22,175.23
21/11/22,182
22/11/22,182.7
23/11/22,181.81
24/11/22,182.48
25/11/22,186.9
26/11/22,185.96
27/11/22,180.85
28/11/22,186.71
29/11/22,185.85
30/11/22,187.38
01/12/22,185.88
02/12/22,189.39
03/12/22,186.67
04/12/22,181.74
05/12/22,187.33
06/12/22,191.44
07/12/22,191.03
08/12/22,188.33
09/12/22,186.52
10/12/22,181.83
11/12/22,175.74
12/12/22,183.49
13/12/22,184.06
14/12/22,186.11
15/12/22,186.11
16/12/22,188.89
17/12/22,189.55
18/12/22,185.9
19/12/22,193.39
20/12/22,191.82
21/12/22,197.5
22/12/22,199.07
23/12/22,200.44
24/12/22,200.24
25/12/22,193.64
26/12/22,196.58
27/12/22,201
28/12/22,201.52
29/12/22,202.62
30/12/22,203.63
31/12/22,205.03
01/01/23,195.09
02/01/23,201.16
03/01/23,205.25
04/01/23,203.71
05/01/23,205.68
06/01/23,203.59
07/01/23,203.66
08/01/23,201.49
09/01/23,205.15
10/01/23,205.29
11/01/23,206.84
12/01/23,206
13/01/23,204.65
14/01/23,202.9
15/01/23,198.01
16/01/23,203.04
17/01/23,206.61
18/01/23,210.62
19/01/23,207.69
20/01/23,208.07
21/01/23,204.63
22/01/23,201.94
23/01/23,203.6
24/01/23,201.23
25/01/23,201.67
26/01/23,189.46
27/01/23,202.84
28/01/23,204.14
29/01/23,191.69
30/01/23,193.34
31/01/23,198.17
01/02/23,199.49
02/02/23,200.69
03/02/23,202.76
04/02/23,203
05/02/23,198.59
06/02/23,202.17
07/02/23,203.94
08/02/23,204.62
09/02/23,206.01
10/02/23,206.02
11/02/23,204.95
12/02/23,200.55
13/02/23,204.99
14/02/23,203.73
15/02/23,206.02
16/02/23,206.13
17/02/23,209.67
18/02/23,207.7
19/02/23,199.14
20/02/23,205.52
21/02/23,206.59
22/02/23,207.22
23/02/23,207.48
24/02/23,207.27
25/02/23,207.1
26/02/23,199.36
27/02/23,207.84
28/02/23,206.5
01/03/23,205.24
02/03/23,208.24
03/03/23,209.02
04/03/23,208.65
05/03/23,198.01
06/03/23,207.39
07/03/23,191.17
08/03/23,183.19
09/03/23,192.74
10/03/23,201.18
11/03/23,199.02
12/03/23,194.92
13/03/23,206.81
14/03/23,207.2
15/03/23,205.61
16/03/23,199.64
17/03/23,186.78
18/03/23,181.72
19/03/23,163
20/03/23,174.63
21/03/23,178.96
22/03/23,183.66
23/03/23,188.34
24/03/23,188.34
25/03/23,187.6
26/03/23,180.88
27/03/23,188.91
28/03/23,193.96
29/03/23,194.58
30/03/23,195.44
31/03/23,188.21
01/04/23,180.28
02/04/23,174.69
03/04/23,187.73
04/04/23,189.68
05/04/23,189
06/04/23,192.06
07/04/23,193.28
08/04/23,189.33
09/04/23,182.65
10/04/23,194.54
11/04/23,197.93
12/04/23,200.57
13/04/23,203.55
14/04/23,206.18
15/04/23,202.6
16/04/23,194.98
17/04/23,210.83
18/04/23,215.88
19/04/23,214.92
20/04/23,211.8
21/04/23,204.78
22/04/23,198.27
23/04/23,184.41
24/04/23,191.92
25/04/23,194.37
26/04/23,195.82
27/04/23,196.24
28/04/23,197
29/04/23,188.8
30/04/23,173.34
01/05/23,159.72
02/05/23,173.21
03/05/23,172.05
04/05/23,178.92
05/05/23,184.36
06/05/23,185.6
07/05/23,180.38
08/05/23,191.66
09/05/23,196.28
10/05/23,198.39
11/05/23,202.89
12/05/23,207.19
13/05/23,208.18
14/05/23,199.38
15/05/23,212.42
16/05/23,215.11
17/05/23,221.08
18/05/23,213.89
19/05/23,218.03
20/05/23,217.16
21/05/23,207.94
22/05/23,220.97
23/05/23,221.35
24/05/23,210.95
25/05/23,204.59
26/05/23,196.39
27/05/23,194.8
28/05/23,190.9
29/05/23,201.43
30/05/23,196.23
31/05/23,201.71
01/06/23,199.48
02/06/23,206.38
03/06/23,211.61
04/06/23,199.06
05/06/23,213.98
06/06/23,217.26
07/06/23,217.84
08/06/23,222.92
09/06/23,223.24
10/06/23,219.3
11/06/23,206.67
12/06/23,218.67
13/06/23,215.35
14/06/23,214.58
15/06/23,210.9
16/06/23,211.96
17/06/23,211.78
18/06/23,204.57
19/06/23,213.66
20/06/23,214.64
21/06/23,217.68
22/06/23,215.23
23/06/23,215.94
24/06/23,209.62
25/06/23,198.68
26/06/23,193.29
27/06/23,194.24
28/06/23,194.22
29/06/23,190.46
30/06/23,193.13
01/07/23,196.14
02/07/23,194.77
03/07/23,207.98
04/07/23,206.3
05/07/23,198.09
06/07/23,193.04
07/07/23,193.7
08/07/23,185.37
09/07/23,179.62
10/07/23,191.86
11/07/23,193.44
12/07/23,200.36
13/07/23,203.21
14/07/23,205.71
15/07/23,203.1
16/07/23,195.67
17/07/23,204.72
18/07/23,202.94
19/07/23,201.84
20/07/23,205.28
21/07/23,208.83
22/07/23,198.79
23/07/23,196.63
24/07/23,206
25/07/23,202.01
26/07/23,200.4
27/07/23,202.09
28/07/23,197.67
29/07/23,192.76
30/07/23,195.13
31/07/23,206.36
01/08/23,206.58
02/08/23,202.25
03/08/23,205.39
04/08/23,206.27
05/08/23,207.39
06/08/23,198.67
07/08/23,209.86
08/08/23,215.46
09/08/23,220.96
10/08/23,224.84
11/08/23,228.96
12/08/23,225.64
13/08/23,219.38
14/08/23,227.65
15/08/23,214.42
16/08/23,233.03
17/08/23,234.06
18/08/23,231.61
19/08/23,220.72
20/08/23,214.77
21/08/23,226.24
22/08/23,230.04
23/08/23,216.52
24/08/23,219
25/08/23,223.94
26/08/23,224.11
27/08/23,217.93
28/08/23,229.19
29/08/23,233.77
30/08/23,233.29
31/08/23,236.6
01/09/23,239.98
02/09/23,238.62
03/09/23,223.12
04/09/23,226.23
05/09/23,222.7
06/09/23,219.27
07/09/23,213.34
08/09/23,209.28
09/09/23,205.02
10/09/23,196.4
11/09/23,210.65
12/09/23,212.72
13/09/23,219.07
14/09/23,221.33
15/09/23,210.79
16/09/23,207.99
17/09/23,188.17
18/09/23,195.71
19/09/23,198.94
20/09/23,206.44
21/09/23,207.06
22/09/23,202.02
23/09/23,198.94
24/09/23,187.21
25/09/23,200.91
26/09/23,206.72
27/09/23,204.9
28/09/23,205.48
29/09/23,206.54
30/09/23,201.55
01/10/23,191.32
02/10/23,190.97
03/10/23,201.34
04/10/23,203.44
05/10/23,207.18
06/10/23,211.25
07/10/23,211.53
08/10/23,210.08
09/10/23,219.78
10/10/23,221.63
11/10/23,220.98
12/10/23,218.92
13/10/23,220.36
14/10/23,215.86
15/10/23,200.98
16/10/23,206.83
17/10/23,200.89
18/10/23,203.36
19/10/23,206.74
20/10/23,209.03
21/10/23,204.72
22/10/23,197.04
23/10/23,199.62
24/10/23,192.54
25/10/23,204.24
26/10/23,206.93
27/10/23,207.41
28/10/23,206.6
29/10/23,197.16
30/10/23,204.4
31/10/23,203.83
01/11/23,203.84
02/11/23,203.07
03/11/23,204.61
04/11/23,201.95
05/11/23,192.94
06/11/23,198.57
07/11/23,196.62
08/11/23,197
09/11/23,194.1
10/11/23,194.38
11/11/23,184.83
12/11/23,168.99
13/11/23,164.06
14/11/23,173
15/11/23,179.3
16/11/23,186.13
17/11/23,193.83
18/11/23,195.83
19/11/23,190.05
20/11/23,197.07
21/11/23,197.85
22/11/23,196.99
23/11/23,196.28
24/11/23,198.15
25/11/23,194.86
26/11/23,184.2
27/11/23,177.64
28/11/23,180.01
29/11/23,181.44
30/11/23,177.58
01/12/23,181.22
02/12/23,180.65
03/12/23,174.17
04/12/23,175.51
05/12/23,176.48
06/12/23,182.12
07/12/23,181.95
08/12/23,187.68
09/12/23,185.53
10/12/23,181.87
11/12/23,192.31
12/12/23,195.65
13/12/23,198.52
14/12/23,200.56
15/12/23,202.7
16/12/23,199.28
17/12/23,194.91
18/12/23,203.06
19/12/23,204.24
20/12/23,207.43
21/12/23,206.14
22/12/23,209.76
23/12/23,206.82
24/12/23,201.25
25/12/23,206.42
26/12/23,210.02
27/12/23,212.1
28/12/23,211.42
29/12/23,213.62
30/12/23,209.38
31/12/23,205.25
01/01/24,207.95
02/01/24,209.52
03/01/24,210.79
04/01/24,208.04
05/01/24,210.78
06/01/24,211.22
07/01/24,203.05
08/01/24,204.83
09/01/24,207.04
10/01/24,212.12
11/01/24,215.23
12/01/24,219.8
13/01/24,217.65
14/01/24,207.22
15/01/24,212.77
16/01/24,215.18
17/01/24,214.41
18/01/24,214.83
19/01/24,219.64
20/01/24,218.07
21/01/24,213.21
22/01/24,221.33
23/01/24,217.11
24/01/24,217.13
25/01/24,222.33
26/01/24,215.13
27/01/24,219.55
28/01/24,215.89
29/01/24,222.28
30/01/24,219.09
31/01/24,220.09
01/02/24,211.79
02/02/24,218.6
03/02/24,214.11
04/02/24,206.34
05/02/24,214.11
06/02/24,215.68
07/02/24,216.41
08/02/24,217.27
09/02/24,220.14
10/02/24,216.99
11/02/24,210.29
12/02/24,217.02
13/02/24,218.07
14/02/24,220.55
15/02/24,219.5
16/02/24,221.99
17/02/24,218.66
18/02/24,211.37
19/02/24,213.78
20/02/24,216.81
21/02/24,215.97
22/02/24,217.39
23/02/24,222
24/02/24,219.48
25/02/24,214.55
26/02/24,219.48
27/02/24,219.27
28/02/24,218.55
29/02/24,218.04
01/03/24,219.08
02/03/24,203.13
03/03/24,193.3
04/03/24,206.56
05/03/24,211.53
06/03/24,213.02
07/03/24,214.95
08/03/24,219.02
09/03/24,212.23
10/03/24,206.22
11/03/24,218
12/03/24,218.9
13/03/24,220.56
14/03/24,217.55
15/03/24,221.7
16/03/24,217.35
17/03/24,205.07
18/03/24,218.27
19/03/24,215.8
20/03/24,212.15
21/03/24,208.36
22/03/24,214.31
23/03/24,211.75
24/03/24,199.72
25/03/24,182.6
26/03/24,202.75
27/03/24,211.2
28/03/24,215.34
29/03/24,219.73
30/03/24,213.49
31/03/24,201.53
01/04/24,207.27
02/04/24,209.5
03/04/24,212.9
04/04/24,216.47
05/04/24,218.37
06/04/24,215.88
07/04/24,204.31
08/04/24,209.7
09/04/24,208.15
10/04/24,209.65
11/04/24,204.82
12/04/24,206.12
13/04/24,201.61
14/04/24,195.64
15/04/24,210.34
16/04/24,214.96
17/04/24,212.36
18/04/24,214.07
19/04/24,214.65
20/04/24,212.5
21/04/24,209.89
22/04/24,213.85
23/04/24,211.88
24/04/24,218.11
25/04/24,222.01
26/04/24,217.03
27/04/24,222.97
28/04/24,214.12
29/04/24,223.11
30/04/24,224.18
01/05/24,219.38
02/05/24,222.03
03/05/24,223.85
04/05/24,229.78
05/05/24,218.09
06/05/24,233.01
07/05/24,224.74
08/05/24,223.82
09/05/24,219.39
10/05/24,223.52
11/05/24,216.34
12/05/24,206.85
13/05/24,216.99
14/05/24,220.33
15/05/24,226.15
16/05/24,226.37
17/05/24,225.93
18/05/24,229.58
19/05/24,218.5
20/05/24,228.72
21/05/24,233.81
22/05/24,235.06
23/05/24,236.6
24/05/24,239.96
25/05/24,233.98
26/05/24,222.11
27/05/24,232.62
28/05/24,237.95
29/05/24,246.07
30/05/24,250.07
31/05/24,249.16
01/06/24,245.42
02/06/24,225.9
03/06/24,236.38
04/06/24,240.89
05/06/24,238.59
06/06/24,230.07
07/06/24,231.95
08/06/24,224.76
09/06/24,217.24
10/06/24,228.62
11/06/24,231.02
12/06/24,233.39
13/06/24,234.86
14/06/24,233.62
15/06/24,238.96
16/06/24,231.16
17/06/24,240.14
18/06/24,239.33
19/06/24,239.06
20/06/24,229.78
21/06/24,227.66
22/06/24,226.64
23/06/24,216.26
24/06/24,227
25/06/24,230.6
26/06/24,224.16
27/06/24,216.12
28/06/24,215.59
29/06/24,212.17
30/06/24,205.94
01/07/24,208.85
02/07/24,209.92
03/07/24,206.1
04/07/24,207.18
05/07/24,208.63
06/07/24,198.67
07/07/24,197.97
08/07/24,210.5
09/07/24,214.98
10/07/24,217.15
11/07/24,221.08
12/07/24,214.28
13/07/24,213.33
14/07/24,209.02
15/07/24,214.56
16/07/24,217.38
17/07/24,219.59
18/07/24,218.16
19/07/24,215.8
20/07/24,214.75
21/07/24,207.82
22/07/24,217.92
23/07/24,215.22
24/07/24,212.15
25/07/24,212.53
26/07/24,212.84
27/07/24,211.52
28/07/24,207.54
29/07/24,223.08
30/07/24,226.63
31/07/24,225.36
01/08/24,205.43
02/08/24,200.01
03/08/24,200.23
04/08/24,195.68
05/08/24,208.74
06/08/24,206.52
07/08/24,206.15
08/08/24,208.74
09/08/24,207.4
10/08/24,206.43
11/08/24,195.24
12/08/24,206.25
13/08/24,208.3
14/08/24,215.36
15/08/24,201.36
16/08/24,216.69
17/08/24,214.69
18/08/24,205.48
19/08/24,207.67
20/08/24,208.95
21/08/24,212.02
22/08/24,214.45
23/08/24,211.41
24/08/24,205.46
25/08/24,194.42
26/08/24,202.18
27/08/24,200.09
28/08/24,207.08
29/08/24,202.73
30/08/24,208.97
31/08/24,207
01/09/24,195.9
02/09/24,206.36
03/09/24,206.76
04/09/24,205.85
05/09/24,209.15
06/09/24,209.26
07/09/24,201.23
08/09/24,198.49
09/09/24,210.94
10/09/24,211.21
11/09/24,207.17
12/09/24,205.19
13/09/24,204.09
14/09/24,205.16
15/09/24,196.19
16/09/24,209.17
17/09/24,207.62
18/09/24,213.93
19/09/24,217.27
20/09/24,227.05
21/09/24,224.59
22/09/24,216.24
23/09/24,230.61
24/09/24,226.86
25/09/24,218.87
26/09/24,208.88
27/09/24,205.51
28/09/24,203.59
29/09/24,200.24
30/09/24,214.23
01/10/24,217.59
02/10/24,207.59
03/10/24,219.22
04/10/24,218.95
05/10/24,215.15
06/10/24,204.67
07/10/24,215.44
08/10/24,216.34
09/10/24,217.07
10/10/24,212.1
11/10/24,203.06
12/10/24,186.98
13/10/24,190.08
14/10/24,205.26
15/10/24,205.07
16/10/24,203.93
17/10/24,207.77
18/10/24,208.27
19/10/24,204.92
20/10/24,194.82
21/10/24,207.13
22/10/24,208.18
23/10/24,207.9
24/10/24,204.6
25/10/24,202.65
26/10/24,203.85
27/10/24,194.67
28/10/24,206.5
29/10/24,208.56
30/10/24,205.7
31/10/24,182.87
01/11/24,171.52
02/11/24,173.37
03/11/24,171.95
04/11/24,189.94
05/11/24,194.14
06/11/24,198.37
07/11/24,199.12
08/11/24,199.92
09/11/24,198.43
10/11/24,191.38
11/11/24,201.92
12/11/24,201.98
13/11/24,199.26
14/11/24,199.35
15/11/24,200.17
16/11/24,194.38
17/11/24,185.8
18/11/24,195.58
19/11/24,197.35
20/11/24,196.81
21/11/24,199.42
22/11/24,203.81
23/11/24,203.77
24/11/24,196.51
25/11/24,203.85
26/11/24,203.89
27/11/24,202.36
28/11/24,203.1
29/11/24,207.43
30/11/24,205.3
01/12/24,194.28
02/12/24,202.96
03/12/24,202.18
04/12/24,204.29
05/12/24,205.86
06/12/24,208.02
07/12/24,205.21
08/12/24,200.03
09/12/24,206.18
10/12/24,210.58
11/12/24,211.19
12/12/24,211.75
13/12/24,213.94
14/12/24,210.5
15/12/24,205.08
16/12/24,212.81
17/12/24,217.26
18/12/24,217.75
19/12/24,219.72
20/12/24,224.17
21/12/24,218.79
22/12/24,211.81
23/12/24,216.17
24/12/24,218.81
25/12/24,220.23
26/12/24,218.59
27/12/24,210.82
28/12/24,197.74
29/12/24,199.5
30/12/24,210.78
31/12/24,214.79
01/01/25,214.65
02/01/25,215.04
03/01/25,221.65
04/01/25,219.31
05/01/25,213.66
06/01/25,223.96
07/01/25,228.07
08/01/25,227.2
09/01/25,226.97
10/01/25,230.85
11/01/25,226.01
12/01/25,214.04
13/01/25,220.65
14/01/25,215.56
15/01/25,216.78
16/01/25,220.36
17/01/25,227.25
18/01/25,225.12
19/01/25,218.37
20/01/25,222.18
21/01/25,226.04
22/01/25,228.09
23/01/25,227.35
24/01/25,231.22
25/01/25,229.69
26/01/25,217.83
27/01/25,230.45
28/01/25,234.95
29/01/25,237.31
30/01/25,234.53
31/01/25,236.82
01/02/25,232.31
02/02/25,224.44
03/02/25,231.37
04/02/25,232.08
05/02/25,233.36
06/02/25,234.14
07/02/25,238.14
08/02/25,234.12
09/02/25,228.29
10/02/25,235
11/02/25,234.86
12/02/25,236.79
13/02/25,234.7
14/02/25,234.58
15/02/25,233.86
16/02/25,225.22
17/02/25,234.28
18/02/25,236.17
19/02/25,236.8
20/02/25,227.68
21/02/25,232.39
22/02/25,229.83
23/02/25,218.01
24/02/25,229.87
25/02/25,231.41
26/02/25,233.74
27/02/25,227.52
28/02/25,231.76
01/03/25,223.49
02/03/25,212.88
03/03/25,226.8
04/03/25,229.57
05/03/25,221.97
06/03/25,226.23
07/03/25,233.01
08/03/25,229.96
09/03/25,223.31
10/03/25,233.62
11/03/25,235.22
12/03/25,233.41
13/03/25,230.51
14/03/25,199.14
15/03/25,210
16/03/25,209.16
17/03/25,222.99
18/03/25,223.11
19/03/25,226.69
20/03/25,225.88
21/03/25,226.15
22/03/25,218.03
23/03/25,204.56
24/03/25,220.44
25/03/25,221.85
26/03/25,223.73
27/03/25,224.23
28/03/25,221.06
29/03/25,215.87
30/03/25,209.54
31/03/25,215.42
01/04/25,216.69
02/04/25,213.9
03/04/25,213.74
04/04/25,210.24
05/04/25,210.82
06/04/25,199.42
07/04/25,216.33
08/04/25,221.56
09/04/25,223.55
10/04/25,212.31
11/04/25,207.28
12/04/25,207.23
13/04/25,198.03
14/04/25,207.5
15/04/25,215.14
16/04/25,219.88
17/04/25,220.74
18/04/25,213.87
19/04/25,220.28
20/04/25,215.76
21/04/25,227.12
22/04/25,227.77
23/04/25,226.96
24/04/25,233.32
25/04/25,235.19
26/04/25,232.47
27/04/25,218.77
28/04/25,226
29/04/25,222.99
30/04/25,223.87
01/05/25,215.1
02/05/25,213.64
03/05/25,214.71
04/05/25,202.75
05/05/25,208.33
06/05/25,202.39
07/05/25,202.21
08/05/25,208.59
09/05/25,212.52
10/05/25,216.41
11/05/25,212.45
12/05/25,223.58
13/05/25,226.13
14/05/25,230.01
15/05/25,230.99
16/05/25,228.76
17/05/25,223.51
18/05/25,215.85
19/05/25,223.89
20/05/25,226.94
21/05/25,220.8
22/05/25,215.31
23/05/25,220.36
24/05/25,215.36
25/05/25,200.72
26/05/25,212.99
27/05/25,213.44
28/05/25,213.19
29/05/25,212.47
30/05/25,212.06
31/05/25,213.92
01/06/25,207.98
02/06/25,216.6
03/06/25,211.11
04/06/25,211.62
05/06/25,217.43
06/06/25,225.25
07/06/25,232.32
08/06/25,227.16
09/06/25,240.85
10/06/25,242.35
11/06/25,241.83
12/06/25,242.49
13/06/25,241.13
14/06/25,240.94
15/06/25,226.2
16/06/25,221.63
17/06/25,213.52
18/06/25,220.43
19/06/25,216.51
20/06/25,219.2
21/06/25,224.05
22/06/25,217.7
23/06/25,217.82
24/06/25,220.47
25/06/25,215.73
26/06/25,218.21
27/06/25,219.56
28/06/25,217.19
29/06/25,208.89
30/06/25,208.37
01/07/25,208.92
02/07/25,212.39
03/07/25,215.37
04/07/25,218.39
05/07/25,219.32
06/07/25,209.21
07/07/25,216.44
08/07/25,220.07
09/07/25,215.84
10/07/25,214.41
11/07/25,219.45
12/07/25,218.58
13/07/25,210.98
14/07/25,213.62
15/07/25,216.48
16/07/25,215.18
17/07/25,217.68
18/07/25,217.77
19/07/25,218.31
20/07/25,212.42
21/07/25,220.59
22/07/25,218.35
23/07/25,218.08
24/07/25,219.21
25/07/25,218.3
26/07/25,212.3
27/07/25,209.71
28/07/25,219.43
29/07/25,216.4
30/07/25,218.32
31/07/25,216.46
01/08/25,218.36
02/08/25,220.51
03/08/25,209.45
04/08/25,220.81
05/08/25,222.61
06/08/25,224.67
07/08/25,229.72
08/08/25,228.3
09/08/25,210.48
10/08/25,208.98
11/08/25,224.83
12/08/25,224.92
13/08/25,221.88
14/08/25,217.57
15/08/25,201.38
16/08/25,210.68
17/08/25,204.58
18/08/25,216.1
19/08/25,219.13
20/08/25,217.54
21/08/25,218.53
22/08/25,219.06
23/08/25,213.82
24/08/25,196.7
25/08/25,211.01
26/08/25,211.72
27/08/25,205.57
28/08/25,215.45
29/08/25,215.24
30/08/25,215.97
31/08/25,199.16
01/09/25,203
02/09/25,202.49
03/09/25,205.35
04/09/25,205.63
05/09/25,210.06
06/09/25,205.69
07/09/25,198.51
08/09/25,211.23
09/09/25,216.65
10/09/25,222.91
11/09/25,222.01
12/09/25,223.77
13/09/25,223.71
14/09/25,214.08
15/09/25,225.41
16/09/25,224.53
17/09/25,218.87
18/09/25,224.43
19/09/25,224.8
20/09/25,222.14
21/09/25,212.34
22/09/25,226.11
23/09/25,226.83
24/09/25,229.16
25/09/25,228.6
26/09/25,224.16
27/09/25,222.74
28/09/25,214.31
29/09/25,226.56
30/09/25,215.61
01/10/25,205.15
02/10/25,185.92
03/10/25,208.7
04/10/25,207.99
05/10/25,195.61
06/10/25,201.57
07/10/25,204.52
08/10/25,206.13
09/10/25,207.28
10/10/25,205.92
11/10/25,206.28
12/10/25,194.45
13/10/25,209.43
14/10/25,209.11
15/10/25,209.06
16/10/25,210.71
17/10/25,209.67
18/10/25,204.44
19/10/25,191.64
20/10/25,180.14
21/10/25,176.51
22/10/25,182.22
23/10/25,190.18
24/10/25,197.09
25/10/25,198.25
26/10/25,185.96
27/10/25,189.37
28/10/25,188.91
29/10/25,191.25
30/10/25,191.29
31/10/25,191.22
01/11/25,189.17
02/11/25,181.35
03/11/25,196.75
04/11/25,195.97
05/11/25,196.31
06/11/25,196.01
07/11/25,195.37
08/11/25,193.18
09/11/25,178.79
10/11/25,192.25
11/11/25,197.38
12/11/25,196.88
13/11/25,200.2
14/11/25,199.06
15/11/25,197.02
16/11/25,187.96
17/11/25,197.06
18/11/25,198.17
19/11/25,199.71
20/11/25,203.43
21/11/25,210.09
22/11/25,204.32
23/11/25,198.36
24/11/25,205.97
25/11/25,207.62
26/11/25,210.89
27/11/25,211.86
28/11/25,215.54
29/11/25,211.58
30/11/25,203.78
01/12/25,206.21
02/12/25,214.3
03/12/25,215.3
04/12/25,214.1
05/12/25,217.92
06/12/25,213.93
07/12/25,207
08/12/25,216.11
09/12/25,220.4
10/12/25,222.47
11/12/25,221.09
12/12/25,224.75
13/12/25,221.58
14/12/25,214.18
15/12/25,220.26
16/12/25,224.34
17/12/25,226.99
18/12/25,227.08
19/12/25,230.41
20/12/25,229.25
21/12/25,226.53
22/12/25,230.41
23/12/25,231.31
24/12/25,236.09
25/12/25,236.04
26/12/25,239.06
27/12/25,232.61
28/12/25,226.17
29/12/25,236.6
30/12/25,239.69
31/12/25,241.2
01/01/26,232.79
02/01/26,236.3
03/01/26,235.49
04/01/26,227.44
05/01/26,236.72
06/01/26,239.2
07/01/26,238.32
08/01/26,238.82
09/01/26,245.42
10/01/26,239.44
11/01/26,231.73
12/01/26,240.68
13/01/26,243.31
14/01/26,237.88
15/01/26,233.28
16/01/26,238.62
17/01/26,236.23
18/01/26,231.84
19/01/26,239.12
20/01/26,241.06
21/01/26,241.09
22/01/26,241.52
23/01/26,228.47
24/01/26,232.82
25/01/26,230.73
26/01/26,220.64
27/01/26,232.71
28/01/26,230.02
29/01/26,235.7
30/01/26,240.56
31/01/26,239
01/02/26,228.3
02/02/26,233
03/02/26,235.5
04/02/26,235
05/02/26,236
06/02/26,240
07/02/26,236
08/02/26,226.8
09/02/26,239
10/02/26,240.8
11/02/26,239.8
12/02/26,238.8
13/02/26,244.2
14/02/26,238.91
15/02/26,237.72
16/02/26,238.58
17/02/26,243.15
18/02/26,240
19/02/26,235.72
20/02/26,238.9
21/02/26,236
22/02/26,227.1
23/02/26,239.9
24/02/26,233
25/02/26,235.6
26/02/26,233.5
27/02/26,240.5
28/02/26,234.3
01/03/26,223.3
02/03/26,234.3
03/03/26,226
04/03/26,210
05/03/26,222.19
06/03/26,234
07/03/26,238.3
08/03/26,223.4
09/03/26,236.44
10/03/26,235.01
11/03/26,236.56
12/03/26,236.77
13/03/26,237.36
14/03/26,230.53
15/03/26,216.33
16/03/26,224.64
17/03/26,221.41
17/03/26,221.41
17/03/26,221.41
01/04/25,216.69
02/04/25,213.9
03/04/25,213.74
04/04/25,210.24
05/04/25,210.82
06/04/25,199.42
07/04/25,216.33
08/04/25,221.56
09/04/25,223.55
10/04/25,212.31
11/04/25,207.28
12/04/25,207.23
13/04/25,198.03
14/04/25,207.5
15/04/25,215.14
16/04/25,219.88
17/04/25,220.74
18/04/25,213.87
19/04/25,220.28
20/04/25,215.76
21/04/25,227.12
22/04/25,227.76
23/04/25,226.96
24/04/25,233.32
25/04/25,235.19
26/04/25,232.47
27/04/25,218.77
28/04/25,226.0
29/04/25,222.99
30/04/25,223.87
01/05/25,215.1
02/05/25,213.64
03/05/25,214.71
04/05/25,202.75
05/05/25,208.33
06/05/25,202.39
07/05/25,202.21
08/05/25,208.59
09/05/25,212.52
10/05/25,216.41
11/05/25,212.45
12/05/25,223.58
13/05/25,226.13
14/05/25,230.01
15/05/25,230.99
16/05/25,228.76
17/05/25,223.51
18/05/25,215.85
19/05/25,223.89
20/05/25,226.94
21/05/25,220.79
22/05/25,215.31
23/05/25,220.36
24/05/25,215.36
25/05/25,200.72
26/05/25,212.99
27/05/25,213.44
28/05/25,213.19
29/05/25,212.47
30/05/25,212.06
31/05/25,213.92
01/06/25,207.97
02/06/25,216.6
03/06/25,211.11
04/06/25,211.62
05/06/25,217.43
06/06/25,225.25
07/06/25,232.32
08/06/25,227.16
09/06/25,240.85
10/06/25,242.34
11/06/25,241.83
12/06/25,242.49
13/06/25,241.13
14/06/25,240.94
15/06/25,226.2
16/06/25,221.62
17/06/25,213.52
18/06/25,220.43
19/06/25,216.51
20/06/25,219.2
21/06/25,224.05
22/06/25,217.7
23/06/25,217.82
24/06/25,220.47
25/06/25,215.73
26/06/25,218.21
27/06/25,219.56
28/06/25,217.19
29/06/25,208.89
30/06/25,208.37
01/07/25,208.92
02/07/25,212.39
03/07/25,215.37
04/07/25,218.39
05/07/25,219.32
06/07/25,209.21
07/07/25,216.44
08/07/25,220.07
09/07/25,215.84
10/07/25,214.41
11/07/25,219.45
12/07/25,218.58
13/07/25,210.98
14/07/25,213.62
15/07/25,216.48
16/07/25,215.18
17/07/25,217.68
18/07/25,217.77
19/07/25,218.31
20/07/25,212.42
21/07/25,220.59
22/07/25,218.35
23/07/25,218.08
24/07/25,219.21
25/07/25,218.3
26/07/25,212.3
27/07/25,209.71
28/07/25,219.43
29/07/25,216.4
30/07/25,218.32
31/07/25,216.46
01/08/25,218.36
02/08/25,220.51
03/08/25,209.45
04/08/25,220.81
05/08/25,222.61
06/08/25,224.67
07/08/25,229.72
08/08/25,228.3
09/08/25,210.48
10/08/25,208.98
11/08/25,224.83
12/08/25,224.92
13/08/25,221.88
14/08/25,217.57
15/08/25,201.38
16/08/25,210.68
17/08/25,204.58
18/08/25,216.1
19/08/25,219.13
20/08/25,217.54
21/08/25,218.53
22/08/25,219.06
23/08/25,213.82
24/08/25,196.7
25/08/25,211.01
26/08/25,211.72
27/08/25,205.57
28/08/25,215.45
29/08/25,215.24
30/08/25,215.97
31/08/25,199.16
01/09/25,203.0
02/09/25,202.49
03/09/25,205.35
04/09/25,205.63
05/09/25,210.06
06/09/25,205.69
07/09/25,198.51
08/09/25,211.23
09/09/25,216.65
10/09/25,222.91
11/09/25,222.01
12/09/25,223.76
13/09/25,223.71
14/09/25,214.08
15/09/25,225.41
16/09/25,224.53
17/09/25,218.87
18/09/25,224.43
19/09/25,224.8
20/09/25,222.14
21/09/25,212.34
22/09/25,226.11
23/09/25,226.82
24/09/25,229.16
25/09/25,228.6
26/09/25,224.16
27/09/25,222.74
28/09/25,214.31
29/09/25,226.56
30/09/25,215.61
01/10/25,205.15
02/10/25,185.92
03/10/25,208.7
04/10/25,207.99
05/10/25,195.61
06/10/25,201.57
07/10/25,204.52
08/10/25,206.13
09/10/25,207.28
10/10/25,205.92
11/10/25,206.28
12/10/25,194.45
13/10/25,209.43
14/10/25,209.11
15/10/25,209.06
16/10/25,210.71
17/10/25,209.67
18/10/25,204.44
19/10/25,191.64
20/10/25,180.14
21/10/25,176.51
22/10/25,182.22
23/10/25,190.18
24/10/25,197.09
25/10/25,198.25
26/10/25,185.96
27/10/25,189.37
28/10/25,188.91
29/10/25,191.25
30/10/25,191.29
31/10/25,191.22
01/11/25,189.17
02/11/25,181.35
03/11/25,196.75
04/11/25,195.97
05/11/25,196.31
06/11/25,196.01
07/11/25,195.37
08/11/25,193.18
09/11/25,178.79
11/11/25,197.38
12/11/25,196.88
13/11/25,200.19
14/11/25,199.06
15/11/25,197.02
16/11/25,187.96
17/11/25,197.06
18/11/25,198.17
19/11/25,199.71
20/11/25,203.43
21/11/25,210.09
22/11/25,204.32
23/11/25,198.36
24/11/25,205.97
25/11/25,207.62
26/11/25,210.88
27/11/25,211.86
28/11/25,215.54
29/11/25,211.57
30/11/25,203.78
01/12/25,206.21
02/12/25,214.29
03/12/25,215.3
04/12/25,214.1
05/12/25,217.92
06/12/25,213.93
07/12/25,207.0
08/12/25,216.11
09/12/25,220.4
10/12/25,222.47
11/12/25,221.09
12/12/25,224.75
13/12/25,221.58
14/12/25,214.18
15/12/25,220.25
16/12/25,224.34
17/12/25,226.99
18/12/25,227.08
19/12/25,230.41
20/12/25,229.25
21/12/25,226.53
22/12/25,230.41
23/12/25,231.31
24/12/25,236.1
25/12/25,236.04
26/12/25,239.06
27/12/25,232.61
28/12/25,226.17
29/12/25,236.59
30/12/25,239.69
31/12/25,241.2
01/01/26,232.79
02/01/26,236.3
03/01/26,235.49
04/01/26,227.44
05/01/26,236.72
06/01/26,239.19
07/01/26,238.32
08/01/26,238.82
09/01/26,245.42
10/01/26,239.44
11/01/26,231.73
12/01/26,240.68
13/01/26,243.31
14/01/26,237.88
15/01/26,233.28
16/01/26,238.62
17/01/26,236.23
18/01/26,231.84
19/01/26,239.12
20/01/26,241.06
21/01/26,241.09
22/01/26,241.52
23/01/26,228.47
24/01/26,232.81
25/01/26,230.73
26/01/26,220.64
01/04/23,180.28
02/04/23,174.69
03/04/23,187.73
04/04/23,189.68
05/04/23,189.0
06/04/23,192.06
07/04/23,193.28
08/04/23,189.33
09/04/23,182.65
10/04/23,194.54
11/04/23,197.93
12/04/23,200.57
13/04/23,203.55
14/04/23,206.18
15/04/23,202.6
16/04/23,194.98
17/04/23,210.83
18/04/23,215.88
19/04/23,214.92
20/04/23,211.8
21/04/23,204.78
22/04/23,198.27
23/04/23,184.41
24/04/23,191.92
25/04/23,194.37
26/04/23,195.82
27/04/23,196.24
28/04/23,197.0
29/04/23,188.8
30/04/23,173.34
01/05/23,159.72
02/05/23,173.21
03/05/23,172.05
04/05/23,178.91
05/05/23,184.36
06/05/23,185.6
07/05/23,180.38
08/05/23,191.66
09/05/23,196.28
10/05/23,198.39
11/05/23,202.89
12/05/23,207.19
13/05/23,208.18
14/05/23,199.38
15/05/23,212.42
16/05/23,215.11
17/05/23,221.08
18/05/23,213.89
19/05/23,218.03
20/05/23,217.16
21/05/23,207.94
22/05/23,220.97
23/05/23,221.35
24/05/23,210.95
25/05/23,204.59
26/05/23,196.39
27/05/23,194.8
28/05/23,190.9
29/05/23,201.43
31/05/23,201.71
01/06/23,199.48
02/06/23,206.38
03/06/23,211.61
04/06/23,199.06
05/06/23,213.98
06/06/23,217.26
07/06/23,217.84
08/06/23,222.92
09/06/23,223.24
10/06/23,219.3
11/06/23,206.67
12/06/23,218.67
14/06/23,214.58
15/06/23,210.9
16/06/23,211.96
17/06/23,211.78
18/06/23,204.56
19/06/23,213.66
20/06/23,214.64
21/06/23,217.68
22/06/23,215.22
23/06/23,215.94
24/06/23,209.62
25/06/23,198.68
26/06/23,193.29
28/06/23,194.22
29/06/23,190.46
30/06/23,193.12
01/07/23,196.14
02/07/23,194.77
03/07/23,207.98
04/07/23,206.3
05/07/23,198.09
06/07/23,193.04
07/07/23,193.7
08/07/23,185.37
09/07/23,179.62
10/07/23,191.86
12/07/23,200.36
13/07/23,203.21
14/07/23,205.71
15/07/23,203.1
16/07/23,195.67
17/07/23,204.72
18/07/23,202.94
19/07/23,201.84
20/07/23,205.28
21/07/23,208.82
22/07/23,198.79
23/07/23,196.62
24/07/23,206.0
26/07/23,200.4
27/07/23,202.09
28/07/23,197.66
29/07/23,192.76
30/07/23,195.13
31/07/23,206.36
01/08/23,206.58
02/08/23,202.25
03/08/23,205.39
04/08/23,206.26
05/08/23,207.38
06/08/23,198.67
07/08/23,209.85
09/08/23,220.96
10/08/23,224.84
11/08/23,228.96
12/08/23,225.64
13/08/23,219.38
14/08/23,227.65
15/08/23,214.42
16/08/23,233.03
17/08/23,234.06
18/08/23,231.61
19/08/23,220.72
20/08/23,214.77
21/08/23,226.24
23/08/23,216.52
24/08/23,219.0
25/08/23,223.94
26/08/23,224.11
27/08/23,217.93
28/08/23,229.19
29/08/23,233.77
30/08/23,233.29
31/08/23,236.6
01/09/23,239.98
02/09/23,238.62
03/09/23,223.12
04/09/23,226.23
06/09/23,219.27
07/09/23,213.34
08/09/23,209.28
09/09/23,205.02
10/09/23,196.4
11/09/23,210.65
12/09/23,212.72
13/09/23,219.07
14/09/23,221.33
15/09/23,210.79
16/09/23,207.99
17/09/23,188.16
18/09/23,195.71
20/09/23,206.44
21/09/23,207.06
22/09/23,202.02
23/09/23,198.94
24/09/23,187.21
25/09/23,200.91
26/09/23,206.72
27/09/23,204.9
28/09/23,205.48
29/09/23,206.54
30/09/23,201.55
01/10/23,191.31
02/10/23,190.97
04/10/23,203.44
05/10/23,207.18
06/10/23,211.25
07/10/23,211.53
08/10/23,210.08
09/10/23,219.78
10/10/23,221.63
11/10/23,220.98
12/10/23,218.92
13/10/23,220.36
14/10/23,215.86
15/10/23,200.98
16/10/23,206.83
18/10/23,203.36
19/10/23,206.74
20/10/23,209.03
21/10/23,204.72
22/10/23,197.04
23/10/23,199.62
24/10/23,192.54
25/10/23,204.24
26/10/23,206.93
27/10/23,207.41
28/10/23,206.6
29/10/23,197.16
30/10/23,204.4
01/11/23,203.84
02/11/23,203.07
03/11/23,204.6
04/11/23,201.95
05/11/23,192.94
06/11/23,198.57
07/11/23,196.62
08/11/23,197.0
09/11/23,194.09
10/11/23,194.38
11/11/23,184.82
12/11/23,168.99
13/11/23,164.06
15/11/23,179.3
16/11/23,186.13
17/11/23,193.83
18/11/23,195.83
19/11/23,190.05
20/11/23,197.07
21/11/23,197.84
22/11/23,196.99
23/11/23,196.28
24/11/23,198.15
25/11/23,194.85
26/11/23,184.2
27/11/23,177.64
29/11/23,181.44
30/11/23,177.58
01/12/23,181.22
02/12/23,180.65
03/12/23,174.16
04/12/23,175.51
05/12/23,176.48
06/12/23,182.12
07/12/23,181.95
08/12/23,187.68
09/12/23,185.53
10/12/23,181.87
11/12/23,192.31
13/12/23,198.52
14/12/23,200.56
15/12/23,202.7
16/12/23,199.28
17/12/23,194.91
18/12/23,203.06
19/12/23,204.24
20/12/23,207.43
21/12/23,206.14
22/12/23,209.76
23/12/23,206.81
24/12/23,201.25
25/12/23,206.42
27/12/23,212.1
28/12/23,211.42
29/12/23,213.62
30/12/23,209.38
31/12/23,205.25
01/01/24,207.95
02/01/24,209.52
03/01/24,210.78
04/01/24,208.04
05/01/24,210.78
06/01/24,211.22
07/01/24,203.05
08/01/24,204.83
10/01/24,212.12
11/01/24,215.23
12/01/24,219.8
13/01/24,217.65
14/01/24,207.22
15/01/24,212.77
16/01/24,215.18
17/01/24,214.41
18/01/24,214.83
19/01/24,219.64
20/01/24,218.07
21/01/24,213.21
22/01/24,221.33
24/01/24,217.13
25/01/24,222.33
26/01/24,215.13
27/01/24,219.55
28/01/24,215.89
29/01/24,222.28
30/01/24,219.09
31/01/24,220.09
01/02/24,211.79
02/02/24,218.6
03/02/24,214.11
04/02/24,206.34
05/02/24,214.11
07/02/24,216.41
08/02/24,217.27
09/02/24,220.14
10/02/24,216.99
11/02/24,210.29
12/02/24,217.02
13/02/24,218.06
14/02/24,220.55
15/02/24,219.5
16/02/24,221.99
17/02/24,218.66
18/02/24,211.37
19/02/24,213.78
21/02/24,215.97
22/02/24,217.39
23/02/24,222.0
24/02/24,219.48
25/02/24,214.55
26/02/24,219.48
27/02/24,219.27
28/02/24,218.55
29/02/24,218.04
01/03/24,219.07
02/03/24,203.13
03/03/24,193.3
04/03/24,206.56
06/03/24,213.02
07/03/24,214.95
08/03/24,219.02
09/03/24,212.23
10/03/24,206.22
11/03/24,218.0
12/03/24,218.9
13/03/24,220.56
14/03/24,217.55
15/03/24,221.7
16/03/24,217.35
17/03/24,205.07
18/03/24,218.27
20/03/24,212.15
21/03/24,208.36
22/03/24,214.31
23/03/24,211.75
24/03/24,199.72
25/03/24,182.6
26/03/24,202.75
27/03/24,211.2
28/03/24,215.34
29/03/24,219.73
30/03/24,213.49
31/03/24,201.53
01/04/24,207.27
03/04/24,212.9
04/04/24,216.47
05/04/24,218.37
06/04/24,215.88
07/04/24,204.31
08/04/24,209.7
09/04/24,208.15
10/04/24,209.65
11/04/24,204.82
12/04/24,206.12
13/04/24,201.61
14/04/24,195.64
15/04/24,210.34
17/04/24,212.36
18/04/24,214.07
19/04/24,214.65
20/04/24,212.5
21/04/24,209.88
22/04/24,213.85
23/04/24,211.88
24/04/24,218.11
25/04/24,222.01
26/04/24,217.03
27/04/24,222.97
28/04/24,214.12
29/04/24,223.11
01/05/24,219.38
02/05/24,222.03
03/05/24,223.85
04/05/24,229.78
05/05/24,218.09
06/05/24,233.01
07/05/24,224.74
08/05/24,223.82
09/05/24,219.39
10/05/24,223.52
11/05/24,216.34
12/05/24,206.85
13/05/24,216.99
15/05/24,226.15
16/05/24,226.37
17/05/24,225.93
18/05/24,229.58
19/05/24,218.5
20/05/24,228.72
21/05/24,233.81
22/05/24,235.06
23/05/24,236.6
24/05/24,239.96
25/05/24,233.98
26/05/24,222.11
27/05/24,232.62
29/05/24,246.07
30/05/24,250.07
31/05/24,249.16
01/06/24,245.42
02/06/24,225.9
03/06/24,236.38
04/06/24,240.89
05/06/24,238.59
06/06/24,230.07
07/06/24,231.95
08/06/24,224.76
09/06/24,217.24
10/06/24,228.62
12/06/24,233.39
13/06/24,234.86
14/06/24,233.62
15/06/24,238.96
16/06/24,231.16
17/06/24,240.13
18/06/24,239.33
19/06/24,239.06
20/06/24,229.78
21/06/24,227.66
22/06/24,226.64
23/06/24,216.26
24/06/24,227.0
26/06/24,224.16
27/06/24,216.12
28/06/24,215.59
29/06/24,212.17
30/06/24,205.94
01/07/24,208.85
02/07/24,209.92
03/07/24,206.1
04/07/24,207.18
05/07/24,208.63
06/07/24,198.67
07/07/24,197.97
08/07/24,210.5
10/07/24,217.15
11/07/24,221.08
12/07/24,214.28
13/07/24,213.33
14/07/24,209.02
15/07/24,214.56
16/07/24,217.38
17/07/24,219.59
18/07/24,218.16
19/07/24,215.79
20/07/24,214.75
21/07/24,207.82
22/07/24,217.92
24/07/24,212.15
25/07/24,212.53
26/07/24,212.84
27/07/24,211.52
28/07/24,207.54
29/07/24,223.08
30/07/24,226.63
31/07/24,225.36
01/08/24,205.43
02/08/24,200.0
03/08/24,200.22
04/08/24,195.68
06/08/24,206.52
08/08/24,208.74
09/08/24,207.4
10/08/24,206.43
11/08/24,195.24
12/08/24,206.25
13/08/24,208.3
14/08/24,215.36
15/08/24,201.36
16/08/24,216.69
17/08/24,214.69
18/08/24,205.48
19/08/24,207.67
20/08/24,208.95
22/08/24,214.45
23/08/24,211.41
24/08/24,205.46
25/08/24,194.42
26/08/24,202.18
27/08/24,200.09
28/08/24,207.08
29/08/24,202.73
30/08/24,208.97
31/08/24,207.0
01/09/24,195.9
02/09/24,206.35
03/09/24,206.76
05/09/24,209.15
06/09/24,209.26
07/09/24,201.23
08/09/24,198.49
09/09/24,210.94
10/09/24,211.21
11/09/24,207.17
12/09/24,205.19
13/09/24,204.09
14/09/24,205.16
15/09/24,196.19
16/09/24,209.17
17/09/24,207.62
19/09/24,217.27
20/09/24,227.05
21/09/24,224.59
22/09/24,216.24
23/09/24,230.61
24/09/24,226.85
25/09/24,218.87
26/09/24,208.88
27/09/24,205.51
28/09/24,203.59
29/09/24,200.24
30/09/24,214.23
01/10/24,217.59
03/10/24,219.22
04/10/24,218.94
05/10/24,215.15
06/10/24,204.67
07/10/24,215.44
08/10/24,216.34
09/10/24,217.07
10/10/24,212.1
11/10/24,203.06
12/10/24,186.98
13/10/24,190.08
14/10/24,205.26
15/10/24,205.07
17/10/24,207.77
18/10/24,208.27
19/10/24,204.92
20/10/24,194.82
21/10/24,207.13
22/10/24,208.18
23/10/24,207.9
24/10/24,204.6
25/10/24,202.65
26/10/24,203.85
27/10/24,194.67
28/10/24,206.5
29/10/24,208.56
31/10/24,182.87
01/11/24,171.52
02/11/24,173.37
03/11/24,171.95
04/11/24,189.94
05/11/24,194.14
06/11/24,198.37
07/11/24,199.12
08/11/24,199.92
09/11/24,198.43
10/11/24,191.38
11/11/24,201.92
12/11/24,201.98
14/11/24,199.35
15/11/24,200.16
16/11/24,194.38
17/11/24,185.8
18/11/24,195.58
19/11/24,197.35
20/11/24,196.81
21/11/24,199.42
22/11/24,203.81
23/11/24,203.77
24/11/24,196.51
25/11/24,203.85
26/11/24,203.89
28/11/24,203.1
29/11/24,207.43
30/11/24,205.3
01/12/24,194.28
02/12/24,202.96
03/12/24,202.18
04/12/24,204.29
05/12/24,205.86
06/12/24,208.02
07/12/24,205.21
08/12/24,200.03
09/12/24,206.18
10/12/24,210.58
12/12/24,211.75
13/12/24,213.94
14/12/24,210.5
15/12/24,205.08
16/12/24,212.81
17/12/24,217.26
18/12/24,217.75
19/12/24,219.72
20/12/24,224.17
21/12/24,218.79
22/12/24,211.81
23/12/24,216.17
24/12/24,218.81
26/12/24,218.59
27/12/24,210.82
28/12/24,197.74
29/12/24,199.5
01/01/25,214.65
02/01/25,215.04
03/01/25,221.65
04/01/25,219.31
05/01/25,213.66
06/01/25,223.96
07/01/25,228.07
08/01/25,227.2
10/01/25,230.85
11/01/25,226.01
12/01/25,214.04
13/01/25,220.65
14/01/25,215.56
15/01/25,216.78
16/01/25,220.35
17/01/25,227.25
18/01/25,225.12
19/01/25,218.37
20/01/25,222.18
21/01/25,226.04
22/01/25,228.09
24/01/25,231.22
25/01/25,229.69
26/01/25,217.83
27/01/25,230.45
28/01/25,234.95
29/01/25,237.31
30/01/25,234.53
31/01/25,236.82
01/02/25,232.31
02/02/25,224.44
03/02/25,231.37
04/02/25,232.08
05/02/25,233.36
07/02/25,238.14
08/02/25,234.12
09/02/25,228.28
10/02/25,235.0
11/02/25,234.86
12/02/25,236.79
13/02/25,234.7
14/02/25,234.58
15/02/25,233.86
16/02/25,225.22
17/02/25,234.28
18/02/25,236.17
19/02/25,236.8
21/02/25,232.39
22/02/25,229.83
23/02/25,218.01
24/02/25,229.87
25/02/25,231.41
26/02/25,233.74
27/02/25,227.52
28/02/25,231.76
01/03/25,223.49
02/03/25,212.88
03/03/25,226.8
04/03/25,229.57
05/03/25,221.97
07/03/25,233.01
08/03/25,229.96
09/03/25,223.31
10/03/25,233.62
11/03/25,235.22
12/03/25,233.41
13/03/25,230.51
14/03/25,199.14
15/03/25,210.0
16/03/25,209.16
17/03/25,222.99
18/03/25,223.11
19/03/25,226.69
21/03/25,226.15
22/03/25,218.03
23/03/25,204.56
24/03/25,220.44
25/03/25,221.85
26/03/25,223.73
27/03/25,224.23
28/03/25,221.06
29/03/25,215.87
30/03/25,209.54
31/03/25,215.42
01/04/23,180.28
02/04/23,174.69
03/04/23,187.73
04/04/23,189.68
05/04/23,189.0
06/04/23,192.06
07/04/23,193.28
08/04/23,189.33
09/04/23,182.65
10/04/23,194.54
11/04/23,197.93
12/04/23,200.57
13/04/23,203.55
14/04/23,206.18
15/04/23,202.6
16/04/23,194.98
17/04/23,210.83
18/04/23,215.88
19/04/23,214.92
20/04/23,211.8
21/04/23,204.78
22/04/23,198.27
23/04/23,184.41
24/04/23,191.92
25/04/23,194.37
26/04/23,195.82
27/04/23,196.24
28/04/23,197.0
29/04/23,188.8
30/05/23,196.23
13/06/23,215.35
27/06/23,194.24
11/07/23,193.44
25/07/23,202.01
08/08/23,215.46
22/08/23,230.04
05/09/23,222.69
19/09/23,198.94
03/10/23,201.34
17/10/23,200.89
31/10/23,203.83
14/11/23,173.0
28/11/23,180.01
12/12/23,195.65
26/12/23,210.02
09/01/24,207.04
23/01/24,217.11
06/02/24,215.68
20/02/24,216.81
05/03/24,211.53
19/03/24,215.8
02/04/24,209.5
16/04/24,214.96
30/04/24,224.18
14/05/24,220.33
28/05/24,237.95
11/06/24,231.02
25/06/24,230.6
09/07/24,214.98
23/07/24,215.22
07/08/24,206.15
21/08/24,212.02
04/09/24,205.85
18/09/24,213.93
02/10/24,207.59
16/10/24,203.93
30/10/24,205.7
13/11/24,199.26
27/11/24,202.36
11/12/24,211.19
25/12/24,220.22
09/01/25,226.97
23/01/25,227.35
06/02/25,234.14
20/02/25,227.68
06/03/25,226.23
20/03/25,225.88
18/03/26,222.53
19/03/26,208.39
20/03/26,199.61
21/03/26,200.14
22/03/26,194.12
23/03/26,210.74
24/03/26,217.04
25/03/26,218.74
26/03/26,223.0
27/03/26,224.06
28/03/26,216.52
29/03/26,206.27
30/03/26,226.32
31/03/26,216.19
01/04/26,215.83
02/04/26,219.08
03/04/26,214.79
04/04/26,215.01
05/04/26,200.63
06/04/26,214.74
07/04/26,209.5
08/04/26,211.98
09/04/26,215.92
10/04/26,218.7
