date,rtm_price,Solar_Avg,NonSolar_Avg
01/04/22,5.76,4.3341,6.7828
02/04/22,5.23,3.7035,6.314
03/04/22,5.97,3.2556,7.9129
04/04/22,5.25,3.5586,6.4531
05/04/22,7.46,5.5205,8.8503
06/04/22,10.82,9.1611,12.0
07/04/22,10.06,7.3883,11.9699
08/04/22,9.34,5.7718,11.8929
09/04/22,9.86,6.8751,12.0
10/04/22,7.37,3.6602,10.0202
11/04/22,9.32,6.894,11.0482
12/04/22,10.53,8.4622,12.0
13/04/22,10.68,8.8395,12.0
14/04/22,8.72,7.0983,9.885
15/04/22,5.94,4.3612,7.0747
16/04/22,9.38,5.8713,11.8933
17/04/22,7.29,4.1055,9.5724
18/04/22,9.81,7.1033,11.7411
19/04/22,11.19,10.0601,12.0
20/04/22,11.47,11.0273,11.7857
21/04/22,11.85,11.6407,12.0
22/04/22,12,12.0,12.0
23/04/22,12,12.0,12.0
24/04/22,8.77,4.7516,11.6485
25/04/22,11.16,10.5771,11.5714
26/04/22,11.38,10.517,12.0
27/04/22,12,12.0,12.0
28/04/22,12,12.0,12.0
29/04/22,12,12.0,12.0
30/04/22,11.67,11.2141,12.0
01/05/22,6.33,3.414,8.4067
02/05/22,7.38,6.0993,8.2991
03/05/22,8.92,5.3335,11.4851
04/05/22,8.88,6.2201,10.7718
05/05/22,8.9,7.1411,10.1644
06/05/22,7.63,4.3544,9.9775
07/05/22,6.5,4.6222,7.8413
08/05/22,5.32,2.922,7.026
09/05/22,5.36,3.938,6.3773
10/05/22,5.76,3.6664,7.2589
11/05/22,5.3,4.4841,5.8847
12/05/22,4.18,3.0283,5.0037
13/05/22,4.27,3.3681,4.9161
14/05/22,4.02,3.1171,4.6611
15/05/22,3.51,2.5628,4.188
16/05/22,4.47,3.8922,4.88
17/05/22,4.81,4.7651,4.7546
18/05/22,8.376,6.6169,9.6325
19/05/22,8.3434,7.6862,8.8129
20/05/22,5.2907,3.7059,6.4227
21/05/22,2.8935,2.506,3.1703
22/05/22,2.79,1.932,3.4029
23/05/22,2.559,1.7433,3.1416
24/05/22,6.31,3.9894,8.8081
25/05/22,7.85,5.9028,9.2456
26/05/22,6.06,3.612,7.8154
27/05/22,4.4,3.1705,5.2865
28/05/22,5.99,3.8232,7.5389
29/05/22,5.43,3.2365,6.9963
30/05/22,6.99,4.8166,8.5414
31/05/22,6.3,6.0594,6.3014
01/06/22,7.11,4.5654,8.932
02/06/22,8.33,,
03/06/22,7.81,,
04/06/22,8.7,,
05/06/22,7.91,,
06/06/22,7.44,,
07/06/22,6.6,,
08/06/22,6.9,,
09/06/22,6.03,,
10/06/22,8.45,,
11/06/22,7.32,,
12/06/22,5.86,,
13/06/22,9.6,,
14/06/22,10.4,,
15/06/22,7.52,,
16/06/22,5.9,,
17/06/22,4.91,,
18/06/22,4.13,,
19/06/22,2.96,,
20/06/22,3.13,,
21/06/22,3.49,,
22/06/22,5.71,,
23/06/22,6.78,,
24/06/22,6.06,,
25/06/22,6.2,,
26/06/22,6.46,,
27/06/22,9.08,,
28/06/22,8.83,,
29/06/22,3.97,,
30/06/22,3.23,,
01/07/22,3.68,,
02/07/22,4.24,,
03/07/22,3.64,2.5897,4.3918
04/07/22,5.6,3.8702,6.8403
05/07/22,6.65,4.0079,8.5398
06/07/22,6.63,4.0115,8.5011
07/07/22,6.78,4.302,8.5557
08/07/22,5.32,4.0805,6.2129
09/07/22,3.55,2.5871,4.2428
10/07/22,2.97,1.7829,3.8159
11/07/22,4.2,3.1442,4.9561
12/07/22,3.72,2.5666,4.5517
13/07/22,4.11,2.9501,4.9439
14/07/22,3.76,2.6055,4.5894
15/07/22,4.15,3.1133,4.8915
16/07/22,4.72,3.3598,5.6884
17/07/22,3.91,2.614,4.834
18/07/22,5.75,3.7392,7.1921
19/07/22,6.47,4.1472,8.1235
20/07/22,5.85,3.3402,7.6441
21/07/22,3.79,2.7489,4.5301
22/07/22,4.24,3.6172,4.6877
23/07/22,3.49,2.9527,3.8769
24/07/22,3.2,2.4731,3.7144
25/07/22,4.11,3.2485,4.732
26/07/22,5.54,3.7206,6.8431
27/07/22,6.19,4.5589,7.3626
28/07/22,6.24,4.4876,7.4849
29/07/22,6.69,4.6953,8.1105
30/07/22,4.32,3.3502,5.0051
31/07/22,3.09,2.0176,3.8512
01/08/22,3.84,3.3244,4.2161
02/08/22,5.93,4.1672,7.1929
03/08/22,7.02,5.2536,8.7831
04/08/22,6.34,4.9399,7.7358
05/08/22,4.73,4.2844,5.1668
06/08/22,4.58,3.1532,6.0079
07/08/22,3.27,2.0785,4.4533
08/08/22,3.7,3.03,4.3677
09/08/22,3.66,2.4385,4.8818
10/08/22,3.55,2.6287,4.4646
11/08/22,2.6,1.8977,3.3002
12/08/22,3.91,3.2834,4.5282
13/08/22,4.23,2.943,5.509
14/08/22,2.98,2.3262,3.6256
15/08/22,2.64,1.4274,3.8441
16/08/22,4.17,2.7161,5.6255
17/08/22,4.5,3.5871,5.4071
18/08/22,5.71,4.402,7.0113
19/08/22,5.19,4.1547,6.2265
20/08/22,3.94,3.4472,4.4342
21/08/22,3.24,2.632,3.8551
22/08/22,3.84,3.2345,4.4403
23/08/22,4.29,3.3209,5.2613
24/08/22,5.63,4.7436,6.5199
25/08/22,6.35,4.5805,8.1127
26/08/22,8.05,6.632,9.4672
27/08/22,7.72,5.7043,9.7365
28/08/22,5.54,3.7049,7.3735
29/08/22,7.24,6.0936,8.3874
30/08/22,7.53,5.7531,9.3081
31/08/22,8.53,6.6694,10.3957
01/09/22,8.07,6.7047,9.4295
02/09/22,7.45,5.6088,9.2835
03/09/22,6.46,4.261,8.0275
04/09/22,3.99,2.7381,4.8891
05/09/22,6.59,4.7226,7.9254
06/09/22,7.4,5.708,8.6034
07/09/22,7.17,5.2992,8.4993
08/09/22,6.26,4.4397,7.5628
09/09/22,6.4,4.2598,7.9218
10/09/22,5.26,3.2082,6.7204
11/09/22,3.11,1.2436,4.4463
12/09/22,3.1,2.3174,3.6568
13/09/22,3.69,2.9407,4.228
14/09/22,3.67,3.0021,4.1499
15/09/22,3.65,3.2427,3.9387
16/09/22,3.06,2.5393,3.4323
17/09/22,3.53,2.8517,4.0164
18/09/22,4.84,3.3468,5.9139
19/09/22,5.3,4.1057,6.1492
20/09/22,4.14,3.6679,4.4736
21/09/22,3.72,3.0659,4.1924
22/09/22,3.36,2.5572,3.9332
23/09/22,2.69,2.1481,3.0697
24/09/22,3.24,2.1439,4.0256
25/09/22,2.83,1.5455,3.7409
26/09/22,5.58,4.5586,6.3156
27/09/22,5.2,3.9383,6.1007
28/09/22,5.21,3.9522,6.1046
29/09/22,5.03,3.9091,5.8223
30/09/22,4.67,3.9094,5.2213
01/10/22,3.84,3.1253,4.3484
02/10/22,3.13,2.4204,3.6387
03/10/22,4.21,3.8239,4.4834
04/10/22,4.09,3.6895,4.374
05/10/22,3.6,3.2465,3.8542
06/10/22,3.83,3.8691,3.7979
07/10/22,3.95,3.4,4.3363
08/10/22,3.2,2.7818,3.5012
09/10/22,2.88,2.4638,3.1791
10/10/22,3.13,2.8424,3.327
11/10/22,3.09,2.4035,3.5815
12/10/22,3.55,2.9118,4.0099
13/10/22,3.72,2.7732,4.396
14/10/22,3.96,2.9645,4.6682
15/10/22,3.89,2.7373,4.7218
16/10/22,3.28,2.3518,3.9463
17/10/22,4.62,3.8332,5.1888
18/10/22,4.57,3.8637,5.0731
19/10/22,4.54,3.9529,4.9626
20/10/22,4.01,3.4171,4.4336
21/10/22,3.95,3.6793,4.1405
22/10/22,3.74,3.3795,4.0011
23/10/22,3.28,2.7785,3.639
24/10/22,2.49,1.6923,3.0625
25/10/22,2.24,1.5614,2.7197
26/10/22,3.45,3.4955,3.4258
27/10/22,4.41,4.4862,4.3529
28/10/22,5.04,4.8435,5.1818
29/10/22,5.34,5.2443,5.4044
30/10/22,4.05,3.9044,4.1487
31/10/22,4.75,4.9256,4.6222
01/11/22,4.57,4.6692,4.4908
02/11/22,4.92,5.154,4.7555
03/11/22,4.54,4.8661,4.3153
04/11/22,5.3,5.4985,5.1631
05/11/22,5.68,5.4696,5.8347
06/11/22,4.34,4.3255,4.3469
07/11/22,5.47,5.7492,5.2684
08/11/22,5.1,4.9522,5.2096
09/11/22,4.73,5.114,4.4614
10/11/22,4.2,4.4873,3.9962
11/11/22,4.25,4.5185,4.0661
12/11/22,4.15,4.2979,4.0386
13/11/22,4.18,4.2424,4.1389
14/11/22,4.54,5.0415,4.185
15/11/22,5.19,5.6452,4.8628
16/11/22,5.46,5.6518,5.3199
17/11/22,4.96,5.4726,4.5966
18/11/22,4.82,5.0682,4.6436
19/11/22,4.4,4.5728,4.2726
20/11/22,4.19,4.6816,3.836
21/11/22,4.64,5.6873,3.8947
22/11/22,4.67,5.1124,4.3492
23/11/22,4.83,5.4592,4.3875
24/11/22,5.23,5.9088,4.7427
25/11/22,4.74,5.1389,4.4514
26/11/22,4.41,4.6817,4.2164
27/11/22,4.14,4.4183,3.934
28/11/22,4.93,5.4698,4.5499
29/11/22,5.34,5.9685,4.883
30/11/22,4.81,5.5827,4.263
01/12/22,4.67,5.2206,4.2699
02/12/22,5.34,6.1083,4.7975
03/12/22,4.68,5.4497,4.1351
04/12/22,4.23,4.9533,3.7088
05/12/22,4.33,5.2236,3.6971
06/12/22,4.44,5.2095,3.8931
07/12/22,4.86,5.8823,4.1298
08/12/22,4.83,5.7622,4.1574
09/12/22,4.12,5.0822,3.427
10/12/22,3.8,4.7706,3.1033
11/12/22,3.43,4.2058,2.871
12/12/22,3.74,5.0803,2.7775
13/12/22,4.23,5.2779,3.4854
14/12/22,4.45,4.9801,4.0652
15/12/22,5.42,5.5878,5.3046
16/12/22,6.83,7.6278,6.2535
17/12/22,6.17,6.4836,5.9481
18/12/22,4.79,5.352,4.3816
19/12/22,6.07,7.2343,5.2369
20/12/22,6.12,7.2794,5.291
21/12/22,5.28,6.1317,4.6774
22/12/22,5.63,6.6162,4.9186
23/12/22,6,7.8105,4.7127
24/12/22,6.19,7.87,4.9933
25/12/22,5.59,8.2497,3.689
26/12/22,5.67,8.2072,3.8502
27/12/22,4.92,6.181,4.0276
28/12/22,6.89,8.6774,5.6108
29/12/22,6.42,8.0018,5.2897
30/12/22,5.92,7.7431,4.6156
31/12/22,5.41,6.3842,4.7161
01/01/23,4.03,4.7919,3.4899
02/01/23,5.31,6.6358,4.3639
03/01/23,5.83,7.8245,4.3973
04/01/23,5.36,6.7329,4.3786
05/01/23,6.95,9.499,5.1247
06/01/23,8.48,12.0,5.9577
07/01/23,7.7,10.1383,5.9546
08/01/23,5.59,6.6903,4.8111
09/01/23,7.81,10.174,6.1144
10/01/23,9.28,11.1657,7.9405
11/01/23,8.21,9.7181,7.1344
12/01/23,7.84,9.8248,6.419
13/01/23,8.39,10.8536,6.6364
14/01/23,5.07,5.8012,4.5508
15/01/23,3.68,3.7059,3.6564
16/01/23,4.62,5.3873,4.0642
17/01/23,5.22,6.028,4.6469
18/01/23,5.85,6.2281,5.5829
19/01/23,7.01,8.657,5.8258
20/01/23,7.85,9.7931,6.4649
21/01/23,6.39,6.9487,5.9887
22/01/23,4.55,5.0656,4.1753
23/01/23,4.05,5.1596,3.2517
24/01/23,4.5,5.1866,4.011
25/01/23,4.5,4.8392,4.2561
26/01/23,3.11,3.2474,3.0199
27/01/23,3.3,3.9271,2.8598
28/01/23,4.57,4.7307,4.4572
29/01/23,3.83,4.3234,3.4731
30/01/23,4.52,4.8018,4.3259
31/01/23,4.73,5.3293,4.3035
01/02/23,4.57,4.1785,4.8445
02/02/23,4.61,4.3107,4.8263
03/02/23,4.62,4.0677,5.0068
04/02/23,6.15,5.7301,6.4513
05/02/23,4.1,4.0893,4.1094
06/02/23,4.79,4.5448,4.9586
07/02/23,5.65,5.4047,5.8216
08/02/23,6.76,6.0928,7.2422
09/02/23,6.46,6.636,6.3299
10/02/23,6.06,6.6554,5.6266
11/02/23,7.45,7.5781,7.3599
12/02/23,4.48,3.8082,4.955
13/02/23,5.87,5.8359,5.8863
14/02/23,9.5,10.7321,8.6163
15/02/23,9.71,9.6828,9.7307
16/02/23,8.46,8.404,8.4919
17/02/23,8.23,7.7716,8.5587
18/02/23,8.34,7.6839,8.8024
19/02/23,5.42,4.6479,5.9663
20/02/23,6.18,6.4105,6.0171
21/02/23,8.83,9.0585,8.6696
22/02/23,6.99,6.4838,7.352
23/02/23,6.73,6.1566,7.1465
24/02/23,9.39,9.5003,9.3197
25/02/23,9.66,8.9346,10.1789
26/02/23,6.3,5.4873,6.8722
27/02/23,9.1,9.1743,9.0478
28/02/23,9.09,9.4549,8.8345
01/03/23,5.42,5.8873,5.0817
02/03/23,7.54,7.0524,7.8948
03/03/23,7.97,7.7202,8.1501
04/03/23,6.69,6.3259,6.9454
05/03/23,4.83,4.1913,5.2867
06/03/23,5.67,5.3878,5.8638
07/03/23,4.15,4.1358,4.1617
08/03/23,3.86,3.2705,4.2728
09/03/23,3.86,3.6861,3.9792
10/03/23,5.01,4.57,5.3199
11/03/23,5.83,4.699,6.6307
12/03/23,4.77,3.9171,5.3754
13/03/23,5.46,4.9306,5.8406
14/03/23,6.02,5.0674,6.7011
15/03/23,6.02,6.1471,5.9256
16/03/23,5.04,5.5135,4.7086
17/03/23,3.75,3.3728,4.021
18/03/23,3.63,3.8353,3.4905
19/03/23,2.65,2.1441,3.0079
20/03/23,3.15,2.4933,3.6215
21/03/23,3.26,2.8033,3.5901
22/03/23,3.69,3.2208,4.0289
23/03/23,4.16,3.5698,4.5765
24/03/23,4.64,3.6501,5.3555
25/03/23,5.56,3.9875,6.6875
26/03/23,3.82,3.0714,4.3507
27/03/23,5.08,3.5067,6.2015
28/03/23,7.5,4.5186,9.6378
29/03/23,6.72,5.3296,7.7063
30/03/23,4.43,3.8807,4.8223
31/03/23,3.41,2.8227,3.8232
01/04/23,3.07,2.597,3.4159
02/04/23,3.44,2.7014,3.9683
03/04/23,4.1,3.3772,4.6192
04/04/23,4.46,3.4605,5.1809
05/04/23,4.58,3.7478,5.1695
06/04/23,5.13,3.917,5.9933
07/04/23,5.62,4.1292,6.6812
08/04/23,5.98,4.4212,7.0859
09/04/23,4.99,3.3542,6.153
10/04/23,5.74,4.0473,6.9416
11/04/23,7.58,4.6047,9.7132
12/04/23,6.54,3.887,8.4324
13/04/23,7.13,4.5745,8.9535
14/04/23,7.25,5.2234,8.6901
15/04/23,6.86,4.8852,8.2648
16/04/23,6.53,3.2237,8.8941
17/04/23,6.47,4.199,8.097
18/04/23,7.79,5.1798,9.6518
19/04/23,6.4,4.2992,7.9044
20/04/23,5.11,3.2729,6.4182
21/04/23,3.97,3.366,4.3935
22/04/23,3.4,3.1085,3.6138
23/04/23,2.76,1.5992,3.5967
24/04/23,3.6,2.8759,4.1188
25/04/23,3.83,3.3841,4.1515
26/04/23,3.56,3.241,3.7962
27/04/23,3.6,3.5486,3.6293
28/04/23,3.5,3.1227,3.7728
29/04/23,3.41,2.7837,3.8632
30/04/23,2.8,2.0157,3.3572
01/05/23,2.25,1.4934,2.7985
02/05/23,3.1,2.3316,3.6405
03/05/23,3.67,2.6989,4.3702
04/05/23,4.06,3.0847,4.7651
05/05/23,5.04,3.7535,5.9521
06/05/23,5.4,3.6244,6.6677
07/05/23,3.96,2.5948,4.9274
08/05/23,5.14,3.5479,6.2688
09/05/23,6.62,4.5312,8.1189
10/05/23,5.58,3.4624,7.0866
11/05/23,5.87,4.0722,7.1457
12/05/23,5.48,3.8802,6.6304
13/05/23,4.96,4.0258,5.6306
14/05/23,3.63,2.5254,4.4157
15/05/23,3.32,3.1079,3.4645
16/05/23,5.57,4.8328,6.0896
17/05/23,7.45,6.3144,8.2552
18/05/23,6.29,5.6492,6.7416
19/05/23,7.73,6.2181,8.8128
20/05/23,5.44,4.2805,6.2733
21/05/23,5,3.4174,6.1346
22/05/23,5.46,4.6478,6.0349
23/05/23,6.34,5.1311,7.2103
24/05/23,3.31,2.9688,3.5492
25/05/23,2.66,2.4841,2.7876
26/05/23,2.53,1.8462,3.0179
27/05/23,4.58,2.826,5.828
28/05/23,4.6,3.1623,5.6325
29/05/23,5.26,4.4065,5.865
30/05/23,6.05,4.4719,7.1827
31/05/23,4.74,3.1987,5.8476
01/06/23,4.9,3.274,6.064
02/06/23,5.63,3.8149,6.933
03/06/23,7.02,5.9203,7.8096
04/06/23,4.31,2.7979,5.3824
05/06/23,6.28,4.7273,7.389
06/06/23,6.58,5.5035,7.3469
07/06/23,5.37,4.3728,6.0799
08/06/23,6.37,4.8981,7.4189
09/06/23,6.12,5.0232,6.9011
10/06/23,5.13,3.5664,6.2447
11/06/23,4.24,2.5045,5.4717
12/06/23,4.76,3.3,5.8046
13/06/23,5.57,3.9827,6.6955
14/06/23,4.92,3.4765,5.9455
15/06/23,6.23,3.7669,7.9957
16/06/23,6.84,4.5194,8.4903
17/06/23,6.35,4.1293,7.9431
18/06/23,4.41,2.7328,5.614
19/06/23,4.59,3.3795,5.4518
20/06/23,4.59,3.6742,5.248
21/06/23,5.2,3.7996,6.2076
22/06/23,4.87,3.0375,6.181
23/06/23,4.8,3.2895,5.876
24/06/23,3.82,2.8394,4.5224
25/06/23,2.41,1.3229,3.1804
26/06/23,2.76,2.2308,3.1377
27/06/23,3.26,2.6348,3.7004
28/06/23,3.2,2.6279,3.6076
29/06/23,3.08,2.0821,3.7942
30/06/23,3.06,2.2544,3.6387
01/07/23,4.61,3.1401,5.6644
02/07/23,4.57,2.9507,5.7209
03/07/23,6.33,4.8676,7.3663
04/07/23,6.12,3.9666,7.6587
05/07/23,4.21,2.5256,5.4062
06/07/23,3.48,2.7481,3.9967
07/07/23,3.69,3.4093,3.8973
08/07/23,3.14,2.1984,3.8202
09/07/23,3.68,2.2928,4.6774
10/07/23,5.59,4.2724,6.5294
11/07/23,5.62,3.9851,6.7873
12/07/23,5.65,4.0688,6.7825
13/07/23,6.57,4.6641,7.9358
14/07/23,5.33,3.6089,6.5597
15/07/23,5.35,3.3016,6.8212
16/07/23,3.83,2.6794,4.6502
17/07/23,5.23,3.7567,6.2779
18/07/23,3.91,3.0534,4.5244
19/07/23,5.27,4.0424,6.1434
20/07/23,5.93,4.3385,7.0633
21/07/23,5.57,4.1166,6.6054
22/07/23,4.39,2.9592,5.4202
23/07/23,3.46,2.2211,4.3465
24/07/23,5.01,3.5863,6.0259
25/07/23,5.04,3.3813,6.2321
26/07/23,3.99,3.071,4.6447
27/07/23,3.1,2.3706,3.6293
28/07/23,2.96,2.2115,3.491
29/07/23,2.71,1.732,3.4132
30/07/23,3.32,1.7891,4.4138
31/07/23,4.47,3.2816,5.3238
01/08/23,3.37,2.613,3.9098
02/08/23,3.17,2.4303,3.7037
03/08/23,3.28,2.7959,3.6233
04/08/23,3.96,3.1424,4.55
05/08/23,4.13,3.1389,4.8342
06/08/23,3.43,2.3002,4.2355
07/08/23,4.62,2.9097,5.838
08/08/23,6.09,4.4664,7.2426
09/08/23,7.4,6.207,8.2576
10/08/23,8.54,7.0647,9.591
11/08/23,8.74,7.5925,9.5651
12/08/23,6.91,4.0329,8.9655
13/08/23,5.29,3.4253,6.6237
14/08/23,6.06,4.9764,6.8426
15/08/23,7.36,4.879,9.1346
16/08/23,8.19,8.2874,8.123
17/08/23,8.39,6.1398,10.0
18/08/23,7.93,6.5915,8.8927
19/08/23,6.86,4.1909,8.7608
20/08/23,6.04,4.1763,7.3633
21/08/23,9.97,10.0,9.9431
22/08/23,9.79,9.4976,10.0
23/08/23,5.4,3.5519,6.7171
24/08/23,5.06,3.8391,5.9404
25/08/23,6,4.205,7.2801
26/08/23,6.22,4.2616,7.6228
27/08/23,5.7,3.9239,6.977
28/08/23,5.62,3.9323,6.825
29/08/23,8.25,7.58,8.7269
30/08/23,10,10.0,10.0
31/08/23,10,10.0,10.0
01/09/23,10,10.0,10.0
02/09/23,10,10.0,10.0
03/09/23,7.55,4.5709,9.6722
04/09/23,6.11,4.5865,7.1975
05/09/23,6.97,5.7235,7.8536
06/09/23,6.58,4.8788,7.8025
07/09/23,5.33,3.6946,6.5017
08/09/23,4.39,3.3183,5.1533
09/09/23,4.72,3.3863,5.6788
10/09/23,3.36,2.2443,4.1547
11/09/23,4.88,3.7052,5.7256
12/09/23,5.95,4.1872,7.2058
13/09/23,6.59,4.7857,7.8823
14/09/23,7.91,5.8094,9.4106
15/09/23,6.27,3.8658,7.9797
16/09/23,3.86,3.2873,4.2757
17/09/23,2.8,1.3762,3.8201
18/09/23,3.48,2.8122,3.9568
19/09/23,4.85,3.7616,5.6237
20/09/23,5.71,4.3689,6.6741
21/09/23,5.21,4.0646,6.0238
22/09/23,4.63,3.5239,5.4233
23/09/23,4.08,3.0523,4.8057
24/09/23,3.11,2.2099,3.7543
25/09/23,3.58,3.0821,3.9408
26/09/23,4.9,3.7101,5.751
27/09/23,6.08,4.3628,7.3
28/09/23,6.35,4.9545,7.3402
29/09/23,5.63,4.1472,6.6814
30/09/23,4.72,3.536,5.5694
01/10/23,3.62,2.9278,4.1143
02/10/23,3.41,2.9188,3.7526
03/10/23,4.57,3.821,5.1088
04/10/23,6.02,5.1695,6.6275
05/10/23,6.77,5.6842,7.5389
06/10/23,6.76,5.881,7.3931
07/10/23,8.55,7.0396,9.6236
08/10/23,8.53,6.5795,9.9286
09/10/23,10,10.0,10.0
10/10/23,10,10.0,10.0
11/10/23,10,10.0,10.0
12/10/23,9.68,9.225,10.0
13/10/23,8.68,6.9867,9.8822
14/10/23,7.72,5.8547,9.0596
15/10/23,6.21,4.4525,7.4605
16/10/23,6.12,6.2586,6.0229
17/10/23,5.39,5.1981,5.5261
18/10/23,6.23,5.5114,6.7401
19/10/23,6.32,5.9323,6.6036
20/10/23,5.88,6.2402,5.6246
21/10/23,4.54,4.5271,4.555
22/10/23,4.11,3.7636,4.3491
23/10/23,3.87,3.712,3.9802
24/10/23,3.79,3.6386,3.9003
25/10/23,4.49,4.7144,4.3237
26/10/23,4.68,4.6422,4.7141
27/10/23,4.69,4.8839,4.5598
28/10/23,4.94,5.4645,4.5629
29/10/23,3.73,3.7981,3.6752
30/10/23,4.89,5.577,4.3924
31/10/23,4.94,5.4537,4.5724
01/11/23,5.36,5.7664,5.0782
02/11/23,5.32,5.4122,5.2556
03/11/23,5.79,6.13,5.5508
04/11/23,5.34,5.4861,5.2357
05/11/23,3.87,3.7636,3.9383
06/11/23,3.97,4.1289,3.8645
07/11/23,4.53,4.7237,4.3906
08/11/23,4.77,5.117,4.5157
09/11/23,4.43,4.3741,4.4743
10/11/23,3.9,3.9674,3.8524
11/11/23,3.02,3.0496,2.9952
12/11/23,2.61,2.0708,2.9908
13/11/23,2.62,2.6822,2.5789
14/11/23,3.41,3.5039,3.3359
15/11/23,3.5,3.8084,3.2813
16/11/23,3.97,4.2534,3.7596
17/11/23,4.49,5.3707,3.8685
18/11/23,4.57,5.0913,4.1939
19/11/23,3.64,4.0287,3.3577
20/11/23,3.93,4.7407,3.3512
21/11/23,4.28,4.9316,3.8222
22/11/23,4.65,5.1212,4.3075
23/11/23,4.72,5.322,4.2845
24/11/23,4.01,4.5727,3.6126
25/11/23,3.43,3.7919,3.1762
26/11/23,3.17,3.5133,2.9283
27/11/23,2.92,3.5777,2.4584
28/11/23,2.96,3.2258,2.7662
29/11/23,3.47,3.8042,3.2296
30/11/23,3.02,3.1189,2.941
01/12/23,3.19,3.307,3.1
02/12/23,3.32,3.6003,3.1175
03/12/23,3.01,3.1109,2.9416
04/12/23,3.12,3.5634,2.8015
05/12/23,3.13,3.472,2.8889
06/12/23,3.82,4.4014,3.4098
07/12/23,3.75,4.3105,3.3563
08/12/23,4.14,4.5296,3.8655
09/12/23,4.59,4.8517,4.408
10/12/23,3.58,3.5955,3.5717
11/12/23,4.39,4.8253,4.0803
12/12/23,5.03,5.3707,4.7923
13/12/23,5.3,6.043,4.7675
14/12/23,5.26,5.6893,4.9529
15/12/23,5.36,6.7293,4.3845
16/12/23,5.1,6.0544,4.423
17/12/23,3.29,3.5326,3.1239
18/12/23,4.17,5.7973,3.0071
19/12/23,4.12,4.9283,3.5483
20/12/23,5.48,6.8094,4.5337
21/12/23,6.19,7.7062,5.1149
22/12/23,6.59,8.4082,5.292
23/12/23,6.2,8.0035,4.9032
24/12/23,4.64,5.6579,3.9204
25/12/23,5.58,6.9356,4.6083
26/12/23,5.96,7.2854,5.0153
27/12/23,5.54,6.9479,4.5371
28/12/23,5.6,6.8829,4.6846
29/12/23,6.09,7.7565,4.8913
30/12/23,6.04,8.2493,4.4631
31/12/23,4.05,4.8636,3.4703
01/01/24,4.61,6.5582,3.2235
02/01/24,5.1,6.5154,4.0805
03/01/24,6.07,8.0356,4.6641
04/01/24,6.38,8.7086,4.7174
05/01/24,6.45,8.5469,4.95
06/01/24,5.03,6.5807,3.9243
07/01/24,3.5,4.3308,2.9067
08/01/24,5.09,7.1869,3.5921
09/01/24,5.04,6.9277,3.6855
10/01/24,5.14,6.634,4.0813
11/01/24,4.88,5.6983,4.2915
12/01/24,5.52,6.4074,4.8793
13/01/24,6.51,7.6711,5.6853
14/01/24,4.66,5.1755,4.2932
15/01/24,5.8,6.8078,5.0868
16/01/24,6.02,7.05,5.2892
17/01/24,7,8.8288,5.702
18/01/24,6.76,8.5019,5.5097
19/01/24,7.11,8.8972,5.8383
20/01/24,6.82,8.3925,5.7007
21/01/24,6.18,6.9968,5.5991
22/01/24,7.04,9.0035,5.6385
23/01/24,7.11,8.2323,6.3053
24/01/24,7.43,9.0195,6.3003
25/01/24,7.19,8.5121,6.244
26/01/24,5.23,5.8635,4.7815
27/01/24,5.55,6.7721,4.6844
28/01/24,4.72,5.2988,4.3037
29/01/24,6.35,7.3045,5.6765
30/01/24,6.81,7.9392,6.0056
31/01/24,6.05,6.6453,5.6202
01/02/24,5.14,5.7403,4.7067
02/02/24,5.53,6.0997,5.1227
03/02/24,5.48,5.8499,5.2205
04/02/24,3.49,3.7721,3.2864
05/02/24,3.89,3.9895,3.8129
06/02/24,5.29,5.4509,5.1769
07/02/24,5.07,5.1318,5.028
08/02/24,5.46,5.0745,5.7336
09/02/24,6.26,6.3259,6.2213
10/02/24,5.3,5.1681,5.3955
11/02/24,3.58,3.6267,3.5403
12/02/24,5.8,7.2275,4.7762
13/02/24,5.3,5.8545,4.8981
14/02/24,4.11,4.3543,3.9355
15/02/24,3.98,4.0062,3.9561
16/02/24,3.98,3.9975,3.9637
17/02/24,4.38,4.2711,4.453
18/02/24,3.29,2.9436,3.5346
19/02/24,2.64,2.4208,2.8046
20/02/24,4.75,4.6165,4.8384
21/02/24,4.34,4.194,4.4462
22/02/24,6.2,6.6721,5.8555
23/02/24,5.89,6.5096,5.4438
24/02/24,4.95,4.9309,4.9605
25/02/24,3.62,3.8424,3.4576
26/02/24,3.37,4.2274,2.7652
27/02/24,3.02,3.4155,2.7457
28/02/24,3.42,3.8075,3.1507
29/02/24,3.75,3.6014,3.8622
01/03/24,3.58,3.7886,3.4304
02/03/24,2.26,2.1096,2.3741
03/03/24,2.25,2.0365,2.4106
04/03/24,3.02,3.0773,2.9861
05/03/24,3.03,2.8088,3.189
06/03/24,3.75,3.592,3.8643
07/03/24,4.67,4.2398,4.9724
08/03/24,4.68,4.1513,5.0545
09/03/24,4.06,3.7772,4.2679
10/03/24,3.66,3.4455,3.8176
11/03/24,4.66,4.3262,4.9002
12/03/24,4.84,3.8642,5.5372
13/03/24,5.22,4.4592,5.7716
14/03/24,5.01,4.7948,5.2264
15/03/24,5.01,4.3899,5.6212
16/03/24,4.83,4.6387,5.0141
17/03/24,3.59,3.3975,3.781
18/03/24,4.33,4.402,4.2544
19/03/24,3.74,3.5702,3.9015
20/03/24,3.03,2.8916,3.1685
21/03/24,3.27,3.0129,3.521
22/03/24,3.66,3.4397,3.8757
23/03/24,3.82,3.6613,3.9817
24/03/24,3.18,2.8011,3.5558
25/03/24,2.46,1.9678,2.9444
26/03/24,2.98,2.913,3.0393
27/03/24,4.26,3.681,4.8427
28/03/24,5.8,4.1231,7.4779
29/03/24,5.61,4.1918,7.0294
30/03/24,3.97,3.3061,4.639
31/03/24,3.76,2.8302,4.6947
01/04/24,3.36,2.5869,4.1406
02/04/24,4.43,3.1798,5.6735
03/04/24,5.62,4.1441,7.1043
04/04/24,6.63,5.061,8.2039
05/04/24,6.48,4.6045,8.3606
06/04/24,6.39,4.6262,8.1477
07/04/24,4.31,3.3291,5.2976
08/04/24,3.67,3.1051,4.2272
09/04/24,3.56,2.9803,4.1299
10/04/24,3.36,3.152,3.5689
11/04/24,3.25,2.8974,3.6071
12/04/24,3.35,3.0033,3.705
13/04/24,3.45,3.2684,3.6353
14/04/24,3.36,2.4065,4.0466
15/04/24,4.7,3.6391,5.4615
16/04/24,5.74,3.18,7.5736
17/04/24,5.35,3.29,6.8147
18/04/24,6.07,3.5268,7.8873
19/04/24,4.55,2.2584,6.1923
20/04/24,4.44,2.5971,5.752
21/04/24,4.25,2.4033,5.5685
22/04/24,4.31,2.9763,5.2709
23/04/24,4.32,3.1818,5.1365
24/04/24,4.58,3.1212,5.6293
25/04/24,5.44,3.4131,6.8948
26/04/24,6.4,3.6511,8.3719
27/04/24,6.4,3.9774,8.1277
28/04/24,6.06,3.0122,8.2322
29/04/24,6.21,3.7506,7.9745
30/04/24,6.49,4.1673,8.1513
01/05/24,3.69,2.1984,4.7632
02/05/24,5.27,3.8012,6.3212
03/05/24,6.16,4.2206,7.5437
04/05/24,6.1,4.1132,7.5237
05/05/24,5.22,3.1556,6.6998
06/05/24,4.67,3.8873,5.2282
07/05/24,3.45,3.1608,3.6569
08/05/24,3.8,3.1303,4.2756
09/05/24,3.46,2.9425,3.83
10/05/24,3.44,3.3369,3.5134
11/05/24,3.28,2.4131,3.8932
12/05/24,3.3,2.2234,4.069
13/05/24,4.08,3.1449,4.7497
14/05/24,4.9,4.0819,5.4914
15/05/24,5.71,3.9453,6.9662
16/05/24,6.02,4.4615,7.1302
17/05/24,5.79,4.4915,6.7161
18/05/24,5.58,3.6768,6.9468
19/05/24,4.05,2.5544,5.1247
20/05/24,4.28,2.8056,5.3416
21/05/24,5.03,3.1718,6.3507
22/05/24,5.61,3.4012,7.191
23/05/24,5.4,3.4968,6.7585
24/05/24,6.69,5.0915,7.8333
25/05/24,4.89,2.8043,6.3779
26/05/24,3.35,1.8824,4.3959
27/05/24,3.63,2.4657,4.4652
28/05/24,4.35,2.9246,5.3729
29/05/24,5.05,3.7092,6.0027
30/05/24,6.15,4.872,7.056
31/05/24,5.26,4.1601,6.0527
01/06/24,5.04,3.9165,5.841
02/06/24,4.63,3.3831,5.5184
03/06/24,6.07,4.5808,7.1362
04/06/24,5.92,4.3329,7.06
05/06/24,4.79,3.5804,5.6485
06/06/24,3.97,3.062,4.6126
07/06/24,4.81,3.9348,5.4408
08/06/24,4.33,2.9778,5.2954
09/06/24,4.24,2.2655,5.644
10/06/24,5.12,3.5842,6.2248
11/06/24,5.31,3.6686,6.4783
12/06/24,5.24,3.8049,6.259
13/06/24,4.4,3.1111,5.3127
14/06/24,4.37,2.6834,5.575
15/06/24,5.93,3.5752,7.6151
16/06/24,6.58,3.3864,8.8632
17/06/24,7.77,5.6876,9.2558
18/06/24,6.58,3.1711,9.0163
19/06/24,6.99,3.5313,9.4654
20/06/24,3.62,1.9745,4.8029
21/06/24,4.9,3.0002,6.2523
22/06/24,5.24,3.4605,6.516
23/06/24,4.76,2.9343,6.072
24/06/24,5.62,3.485,7.1515
25/06/24,5.75,3.7036,7.2151
26/06/24,5.83,3.3482,7.5953
27/06/24,4.13,1.6544,5.9063
28/06/24,4,2.0498,5.3879
29/06/24,3.28,2.5663,3.7908
30/06/24,2.37,1.6139,2.915
01/07/24,3.86,2.3386,4.9483
02/07/24,3.67,1.6577,5.1156
03/07/24,4.36,2.311,5.8165
04/07/24,4.14,2.213,5.5096
05/07/24,3.72,2.5194,4.586
06/07/24,2.12,1.045,2.8878
07/07/24,2.65,1.7016,3.3189
08/07/24,5.02,3.405,6.1682
09/07/24,5.83,3.8296,7.2655
10/07/24,6.94,3.8565,9.1354
11/07/24,6.54,3.5803,8.6471
12/07/24,3.63,2.2577,4.6175
13/07/24,4.35,2.5246,5.658
14/07/24,3.89,2.5073,4.8709
15/07/24,5.04,3.3201,6.2684
16/07/24,5.06,1.8853,7.3228
17/07/24,6.27,3.3937,8.4502
18/07/24,6.43,3.3144,8.662
19/07/24,5.56,2.747,7.5725
20/07/24,6.34,2.8667,8.8158
21/07/24,5.07,1.4987,7.6233
22/07/24,5.14,2.8843,6.7555
23/07/24,5.12,3.1359,6.5403
24/07/24,4.48,2.641,5.7927
25/07/24,4.81,2.9444,6.1458
26/07/24,4.63,2.9412,5.834
27/07/24,4.83,2.6022,6.4298
28/07/24,4.49,1.9775,6.2876
29/07/24,6.06,3.6273,7.8008
30/07/24,7.66,4.5189,9.9107
31/07/24,6.11,3.0998,8.2676
01/08/24,2.59,1.7913,3.1636
02/08/24,1.9,1.3325,2.3033
03/08/24,2.01,1.23,2.575
04/08/24,2.54,1.3902,3.3686
05/08/24,4.33,2.7563,5.4501
06/08/24,4.42,2.5981,5.7225
07/08/24,3.4,2.0098,4.3944
08/08/24,3.72,2.1415,4.8558
09/08/24,3.85,2.3582,4.9172
10/08/24,3.3,1.9828,4.2429
11/08/24,2.33,0.7158,3.4756
12/08/24,4.22,2.3612,5.5466
13/08/24,5.12,3.1377,6.5368
14/08/24,6.67,4.8622,7.9554
15/08/24,3.93,1.9376,5.359
16/08/24,5.15,4.0482,5.9433
17/08/24,4.59,2.7019,5.9394
18/08/24,3.37,2.1946,4.2172
19/08/24,3.06,2.1385,3.7224
20/08/24,3.77,1.9576,5.0629
21/08/24,4.91,3.1385,6.17
22/08/24,4.68,3.0601,5.8405
23/08/24,3.78,2.4724,4.7215
24/08/24,2.84,2.0612,3.3988
25/08/24,1.83,0.6754,2.6615
26/08/24,2.81,1.9122,3.4471
27/08/24,2.3,1.7276,2.7126
28/08/24,2.98,2.2352,3.52
29/08/24,2.76,1.7197,3.5003
30/08/24,3.7,2.5895,4.4985
31/08/24,4.6,2.8894,5.8184
01/09/24,2.79,1.591,3.6464
02/09/24,4.53,2.9752,5.6422
03/09/24,4.27,2.7711,5.3426
04/09/24,2.94,2.1237,3.5149
05/09/24,2.76,1.5067,3.6631
06/09/24,3.26,2.3404,3.9142
07/09/24,3.23,2.1493,3.9948
08/09/24,2.52,1.3404,3.3679
09/09/24,3.76,2.8989,4.3783
10/09/24,3.44,2.0754,4.4143
11/09/24,3.05,2.2648,3.6078
12/09/24,3.2,2.248,3.8777
13/09/24,2.81,1.9865,3.3927
14/09/24,2.8,1.8351,3.4833
15/09/24,2.49,1.4262,3.2554
16/09/24,3.37,2.8357,3.7559
17/09/24,3.66,3.0982,4.0545
18/09/24,5.11,3.8841,5.9933
19/09/24,5.46,4.1018,6.4272
20/09/24,6.32,4.4249,7.6796
21/09/24,5.45,3.8883,6.568
22/09/24,5.34,3.6799,6.52
23/09/24,6.86,5.7164,7.6817
24/09/24,6.52,4.808,7.7424
25/09/24,4.36,2.8511,5.4364
26/09/24,3.52,2.7495,4.0748
27/09/24,3.21,2.5065,3.7046
28/09/24,3.66,2.8416,4.2489
29/09/24,3.34,2.5306,3.9107
30/09/24,5.52,4.0398,6.5751
01/10/24,5.72,3.8302,7.0653
02/10/24,4.67,2.9629,5.8933
03/10/24,4.43,3.3932,5.1763
04/10/24,3.96,3.0873,4.5772
05/10/24,5.03,3.5707,6.0732
06/10/24,3,2.4922,3.3708
07/10/24,4.73,3.5355,5.5885
08/10/24,5.01,3.9662,5.7551
09/10/24,4.38,3.6125,4.9338
10/10/24,3.38,3.0374,3.6221
11/10/24,3.21,3.0238,3.3498
12/10/24,2.63,2.049,3.0474
13/10/24,2.8,2.5313,2.9875
14/10/24,3.35,3.3091,3.3797
15/10/24,3.46,3.0607,3.7479
16/10/24,3.73,2.9867,4.269
17/10/24,3.78,2.9639,4.3676
18/10/24,4.17,3.5017,4.6412
19/10/24,4.12,3.2198,4.7657
20/10/24,2.84,2.1126,3.3516
21/10/24,3.53,3.1177,3.8182
22/10/24,3.28,2.7681,3.6428
23/10/24,3.58,2.9242,4.0508
24/10/24,2.94,2.4559,3.2869
25/10/24,3,2.5532,3.3262
26/10/24,3.15,2.6935,3.4758
27/10/24,3.06,2.5567,3.428
28/10/24,4.53,4.3499,4.6528
29/10/24,4.46,4.0044,4.7928
30/10/24,4.33,3.8837,4.6428
31/10/24,2.71,2.0477,3.19
01/11/24,2.13,1.5428,2.5497
02/11/24,2.36,1.8076,2.7604
03/11/24,2.53,2.156,2.7953
04/11/24,3.12,2.9887,3.2161
05/11/24,3.14,2.9279,3.2918
06/11/24,3.71,3.7163,3.7125
07/11/24,3.43,3.2875,3.5337
08/11/24,3.63,3.5923,3.6614
09/11/24,3.75,3.7312,3.7601
10/11/24,3.11,2.634,3.4489
11/11/24,4.1,4.0907,4.1142
12/11/24,4.28,4.1495,4.3652
13/11/24,3.22,3.047,3.3404
14/11/24,3.39,3.4718,3.3324
15/11/24,3.47,3.508,3.4435
16/11/24,3.39,3.4157,3.3788
17/11/24,2.8,2.6405,2.9161
18/11/24,3.36,3.6553,3.1412
19/11/24,3.48,3.5614,3.42
20/11/24,3.39,3.4577,3.3406
21/11/24,3.61,3.7749,3.5
22/11/24,3.97,4.3671,3.6863
23/11/24,3.86,4.1971,3.6188
24/11/24,3.13,3.3429,2.9707
25/11/24,3.93,4.5496,3.4957
26/11/24,4.46,5.1999,3.9399
27/11/24,3.75,4.2273,3.4166
28/11/24,3.61,4.2419,3.1599
29/11/24,4.22,5.0212,3.6403
30/11/24,3.31,3.7796,2.9692
01/12/24,2.7,3.1621,2.3736
02/12/24,2.69,3.2865,2.2625
03/12/24,3.3,3.6028,3.0755
04/12/24,3.7,3.9428,3.5301
05/12/24,4.3,4.5453,4.1211
06/12/24,4.87,5.0306,4.7617
07/12/24,3.9,3.6823,4.0584
08/12/24,3.03,2.9837,3.0589
09/12/24,3.35,3.7886,3.0368
10/12/24,4.03,4.5697,3.6386
11/12/24,3.69,3.8541,3.5777
12/12/24,4.02,4.5561,3.6405
13/12/24,3.2,3.5058,2.9744
14/12/24,3.92,4.1666,3.7473
15/12/24,3.06,3.0591,3.068
16/12/24,4.39,5.1047,3.8832
17/12/24,4.52,5.3444,3.9284
18/12/24,4.88,5.8286,3.9267
19/12/24,5.01,6.0226,3.9994
20/12/24,4.38,5.4223,3.3357
21/12/24,4.21,5.0019,3.4154
22/12/24,3.46,4.0565,2.8607
23/12/24,4.97,6.1847,3.7644
24/12/24,4.73,6.1016,3.3668
25/12/24,3.97,5.1254,2.8154
26/12/24,4.52,6.0187,3.0254
27/12/24,3.05,3.6918,2.4132
28/12/24,2.52,2.6538,2.3794
29/12/24,3.08,3.1151,3.0539
30/12/24,4.04,4.4107,3.6764
31/12/24,3.86,3.887,3.8337
01/01/25,3.02,3.0664,2.973
02/01/25,3.73,3.6512,3.814
03/01/25,4.6,4.9073,4.2983
04/01/25,4.8,5.1773,4.4264
05/01/25,3.48,3.5723,3.3837
06/01/25,4.36,4.8036,3.9079
07/01/25,4.87,5.7581,3.9774
08/01/25,4.74,5.3465,4.1328
09/01/25,4.94,5.6141,4.2698
10/01/25,5.85,6.8767,4.8145
11/01/25,6.05,7.4072,4.699
12/01/25,4.03,4.6189,3.441
13/01/25,4.66,5.8315,3.4857
14/01/25,3.47,4.1754,2.7657
15/01/25,3.79,4.3548,3.2315
16/01/25,4.64,5.2566,4.0201
17/01/25,4.71,5.3125,4.1017
18/01/25,4.85,5.3149,4.524
19/01/25,3.47,3.7643,3.2611
20/01/25,4.62,5.1112,4.263
21/01/25,4.68,4.4995,4.8116
22/01/25,4.38,4.1166,4.5733
23/01/25,4.18,4.048,4.2816
24/01/25,4.1,4.18,4.038
25/01/25,4.13,3.7455,4.4074
26/01/25,3.29,2.9882,3.5006
27/01/25,4.07,3.835,4.2431
28/01/25,4.52,4.2424,4.7242
29/01/25,4.79,4.5514,4.957
30/01/25,5.01,5.1807,4.8892
31/01/25,5.28,5.5167,5.1081
01/02/25,4.9,4.8254,4.948
02/02/25,3.46,3.1521,3.6776
03/02/25,4.81,4.685,4.9042
04/02/25,4.77,4.3481,5.0696
05/02/25,5.14,4.9558,5.2704
06/02/25,3.91,3.5385,4.1721
07/02/25,4.09,3.9955,4.1575
08/02/25,4.49,4.0674,4.7865
09/02/25,3.68,3.2864,3.9578
10/02/25,4.81,4.85,4.781
11/02/25,5.15,5.1677,5.1304
12/02/25,4.65,4.1477,5.0052
13/02/25,4.82,4.211,5.2559
14/02/25,4.6,4.1415,4.9202
15/02/25,3.48,3.0648,3.7796
16/02/25,3.53,3.307,3.6914
17/02/25,4.61,4.2306,4.8761
18/02/25,5,4.5006,5.3651
19/02/25,5.3,5.2621,5.3264
20/02/25,4.36,3.183,5.2027
21/02/25,5.57,5.5896,5.5569
22/02/25,5.44,4.8392,5.8653
23/02/25,3.56,2.6876,4.1874
24/02/25,3.91,3.006,4.5566
25/02/25,4.32,3.7949,4.6918
26/02/25,3.85,3.359,4.2036
27/02/25,3.68,3.6398,3.7126
28/02/25,3.67,3.5446,3.7563
01/03/25,4.03,3.1825,4.6307
02/03/25,3.47,2.4347,4.2077
03/03/25,4.9,3.6798,5.7681
04/03/25,4.63,3.221,5.6438
05/03/25,4.28,2.5455,5.5188
06/03/25,4.7,3.2839,5.7051
07/03/25,4.53,3.7575,5.0774
08/03/25,4.6,3.5729,5.3333
09/03/25,4.48,3.3288,5.3054
10/03/25,4.78,3.9498,5.3754
11/03/25,5.16,4.2555,5.803
12/03/25,4.68,3.6102,5.4471
13/03/25,4.04,3.0262,4.7646
14/03/25,2.72,1.7724,3.3907
15/03/25,3.06,2.4358,3.5037
16/03/25,3.42,2.6608,3.9564
17/03/25,3.99,2.7738,4.8634
18/03/25,4.31,3.0968,5.1683
19/03/25,4.31,3.361,4.9807
20/03/25,4.55,3.3399,5.4213
21/03/25,3.76,3.1529,4.2019
22/03/25,3.23,2.5887,3.681
23/03/25,2.98,2.0783,3.6253
24/03/25,3.64,2.8079,4.2355
25/03/25,4.24,2.9193,5.1759
26/03/25,4.48,2.899,5.6133
27/03/25,5.57,3.1182,7.3136
28/03/25,5.15,2.8096,6.824
29/03/25,4.15,2.4511,5.3591
30/03/25,3.22,2.0627,4.039
31/03/25,3.7,2.7594,4.3641
01/04/25,3.78,2.6034,4.6218
02/04/25,4.86,3.2532,6.0124
03/04/25,4.57,2.9727,5.7125
04/04/25,3.86,2.557,5.1684
05/04/25,4.1,2.4884,5.2518
06/04/25,3.22,1.6122,4.3607
07/04/25,4.64,2.6433,6.0692
08/04/25,5.75,3.209,7.5726
09/04/25,6.54,4.2406,8.1889
10/04/25,3.3,1.7222,4.4264
11/04/25,2.37,1.492,2.9904
12/04/25,3.08,1.7154,4.0574
13/04/25,2.96,1.3368,4.1179
14/04/25,3.03,1.8937,3.8374
15/04/25,4.51,2.2957,6.0915
16/04/25,4.65,2.4818,6.2058
17/04/25,4.58,2.6487,5.9666
18/04/25,3.07,1.9925,3.8468
19/04/25,3.85,1.4363,5.5671
20/04/25,4.74,2.1927,6.5582
21/04/25,6.24,4.236,7.6729
22/04/25,7.48,4.2423,9.7931
23/04/25,6.48,3.0792,8.9137
24/04/25,6.06,3.8446,7.65
25/04/25,6.35,3.4638,8.4135
26/04/25,6.4,3.3928,8.5469
27/04/25,4.14,2.1475,5.5603
28/04/25,4.53,2.4566,6.0061
29/04/25,4.35,2.5214,5.6506
30/04/25,3.75,2.6137,4.5658
01/05/25,2.78,1.9733,3.3597
02/05/25,2.66,1.6142,3.4084
03/05/25,3.16,2.6569,3.5182
04/05/25,2.34,1.5798,2.879
05/05/25,2.62,2.2151,2.9126
06/05/25,2.63,2.1237,2.9933
07/05/25,3.13,2.4934,3.5797
08/05/25,3.1,2.2314,3.7284
09/05/25,4.44,2.9866,5.4708
10/05/25,4.57,3.0231,5.6686
11/05/25,3.87,2.1996,5.0643
12/05/25,4.79,2.9717,6.0877
13/05/25,4.81,3.3089,5.8796
14/05/25,5.39,3.5331,6.7087
15/05/25,5.81,3.4218,7.5135
16/05/25,4.57,2.7322,5.8798
17/05/25,3.25,2.5494,3.7534
18/05/25,2.58,1.4557,3.3778
19/05/25,4.21,2.602,5.3665
20/05/25,5.07,2.9866,6.5609
21/05/25,2.95,2.5677,3.2282
22/05/25,2.54,1.1289,3.549
23/05/25,3.6,2.3097,4.514
24/05/25,3.15,2.3683,3.7048
25/05/25,1.53,0.6056,2.198
26/05/25,3.08,1.8915,3.9277
27/05/25,3.35,2.2572,4.1236
28/05/25,3.53,2.3427,4.3844
29/05/25,3.1,2.5113,3.526
30/05/25,1.78,1.0008,2.3286
31/05/25,2.06,1.0217,2.8094
01/06/25,2.25,0.684,3.3646
02/06/25,2.97,1.8691,3.7511
03/06/25,3.41,1.8731,4.5025
04/06/25,3.13,1.8934,4.0112
05/06/25,4.58,2.5205,6.0498
06/06/25,5.73,3.32,7.4433
07/06/25,4.4,2.998,5.4095
08/06/25,3.88,2.1068,5.1501
09/06/25,4.61,3.0639,5.7129
10/06/25,4.8,3.0375,6.0589
11/06/25,5.35,3.2159,6.8706
12/06/25,6.35,3.2391,8.5781
13/06/25,6.6,3.3632,8.9123
14/06/25,5.73,4.2405,6.7869
15/06/25,3.79,2.1474,4.9622
16/06/25,2.82,2.2121,3.2514
17/06/25,2.5,1.3834,3.3059
18/06/25,2.33,1.161,3.1717
19/06/25,2.32,1.6836,2.7826
20/06/25,2.41,1.7443,2.8812
21/06/25,2.97,2.0554,3.6183
22/06/25,2.35,1.2279,3.1526
23/06/25,3.1,2.521,3.5099
24/06/25,2.84,1.8785,3.5259
25/06/25,4.3,2.7136,5.4332
26/06/25,4.35,2.7183,5.5174
27/06/25,4.3,2.6375,5.4895
28/06/25,3.39,2.0358,4.3617
29/06/25,2.28,1.4099,2.908
30/06/25,2.1,1.7391,2.3528
01/07/25,2.49,1.7861,2.9866
02/07/25,3.57,2.7427,4.1672
03/07/25,4.78,2.9682,6.0712
04/07/25,4.86,3.1107,6.1109
05/07/25,3.67,2.6215,4.4224
06/07/25,2.68,1.4707,3.5491
07/07/25,3.82,2.5919,4.6936
08/07/25,4.66,2.8329,5.9578
09/07/25,4.52,2.6626,5.8478
10/07/25,4.15,1.9731,5.7007
11/07/25,4.88,2.996,6.2267
12/07/25,4.86,2.945,6.2212
13/07/25,3.07,2.0171,3.8263
14/07/25,2.43,1.5832,3.0276
15/07/25,3.54,2.2798,4.4321
16/07/25,4.25,2.3659,5.5937
17/07/25,4.73,3.1386,5.8586
18/07/25,5.04,3.644,6.0411
19/07/25,5.34,3.8655,6.3928
20/07/25,3.96,3.0308,4.6286
21/07/25,5.05,3.4226,6.2094
22/07/25,4.74,2.4356,6.3925
23/07/25,3.79,1.989,5.0774
24/07/25,3.75,2.4672,4.6642
25/07/25,2.96,2.2976,3.4256
26/07/25,2.53,1.8049,3.0504
27/07/25,2.5,1.2136,3.4189
28/07/25,3.28,2.4201,3.8886
29/07/25,2.35,1.3951,3.0281
30/07/25,3.37,2.2666,4.1504
31/07/25,3.23,2.0446,4.0815
01/08/25,4.2,2.7891,5.2015
02/08/25,3.98,1.9967,5.3935
03/08/25,2.78,1.3465,3.8051
04/08/25,3.97,2.1597,5.2716
05/08/25,4.46,2.5324,5.845
06/08/25,4.73,2.6537,6.2124
07/08/25,4.69,2.8202,6.0323
08/08/25,4.51,2.5904,5.8876
09/08/25,2.74,1.2681,3.7926
10/08/25,2.24,1.1758,3.0083
11/08/25,3.18,2.4909,3.674
12/08/25,3.67,1.9351,4.9019
13/08/25,3.96,2.8752,4.7274
14/08/25,3.76,2.7098,4.503
15/08/25,2.58,1.1453,3.6086
16/08/25,3.72,2.6983,4.4571
17/08/25,2.88,1.7437,3.6994
18/08/25,2.87,1.8203,3.614
19/08/25,3.19,1.3504,4.5121
20/08/25,3.92,1.6968,5.5153
21/08/25,4.63,2.4531,6.1794
22/08/25,3.84,2.4731,4.8168
23/08/25,2.35,1.7972,2.7512
24/08/25,1.67,0.9277,2.2047
25/08/25,2.26,0.5078,3.5074
26/08/25,3.26,1.6733,4.3983
27/08/25,3.52,1.7468,4.7826
28/08/25,3.13,1.2032,4.5024
29/08/25,3.09,1.6797,4.0948
30/08/25,3.43,2.3805,4.1861
31/08/25,1.68,0.9668,2.187
01/09/25,1.41,0.5123,2.054
02/09/25,1.57,0.6286,2.237
03/09/25,2.57,1.2407,3.5136
04/09/25,2.5,1.4981,3.2122
05/09/25,3.12,2.0536,3.8743
06/09/25,2.78,1.4489,3.7372
07/09/25,2.21,0.9353,3.1198
08/09/25,4.26,2.3354,5.6371
09/09/25,5.32,2.7694,7.1457
10/09/25,4.54,2.5178,5.9901
11/09/25,3.91,1.9646,5.3077
12/09/25,4.34,2.5345,5.6301
13/09/25,4.44,2.6576,5.7165
14/09/25,2.69,1.5436,3.5172
15/09/25,3.29,2.1578,4.1059
16/09/25,3.64,2.5299,4.4373
17/09/25,3.75,2.4562,4.6816
18/09/25,4.22,2.6014,5.3725
19/09/25,4.38,2.8715,5.4539
20/09/25,3.42,2.4292,4.1359
21/09/25,2.76,1.8748,3.4008
22/09/25,3.66,2.4133,4.542
23/09/25,2.97,1.9539,3.692
24/09/25,3.08,2.4008,3.5615
25/09/25,3.78,2.5822,4.6407
26/09/25,3.27,2.4061,3.8893
27/09/25,2.57,1.6494,3.2206
28/09/25,2.35,1.3272,3.0822
29/09/25,3.38,1.9932,4.3726
30/09/25,3.2,2.6749,3.5775
01/10/25,2.03,1.3501,2.517
02/10/25,1.59,0.4765,2.3914
03/10/25,2.99,2.3666,3.4332
04/10/25,3.27,2.192,4.0454
05/10/25,1.87,0.5784,2.7874
06/10/25,1.77,1.2194,2.1669
07/10/25,1.9,1.144,2.4452
08/10/25,2.68,1.4887,3.5395
09/10/25,3.07,1.7318,4.0334
10/10/25,3.2,2.0297,4.0384
11/10/25,2.96,1.9974,3.6485
12/10/25,2.36,1.3556,3.079
13/10/25,3.4,2.4883,4.0512
14/10/25,3.63,2.8047,4.2208
15/10/25,3.53,2.6124,4.1883
16/10/25,3.7,2.9385,4.2413
17/10/25,3.8,3.0619,4.3326
18/10/25,3.73,2.8844,4.3333
19/10/25,2.95,2.162,3.5213
20/10/25,2.47,1.6869,3.031
21/10/25,2.17,1.8834,2.374
22/10/25,2.08,1.191,2.7073
23/10/25,2.74,2.1962,3.1367
24/10/25,3.45,3.1043,3.6925
25/10/25,3.35,2.8758,3.6903
26/10/25,2.43,1.9582,2.7704
27/10/25,2.18,1.9396,2.3596
28/10/25,1.81,1.7814,1.8334
29/10/25,1.69,0.9769,2.1998
30/10/25,2.46,1.8591,2.8958
31/10/25,3.19,2.2768,3.8412
01/11/25,3.83,2.9285,4.4759
02/11/25,2.58,1.4728,3.3657
03/11/25,2.43,1.7895,2.8833
04/11/25,2.49,1.6591,3.0751
05/11/25,2.48,1.7933,2.9731
06/11/25,2.58,2.0906,2.9242
07/11/25,2.92,2.2623,3.3907
08/11/25,2.81,2.1574,3.2723
09/11/25,2.25,1.4065,2.855
10/11/25,3.39,3.1157,3.5893
11/11/25,3.34,3.0538,3.5441
12/11/25,3.38,3.1061,3.5777
13/11/25,3.13,2.9999,3.2155
14/11/25,2.9,2.9665,2.8445
15/11/25,2.68,2.4776,2.8263
16/11/25,2.31,2.067,2.4895
17/11/25,2.78,2.881,2.7134
18/11/25,2.96,2.9497,2.9595
19/11/25,3.38,3.3233,3.4121
20/11/25,3.53,3.3669,3.6449
21/11/25,4,4.0932,3.9286
22/11/25,4.02,4.1484,3.9283
23/11/25,3.24,3.3744,3.1473
24/11/25,3.62,4.0635,3.3042
25/11/25,3.56,3.984,3.2581
26/11/25,3.91,4.3868,3.571
27/11/25,3.65,4.1735,3.282
28/11/25,3.69,4.5115,3.0961
29/11/25,3.43,4.1492,2.9083
30/11/25,2.82,3.0245,2.6799
01/12/25,3.67,3.9769,3.4571
02/12/25,4.52,4.6339,4.4458
03/12/25,4.32,4.6779,4.0715
04/12/25,4.35,4.5553,4.2068
05/12/25,3.81,3.9987,3.6702
06/12/25,3.62,3.8098,3.4758
07/12/25,2.8,2.9047,2.7315
08/12/25,3.24,3.3451,3.1729
09/12/25,3.31,3.2453,3.3537
10/12/25,3.45,3.478,3.4366
11/12/25,3.34,2.9066,3.6568
12/12/25,3.43,3.455,3.419
13/12/25,3.73,3.8956,3.6121
14/12/25,2.85,2.9327,2.7873
15/12/25,3.27,3.4481,3.144
16/12/25,3.46,3.8191,3.1986
17/12/25,3.9,3.8951,3.9045
18/12/25,4.13,3.774,4.3838
19/12/25,4.39,4.198,4.5264
20/12/25,5.1,4.7993,5.3094
21/12/25,4.13,4.2604,4.0322
22/12/25,4.78,5.0336,4.6059
23/12/25,5.02,5.5905,4.6048
24/12/25,4.78,4.8984,4.702
25/12/25,4.11,4.0947,4.1338
26/12/25,3.83,4.2106,3.5626
27/12/25,3.53,3.6393,3.4589
28/12/25,3.01,2.9809,3.0403
29/12/25,3.81,3.8062,3.8079
30/12/25,4.76,4.9693,4.6185
31/12/25,5.44,6.4036,4.7655
01/01/26,4.16,4.9296,3.6107
02/01/26,4.8,5.8365,4.0854
03/01/26,4.87,5.4554,4.4658
04/01/26,2.96,2.9213,2.9888
05/01/26,3.72,3.8785,3.5914
06/01/26,5.2,5.7821,4.8099
07/01/26,4.5,5.0252,4.2648
08/01/26,4.2,4.1955,4.1181
09/01/26,5,5.2884,4.7861
10/01/26,4.8,5.3755,4.3988
11/01/26,3.4,3.5203,3.2651
12/01/26,4.5,4.5876,4.4182
13/01/26,4.7,4.6005,4.8163
14/01/26,4,3.5563,4.235
15/01/26,3,2.401,3.4578
16/01/26,3.9,3.6104,4.0573
17/01/26,3.9,3.6385,4.0953
18/01/26,3.05,2.829,3.2022
19/01/26,3.77,3.39,4.0433
20/01/26,3.82,3.5673,3.9925
21/01/26,3.65,3.0589,4.0759
22/01/26,3.58,3.2718,3.7947
23/01/26,2.24,1.6319,2.6727
24/01/26,2.79,2.4156,3.0606
25/01/26,2.62,2.452,2.7378
26/01/26,3.03,2.7984,3.1929
27/01/26,2.92,2.8543,2.9744
28/01/26,2.91,2.5242,3.1786
29/01/26,2.91,2.3958,3.2789
30/01/26,3.09,2.873,3.2428
31/01/26,3.4,2.9465,3.7229
01/02/26,2.84,2.6209,2.9916
02/02/26,3.58,3.2614,3.8132
03/02/26,3.85,3.3844,4.1877
04/02/26,2.75,2.1302,3.1823
05/02/26,3.05,2.7113,3.2839
06/02/26,3.45,2.8783,3.8529
07/02/26,3.5,2.6312,4.104
08/02/26,2.8,2.0721,3.3112
09/02/26,3.06,2.7694,3.2618
10/02/26,3.76,3.0861,4.226
11/02/26,3.84,2.9619,4.4687
12/02/26,3.8,3.0075,4.3666
13/02/26,3.48,2.7429,3.9926
14/02/26,3.5,2.6448,4.1211
15/02/26,3.4,2.5935,3.9993
16/02/26,3.5,2.6306,4.1352
17/02/26,3.66,2.8658,4.2276
18/02/26,3.665,2.9123,4.2037
19/02/26,3.166,2.3472,3.7517
20/02/26,3.13,2.7162,3.4316
21/02/26,4.07,3.43,4.541
22/02/26,3.4,2.4083,4.0855
23/02/26,4.32,3.5447,4.8823
24/02/26,3.9,3.1358,4.4847
25/02/26,4.7,3.4527,5.5925
26/02/26,4.62,3.4092,5.498
27/02/26,3.67,2.9337,4.1904
28/02/26,4.03,3.0883,4.6971
01/03/26,3.12,2.2146,3.7679
02/03/26,3.55,2.6575,4.1972
03/03/26,3.48,2.301,4.3223
04/03/26,2.87,1.6679,3.731
05/03/26,2.72,2.1479,3.1286
06/03/26,3.91,2.5996,4.8506
07/03/26,4.83,2.8853,6.2262
08/03/26,3.95,2.2046,5.2086
09/03/26,4.12,2.8181,5.0621
10/03/26,4.44,2.6389,5.7268
11/03/26,5.2,3.1668,6.705
12/03/26,6.47,3.4094,8.6567
13/03/26,6.7,3.3086,9.1148
14/03/26,5.9313,2.5907,8.3175
15/03/26,2.7503,1.1958,3.8606
16/03/26,3.0457,2.0687,3.7435
17/03/26,3.5038,2.7311,4.0558
18/03/26,3.9415,3.5162,4.2453
19/03/26,3.2891,2.8347,3.6137
20/03/26,2.3949,1.3801,3.1198
21/03/26,2.4759,1.5589,3.131
22/03/26,1.9764,0.6492,2.9245
23/03/26,2.743,1.7362,3.4622
24/03/26,3.3583,2.2829,4.1265
25/03/26,3.6778,2.4784,4.5346
26/03/26,4.2234,2.3807,5.5284
27/03/26,3.0534,1.8754,3.8228
28/03/26,2.5989,1.6012,3.3115
29/03/26,2.844,1.1857,4.0285
30/03/26,4.9691,2.7247,6.5723
31/03/26,3.0986,2.1044,3.8088
01/04/26,3.7646,2.4537,4.701
02/04/26,5.0032,2.729,6.6277
03/04/26,4.6614,2.7599,6.0195
04/04/26,3.7951,1.9982,5.0785
05/04/26,2.0133,0.5654,3.0475
06/04/26,2.2514,1.4561,2.8195
07/04/26,2.3339,1.7275,2.7671
08/04/26,2.3266,1.2023,3.1297
09/04/26,2.9042,1.4963,3.9099
10/04/26,3.4208,1.0944,5.0825
11/04/26,4.3098,1.7277,6.1542
12/04/26,4.0606,1.1818,6.329
13/04/26,5.0423,1.9529,7.249
14/04/26,5.1864,1.8337,7.7531
15/04/26,5.2597,2.1584,8.0776
16/04/26,6.0171,2.8424,9.5649
17/04/26,6.8046,2.9292,9.5728
18/04/26,6.7303,2.738,9.5819
19/04/26,5.5439,1.582,8.0276
20/04/26,5.0055,2.3803,8.7543
